name,latitude,longitude,datetime,temp,precip,preciptype,snow,windgust,windspeed,winddir,windspeed_m/s,winddir_adj,,,,original,changed
14210,42.867,-78.831,2023-01-01T00:00:00,3.5,0,,0,22.3,13.2,250,3.666666667,70,,,winddir_adj,70,90
14210,42.867,-78.831,2023-01-01T01:00:00,3.5,0,,0,18.4,14.3,240,3.972222222,60,,,windspeed_m/s,3.666666667,0.61
14210,42.867,-78.831,2023-01-01T02:00:00,3.6,0,,0,22.3,17.2,234,4.777777778,54,,,temp,3.5,40
14210,42.867,-78.831,2023-01-01T03:00:00,3.6,0,,0,22.3,12.7,252,3.527777778,72,,,N,,161
14210,42.867,-78.831,2023-01-01T04:00:00,3.5,0,,0,22.3,15.5,249,4.305555556,69,,,time,,11
14210,42.867,-78.831,2023-01-01T05:00:00,3.5,0,,0,24.1,15.6,256,4.333333333,76,,,,,
14210,42.867,-78.831,2023-01-01T06:00:00,3.1,0,,0,24.1,19.5,239,5.416666667,59,,,,,
14210,42.867,-78.831,2023-01-01T07:00:00,3,0,,0,24.1,16.2,241,4.5,61,,,,,
14210,42.867,-78.831,2023-01-01T08:00:00,3,0,,0,24.1,15.6,237,4.333333333,57,,,,,
14210,42.867,-78.831,2023-01-01T09:00:00,2.9,0,,0,22.3,15.8,226,4.388888889,46,,,,,
14210,42.867,-78.831,2023-01-01T10:00:00,3,0,,0,20.5,16.8,219,4.666666667,39,,,,,
14210,42.867,-78.831,2023-01-01T11:00:00,3,0,,0,22.3,17.9,227,4.972222222,47,,,,,
14210,42.867,-78.831,2023-01-01T12:00:00,2.9,0,,0,22.3,11.1,176,3.083333333,4,,,,,
14210,42.867,-78.831,2023-01-01T13:00:00,3.5,0,,0,16.6,10.1,167,2.805555556,13,,,,,
14210,42.867,-78.831,2023-01-01T14:00:00,4.3,0,,0,13,11.3,201,3.138888889,21,,,,,
14210,42.867,-78.831,2023-01-01T15:00:00,4.9,0,,0,11.2,7.6,274,2.111111111,86,,,,,
14210,42.867,-78.831,2023-01-01T16:00:00,4.4,0.009,rain,0,11.2,0.8,323,0.222222222,37,,,,,
14210,42.867,-78.831,2023-01-01T17:00:00,4.3,0.247,rain,0,11.2,0,360,0,0,,,,,
14210,42.867,-78.831,2023-01-01T18:00:00,3.9,0,,0,13,8.6,198,2.388888889,18,,,,,
14210,42.867,-78.831,2023-01-01T19:00:00,3.9,0,,0,14.8,16.1,228,4.472222222,48,,,,,
14210,42.867,-78.831,2023-01-01T20:00:00,3.5,0,,0,14.8,17.8,224,4.944444444,44,,,,,
14210,42.867,-78.831,2023-01-01T21:00:00,3.1,0,,0,16.6,18,242,5,62,,,,,
14210,42.867,-78.831,2023-01-01T22:00:00,3,0,,0,20.5,17.1,201,4.75,21,,,,,
14210,42.867,-78.831,2023-01-01T23:00:00,3.1,0,,0,25.9,12.8,209,3.555555556,29,,,,,
14210,42.867,-78.831,2023-01-02T00:00:00,3.9,0,,0,24.1,9.9,228,2.75,48,,,,,
14210,42.867,-78.831,2023-01-02T01:00:00,4.3,0,,0,24.1,11.3,230,3.138888889,50,,,,,
14210,42.867,-78.831,2023-01-02T02:00:00,4.4,0,,0,24.1,13.2,237,3.666666667,57,,,,,
14210,42.867,-78.831,2023-01-02T03:00:00,4.4,0,,0,22.3,13.2,232,3.666666667,52,,,,,
14210,42.867,-78.831,2023-01-02T04:00:00,4.3,0,,0,22.3,12.4,229,3.444444444,49,,,,,
14210,42.867,-78.831,2023-01-02T05:00:00,4.4,0,,0,22.3,16,243,4.444444444,63,,,,,
14210,42.867,-78.831,2023-01-02T06:00:00,4,0,,0,22.3,11.6,247,3.222222222,67,,,,,
14210,42.867,-78.831,2023-01-02T07:00:00,3.9,0,,0,22.3,10.4,213,2.888888889,33,,,,,
14210,42.867,-78.831,2023-01-02T08:00:00,3.1,0,,0,22.3,8.9,213,2.472222222,33,,,,,
14210,42.867,-78.831,2023-01-02T09:00:00,3.5,0,,0,20.5,7.4,210,2.055555556,30,,,,,
14210,42.867,-78.831,2023-01-02T10:00:00,3.6,0,,0,24.1,7.3,221,2.027777778,41,,,,,
14210,42.867,-78.831,2023-01-02T11:00:00,4.1,0,,0,24.1,5.6,223,1.555555556,43,,,,,
14210,42.867,-78.831,2023-01-02T12:00:00,4.2,0,,0,24.1,1.6,332,0.444444444,28,,,,,
14210,42.867,-78.831,2023-01-02T13:00:00,4.7,0,,0,16.6,1.2,353,0.333333333,7,,,,,
14210,42.867,-78.831,2023-01-02T14:00:00,5.3,0,,0,13,7.5,215,2.083333333,35,,,,,
14210,42.867,-78.831,2023-01-02T15:00:00,5.8,0,,0,11.2,0.3,359,0.083333333,1,,,,,
14210,42.867,-78.831,2023-01-02T16:00:00,6,0,,0,9.4,2.2,3,0.611111111,3,,,,,
14210,42.867,-78.831,2023-01-02T17:00:00,5.2,0,,0,7.6,1.5,360,0.416666667,0,,,,,
14210,42.867,-78.831,2023-01-02T18:00:00,3.6,0,,0,9.4,10,20,2.777777778,20,,,,,
14210,42.867,-78.831,2023-01-02T19:00:00,3,0,,0,9.4,10.1,37,2.805555556,37,,,,,
14210,42.867,-78.831,2023-01-02T20:00:00,2.2,0,,0,9.4,10.9,59,3.027777778,59,,,,,
14210,42.867,-78.831,2023-01-02T21:00:00,2.8,0,,0,7.6,10.7,68,2.972222222,68,,,,,
14210,42.867,-78.831,2023-01-02T22:00:00,2.1,0,,0,9.4,10.7,53,2.972222222,53,,,,,
14210,42.867,-78.831,2023-01-02T23:00:00,2.6,0,,0,9.4,10.8,68,3,68,,,,,
14210,42.867,-78.831,2023-01-03T00:00:00,3.2,0,,0,9.4,9.9,69,2.75,69,,,,,
14210,42.867,-78.831,2023-01-03T01:00:00,2.9,0,,0,9.4,9.6,64,2.666666667,64,,,,,
14210,42.867,-78.831,2023-01-03T02:00:00,2.3,0,,0,11.2,11.1,63,3.083333333,63,,,,,
14210,42.867,-78.831,2023-01-03T03:00:00,2.1,0,,0,11.2,10.9,62,3.027777778,62,,,,,
14210,42.867,-78.831,2023-01-03T04:00:00,3.1,0,,0,13,9.5,77,2.638888889,77,,,,,
14210,42.867,-78.831,2023-01-03T05:00:00,3.3,0,,0,13,9.8,45,2.722222222,45,,,,,
14210,42.867,-78.831,2023-01-03T06:00:00,3.4,0,,0,13,10.1,36,2.805555556,36,,,,,
14210,42.867,-78.831,2023-01-03T07:00:00,3.5,0,,0,11.2,14.1,36,3.916666667,36,,,,,
14210,42.867,-78.831,2023-01-03T08:00:00,3.9,0.002,rain,0,13,10,54,2.777777778,54,,,,,
14210,42.867,-78.831,2023-01-03T09:00:00,4,0,,0,13,11.6,52,3.222222222,52,,,,,
14210,42.867,-78.831,2023-01-03T10:00:00,4.4,0.412,rain,0,22.3,12.2,44,3.388888889,44,,,,,
14210,42.867,-78.831,2023-01-03T11:00:00,4.4,0.673,rain,0,35.3,14.9,41,4.138888889,41,,,,,
14210,42.867,-78.831,2023-01-03T12:00:00,4.3,0,,0,38.9,13.6,23,3.777777778,23,,,,,
14210,42.867,-78.831,2023-01-03T13:00:00,4.3,0.738,rain,0,25.9,18.8,44,5.222222222,44,,,,,
14210,42.867,-78.831,2023-01-03T14:00:00,4,0.995,rain,0,46.1,19,52,5.277777778,52,,,,,
14210,42.867,-78.831,2023-01-03T15:00:00,4,0.891,rain,0,46.1,16,51,4.444444444,51,,,,,
14210,42.867,-78.831,2023-01-03T16:00:00,4.3,0.247,rain,0,27.7,16.7,52,4.638888889,52,,,,,
14210,42.867,-78.831,2023-01-03T17:00:00,4.3,0.42,rain,0,35.3,14.6,50,4.055555556,50,,,,,
14210,42.867,-78.831,2023-01-03T18:00:00,4.3,0.146,rain,0,22.3,13.4,23,3.722222222,23,,,,,
14210,42.867,-78.831,2023-01-03T19:00:00,3.8,0.333,rain,0,18.4,16.8,41,4.666666667,41,,,,,
14210,42.867,-78.831,2023-01-03T20:00:00,3.9,0.003,rain,0,14.8,14.8,41,4.111111111,41,,,,,
14210,42.867,-78.831,2023-01-03T21:00:00,3.9,0.337,rain,0,35.3,13,42,3.611111111,42,,,,,
14210,42.867,-78.831,2023-01-03T22:00:00,3.9,0.247,rain,0,14.8,9.3,30,2.583333333,30,,,,,
14210,42.867,-78.831,2023-01-03T23:00:00,3.8,0.249,rain,0,14.8,8.3,5,2.305555556,5,,,,,
14210,42.867,-78.831,2023-01-04T00:00:00,3.8,0.002,rain,0,13,9.7,24,2.694444444,24,,,,,
14210,42.867,-78.831,2023-01-04T01:00:00,3.4,2.099,rain,0,13,10.3,14,2.861111111,14,,,,,
14210,42.867,-78.831,2023-01-04T02:00:00,3.4,1.246,rain,0,9.4,10.5,68,2.916666667,68,,,,,
14210,42.867,-78.831,2023-01-04T03:00:00,3.3,0,,0,7.6,8.9,42,2.472222222,42,,,,,
14210,42.867,-78.831,2023-01-04T04:00:00,3,0,,0,7.6,8.4,46,2.333333333,46,,,,,
14210,42.867,-78.831,2023-01-04T05:00:00,3.3,0.25,rain,0,7.6,9.1,63,2.527777778,63,,,,,
14210,42.867,-78.831,2023-01-04T06:00:00,3.8,0.247,rain,0,7.6,5.5,76,1.527777778,76,,,,,
14210,42.867,-78.831,2023-01-04T07:00:00,3.8,0,,0,9.4,7.7,32,2.138888889,32,,,,,
14210,42.867,-78.831,2023-01-04T08:00:00,3.8,0,,0,9.4,11.2,37,3.111111111,37,,,,,
14210,42.867,-78.831,2023-01-04T09:00:00,3.8,0,,0,9.4,10.9,37,3.027777778,37,,,,,
14210,42.867,-78.831,2023-01-04T10:00:00,4.8,0,,0,11.2,8.3,50,2.305555556,50,,,,,
14210,42.867,-78.831,2023-01-04T11:00:00,5.4,0,,0,16.6,10.3,27,2.861111111,27,,,,,
14210,42.867,-78.831,2023-01-04T12:00:00,5.6,0,,0,18.4,15.8,38,4.388888889,38,,,,,
14210,42.867,-78.831,2023-01-04T13:00:00,5.6,0.215,rain,0,20.5,13.5,45,3.75,45,,,,,
14210,42.867,-78.831,2023-01-04T14:00:00,6.1,1.379,rain,0,33.5,13.2,53,3.666666667,53,,,,,
14210,42.867,-78.831,2023-01-04T15:00:00,6.1,1.631,rain,0,46.1,15.8,52,4.388888889,52,,,,,
14210,42.867,-78.831,2023-01-04T16:00:00,6,2.362,rain,0,27.7,21,54,5.833333333,54,,,,,
14210,42.867,-78.831,2023-01-04T17:00:00,5.5,1.973,rain,0,51.8,21.3,53,5.916666667,53,,,,,
14210,42.867,-78.831,2023-01-04T18:00:00,5.9,2.624,rain,0,41.3,26.8,78,7.444444444,78,,,,,
14210,42.867,-78.831,2023-01-04T19:00:00,6.4,2.74,rain,0,46.4,18.2,68,5.055555556,68,,,,,
14210,42.867,-78.831,2023-01-04T20:00:00,5.4,1.32,rain,0,59,7.3,351,2.027777778,9,,,,,
14210,42.867,-78.831,2023-01-04T21:00:00,5.3,0,,0,48.2,7,21,1.944444444,21,,,,,
14210,42.867,-78.831,2023-01-04T22:00:00,4.8,0.253,rain,0,35.3,9.6,234,2.666666667,54,,,,,
14210,42.867,-78.831,2023-01-04T23:00:00,3.9,0.415,rain,0,27.7,20.7,218,5.75,38,,,,,
14210,42.867,-78.831,2023-01-05T00:00:00,4.9,0,,0,48.1,25.8,220,7.166666667,40,,,,,
14210,42.867,-78.831,2023-01-05T01:00:00,4.4,0,,0,47.2,28.3,220,7.861111111,40,,,,,
14210,42.867,-78.831,2023-01-05T02:00:00,4,0,,0,57.3,33.7,230,9.361111111,50,,,,,
14210,42.867,-78.831,2023-01-05T03:00:00,3.4,0,,0,51.4,27.4,229,7.611111111,49,,,,,
14210,42.867,-78.831,2023-01-05T04:00:00,3.3,0,,0,53.1,29.2,230,8.111111111,50,,,,,
14210,42.867,-78.831,2023-01-05T05:00:00,2.9,0,,0,49.5,31,221,8.611111111,41,,,,,
14210,42.867,-78.831,2023-01-05T06:00:00,2.9,0,,0,51.4,30.7,221,8.527777778,41,,,,,
14210,42.867,-78.831,2023-01-05T07:00:00,3.3,0,,0,49.2,22,229,6.111111111,49,,,,,
14210,42.867,-78.831,2023-01-05T08:00:00,2.9,0,,0,42,26.8,220,7.444444444,40,,,,,
14210,42.867,-78.831,2023-01-05T09:00:00,3.4,0,,0,46,24.1,221,6.694444444,41,,,,,
14210,42.867,-78.831,2023-01-05T10:00:00,3.5,0,,0,42.5,21.2,221,5.888888889,41,,,,,
14210,42.867,-78.831,2023-01-05T11:00:00,3.9,0,,0,46.3,21.7,211,6.027777778,31,,,,,
14210,42.867,-78.831,2023-01-05T12:00:00,3.9,0,,0,44.3,17.1,230,4.75,50,,,,,
14210,42.867,-78.831,2023-01-05T13:00:00,4,0,,0,27.7,21.9,231,6.083333333,51,,,,,
14210,42.867,-78.831,2023-01-05T14:00:00,4,0,,0,24.1,18.9,228,5.25,48,,,,,
14210,42.867,-78.831,2023-01-05T15:00:00,4,0,,0,22.3,14.7,220,4.083333333,40,,,,,
14210,42.867,-78.831,2023-01-05T16:00:00,3.6,0,,0,16.6,11.5,199,3.194444444,19,,,,,
14210,42.867,-78.831,2023-01-05T17:00:00,3.5,0,,0,16.6,1.2,317,0.333333333,43,,,,,
14210,42.867,-78.831,2023-01-05T18:00:00,3.8,0,,0,14.8,1.2,325,0.333333333,35,,,,,
14210,42.867,-78.831,2023-01-05T19:00:00,3.2,0,,0,13,1.4,46,0.388888889,46,,,,,
14210,42.867,-78.831,2023-01-05T20:00:00,3.2,0,,0,11.2,8.9,125,2.472222222,55,,,,,
14210,42.867,-78.831,2023-01-05T21:00:00,3.2,0,,0,11.2,6.4,130,1.777777778,50,,,,,
14210,42.867,-78.831,2023-01-05T22:00:00,2.2,0,,0,11.2,7.2,150,2,30,,,,,
14210,42.867,-78.831,2023-01-05T23:00:00,3.2,0,,0,11.2,12.4,233,3.444444444,53,,,,,
14210,42.867,-78.831,2023-01-06T00:00:00,3.2,0,,0,13,7.1,275,1.972222222,85,,,,,
14210,42.867,-78.831,2023-01-06T01:00:00,3.3,0,,0,14.8,8.8,279,2.444444444,81,,,,,
14210,42.867,-78.831,2023-01-06T02:00:00,2.9,0,,0,18.4,0.3,346,0.083333333,14,,,,,
14210,42.867,-78.831,2023-01-06T03:00:00,2.3,0,,0,20.5,9.3,207,2.583333333,27,,,,,
14210,42.867,-78.831,2023-01-06T04:00:00,2.9,0,,0,24.1,17.5,219,4.861111111,39,,,,,
14210,42.867,-78.831,2023-01-06T05:00:00,1.9,0.412,"rain,snow",0,24.1,19.5,238,5.416666667,58,,,,,
14210,42.867,-78.831,2023-01-06T06:00:00,1.8,0,,0,29.5,19.5,238,5.416666667,58,,,,,
14210,42.867,-78.831,2023-01-06T07:00:00,1.7,0,,0,33.5,18,221,5,41,,,,,
14210,42.867,-78.831,2023-01-06T08:00:00,1.7,0,,0,35.3,16.7,240,4.638888889,60,,,,,
14210,42.867,-78.831,2023-01-06T09:00:00,1.3,0,,0,40.7,22.7,239,6.305555556,59,,,,,
14210,42.867,-78.831,2023-01-06T10:00:00,2.3,0,,0,35.3,22.7,238,6.305555556,58,,,,,
14210,42.867,-78.831,2023-01-06T11:00:00,2.3,0,,0,44.3,17.7,239,4.916666667,59,,,,,
14210,42.867,-78.831,2023-01-06T12:00:00,2.4,0,,0,46.4,23.1,242,6.416666667,62,,,,,
14210,42.867,-78.831,2023-01-06T13:00:00,2.4,0,rain,0.3,48.2,20.4,234,5.666666667,54,,,,,
14210,42.867,-78.831,2023-01-06T14:00:00,2.4,0,,0,40.3,21.5,236,5.972222222,56,,,,,
14210,42.867,-78.831,2023-01-06T15:00:00,2.3,0,,0,33.5,16.8,243,4.666666667,63,,,,,
14210,42.867,-78.831,2023-01-06T16:00:00,2.4,0,,0,40.7,16.2,243,4.5,63,,,,,
14210,42.867,-78.831,2023-01-06T17:00:00,1.9,0,,0,33.5,21,241,5.833333333,61,,,,,
14210,42.867,-78.831,2023-01-06T18:00:00,1.9,0,,0,33.5,19,230,5.277777778,50,,,,,
14210,42.867,-78.831,2023-01-06T19:00:00,1.8,0,,0,33.5,17.7,231,4.916666667,51,,,,,
14210,42.867,-78.831,2023-01-06T20:00:00,1.8,0,,0,29.5,15.9,230,4.416666667,50,,,,,
14210,42.867,-78.831,2023-01-06T21:00:00,1.8,0,,0,24.1,15.8,232,4.388888889,52,,,,,
14210,42.867,-78.831,2023-01-06T22:00:00,1.8,0,,0,20.5,12.4,231,3.444444444,51,,,,,
14210,42.867,-78.831,2023-01-06T23:00:00,1.8,0,,0,24.1,11,222,3.055555556,42,,,,,
14210,42.867,-78.831,2023-01-07T00:00:00,1.8,0,,0,24.1,11,232,3.055555556,52,,,,,
14210,42.867,-78.831,2023-01-07T01:00:00,1.8,0,"rain,snow",0.3,22.3,12.4,239,3.444444444,59,,,,,
14210,42.867,-78.831,2023-01-07T02:00:00,1.8,0.002,"rain,snow",0,14.8,12.7,251,3.527777778,71,,,,,
14210,42.867,-78.831,2023-01-07T03:00:00,1.8,0.003,"rain,snow",0,14.8,13,257,3.611111111,77,,,,,
14210,42.867,-78.831,2023-01-07T04:00:00,1.3,0.247,"rain,snow",0.1,14.8,19.9,260,5.527777778,80,,,,,
14210,42.867,-78.831,2023-01-07T05:00:00,1.3,0.002,"rain,snow",0,14.8,14.2,259,3.944444444,79,,,,,
14210,42.867,-78.831,2023-01-07T06:00:00,1.3,0,,0,13,12.8,259,3.555555556,79,,,,,
14210,42.867,-78.831,2023-01-07T07:00:00,1.7,0,"rain,snow",0.3,13,10,253,2.777777778,73,,,,,
14210,42.867,-78.831,2023-01-07T08:00:00,1.7,0,,0,14.8,10.9,254,3.027777778,74,,,,,
14210,42.867,-78.831,2023-01-07T09:00:00,1.8,0,,0,14.8,9.6,252,2.666666667,72,,,,,
14210,42.867,-78.831,2023-01-07T10:00:00,1.9,0,,0,14.8,14.3,262,3.972222222,82,,,,,
14210,42.867,-78.831,2023-01-07T11:00:00,2.3,0,,0,18.4,13.3,272,3.694444444,88,,,,,
14210,42.867,-78.831,2023-01-07T12:00:00,2.3,0,,0,18.4,15.1,282,4.194444444,78,,,,,
14210,42.867,-78.831,2023-01-07T13:00:00,2.2,0,,0,18.4,12.9,299,3.583333333,61,,,,,
14210,42.867,-78.831,2023-01-07T14:00:00,1.7,0,,0,20.5,13.5,318,3.75,42,,,,,
14210,42.867,-78.831,2023-01-07T15:00:00,0.8,0,,0,20.5,13.8,357,3.833333333,3,,,,,
14210,42.867,-78.831,2023-01-07T16:00:00,0.8,0,,0,18.4,12.1,339,3.361111111,21,,,,,
14210,42.867,-78.831,2023-01-07T17:00:00,0.7,0,,0,18.4,13.2,330,3.666666667,30,,,,,
14210,42.867,-78.831,2023-01-07T18:00:00,0.2,0,,0,35.3,10.7,329,2.972222222,31,,,,,
14210,42.867,-78.831,2023-01-07T19:00:00,0.1,0,,0,16.6,10.2,309,2.833333333,51,,,,,
14210,42.867,-78.831,2023-01-07T20:00:00,-0.7,0,,0,35.3,17.8,353,4.944444444,7,,,,,
14210,42.867,-78.831,2023-01-07T21:00:00,-1.3,0,,0,13,13.1,359,3.638888889,1,,,,,
14210,42.867,-78.831,2023-01-07T22:00:00,-2.2,0,,0,13,19,359,5.277777778,1,,,,,
14210,42.867,-78.831,2023-01-07T23:00:00,-2.3,0,,0,9.4,12.8,344,3.555555556,16,,,,,
14210,42.867,-78.831,2023-01-08T00:00:00,-3.2,0,,0,7.6,10.8,353,3,7,,,,,
14210,42.867,-78.831,2023-01-08T01:00:00,-3.2,0,,0,5.4,9,353,2.5,7,,,,,
14210,42.867,-78.831,2023-01-08T02:00:00,-3.2,0,,0,3.6,1.5,355,0.416666667,5,,,,,
14210,42.867,-78.831,2023-01-08T03:00:00,-2.8,0,,0,1.8,1.5,1,0.416666667,1,,,,,
14210,42.867,-78.831,2023-01-08T04:00:00,-3.2,0,,0,11.9,0.3,355,0.083333333,5,,,,,
14210,42.867,-78.831,2023-01-08T05:00:00,-3.2,0,,0,11.5,0.3,357,0.083333333,3,,,,,
14210,42.867,-78.831,2023-01-08T06:00:00,-2.7,0,,0,1.8,0.3,360,0.083333333,0,,,,,
14210,42.867,-78.831,2023-01-08T07:00:00,-2.7,0,,0,3.6,0.3,356,0.083333333,4,,,,,
14210,42.867,-78.831,2023-01-08T08:00:00,-2.7,0,,0,5.4,1.1,336,0.305555556,24,,,,,
14210,42.867,-78.831,2023-01-08T09:00:00,-2.2,0,,0,7.6,4.7,223,1.305555556,43,,,,,
14210,42.867,-78.831,2023-01-08T10:00:00,-2.1,0,,0,9.4,10.2,186,2.833333333,6,,,,,
14210,42.867,-78.831,2023-01-08T11:00:00,-1.6,0,,0,9.4,4.6,336,1.277777778,24,,,,,
14210,42.867,-78.831,2023-01-08T12:00:00,-1.2,0,,0,13,8.6,188,2.388888889,8,,,,,
14210,42.867,-78.831,2023-01-08T13:00:00,-1.1,0,,0,14.8,12.3,208,3.416666667,28,,,,,
14210,42.867,-78.831,2023-01-08T14:00:00,-1.1,0,,0,16.6,12.5,185,3.472222222,5,,,,,
14210,42.867,-78.831,2023-01-08T15:00:00,-1.1,0,,0,16.6,7.6,230,2.111111111,50,,,,,
14210,42.867,-78.831,2023-01-08T16:00:00,-1.1,0,,0,14.8,7.9,217,2.194444444,37,,,,,
14210,42.867,-78.831,2023-01-08T17:00:00,-1.1,0,,0,11.2,10.5,216,2.916666667,36,,,,,
14210,42.867,-78.831,2023-01-08T18:00:00,-1.1,0,,0,9.4,6.3,209,1.75,29,,,,,
14210,42.867,-78.831,2023-01-08T19:00:00,-1.1,0,,0,7.6,1.3,327,0.361111111,33,,,,,
14210,42.867,-78.831,2023-01-08T20:00:00,-0.8,0,,0,3.6,1.1,342,0.305555556,18,,,,,
14210,42.867,-78.831,2023-01-08T21:00:00,-1.2,0,,0,5.4,7.7,327,2.138888889,33,,,,,
14210,42.867,-78.831,2023-01-08T22:00:00,-1.2,0,,0,7.6,9.5,309,2.638888889,51,,,,,
14210,42.867,-78.831,2023-01-08T23:00:00,-1.6,0,,0,13,6.2,298,1.722222222,62,,,,,
14210,42.867,-78.831,2023-01-09T00:00:00,-1.6,0,,0,33.5,8.4,321,2.333333333,39,,,,,
14210,42.867,-78.831,2023-01-09T01:00:00,-1.6,0,,0,14.8,9.3,281,2.583333333,79,,,,,
14210,42.867,-78.831,2023-01-09T02:00:00,-1.6,0,,0,35.3,14.9,295,4.138888889,65,,,,,
14210,42.867,-78.831,2023-01-09T03:00:00,-1.6,0,,0,11.2,13.1,286,3.638888889,74,,,,,
14210,42.867,-78.831,2023-01-09T04:00:00,-1.6,0,,0,14.8,15,252,4.166666667,72,,,,,
14210,42.867,-78.831,2023-01-09T05:00:00,-1.6,0,,0,38.9,13.8,261,3.833333333,81,,,,,
14210,42.867,-78.831,2023-01-09T06:00:00,-2.1,0,,0,33.5,20.6,268,5.722222222,88,,,,,
14210,42.867,-78.831,2023-01-09T07:00:00,-2.1,0,,0,18.4,20.1,257,5.583333333,77,,,,,
14210,42.867,-78.831,2023-01-09T08:00:00,-1.6,0,,0,40.5,24.7,247,6.861111111,67,,,,,
14210,42.867,-78.831,2023-01-09T09:00:00,-1.2,0,,0,46.6,31.3,240,8.694444444,60,,,,,
14210,42.867,-78.831,2023-01-09T10:00:00,-1.1,0,,0,46.2,31.8,240,8.833333333,60,,,,,
14210,42.867,-78.831,2023-01-09T11:00:00,-1,0,,0,58,40.6,230,11.27777778,50,,,,,
14210,42.867,-78.831,2023-01-09T12:00:00,0.2,0,,0,59.1,40.5,231,11.25,51,,,,,
14210,42.867,-78.831,2023-01-09T13:00:00,0.8,0,,0,63.5,34.5,230,9.583333333,50,,,,,
14210,42.867,-78.831,2023-01-09T14:00:00,0.8,0,,0,64.1,43.6,231,12.11111111,51,,,,,
14210,42.867,-78.831,2023-01-09T15:00:00,0.7,0,,0,64.8,35.7,232,9.916666667,52,,,,,
14210,42.867,-78.831,2023-01-09T16:00:00,0.7,0,,0,60.6,34.8,238,9.666666667,58,,,,,
14210,42.867,-78.831,2023-01-09T17:00:00,0.2,0,,0,56.1,33.3,240,9.25,60,,,,,
14210,42.867,-78.831,2023-01-09T18:00:00,0.2,0,,0,51.6,27.9,232,7.75,52,,,,,
14210,42.867,-78.831,2023-01-09T19:00:00,0.7,0,,0,49,26.6,240,7.388888889,60,,,,,
14210,42.867,-78.831,2023-01-09T20:00:00,0.7,0,,0,49.4,22.1,241,6.138888889,61,,,,,
14210,42.867,-78.831,2023-01-09T21:00:00,1.1,0,,0,42.5,16.4,250,4.555555556,70,,,,,
14210,42.867,-78.831,2023-01-09T22:00:00,1.1,0,,0,38.9,23.5,250,6.527777778,70,,,,,
14210,42.867,-78.831,2023-01-09T23:00:00,1.2,0,,0,33.5,21.5,250,5.972222222,70,,,,,
14210,42.867,-78.831,2023-01-10T00:00:00,0.7,0,,0,35.3,17.8,259,4.944444444,79,,,,,
14210,42.867,-78.831,2023-01-10T01:00:00,0.7,0,,0,29.5,16.6,267,4.611111111,87,,,,,
14210,42.867,-78.831,2023-01-10T02:00:00,0.7,0,,0,29.5,20.3,260,5.638888889,80,,,,,
14210,42.867,-78.831,2023-01-10T03:00:00,0.7,0,,0,24.1,14.3,253,3.972222222,73,,,,,
14210,42.867,-78.831,2023-01-10T04:00:00,1.2,0,,0,20.5,12.7,253,3.527777778,73,,,,,
14210,42.867,-78.831,2023-01-10T05:00:00,1.2,0,,0,16.6,14,260,3.888888889,80,,,,,
14210,42.867,-78.831,2023-01-10T06:00:00,1.2,0,,0,16.6,10.7,269,2.972222222,89,,,,,
14210,42.867,-78.831,2023-01-10T07:00:00,1.1,0,,0,16.6,9.1,269,2.527777778,89,,,,,
14210,42.867,-78.831,2023-01-10T08:00:00,1.1,0,,0,13,7.5,308,2.083333333,52,,,,,
14210,42.867,-78.831,2023-01-10T09:00:00,1.1,0,,0,11.2,5.7,299,1.583333333,61,,,,,
14210,42.867,-78.831,2023-01-10T10:00:00,0.7,0,,0,11.2,10.4,41,2.888888889,41,,,,,
14210,42.867,-78.831,2023-01-10T11:00:00,0.1,0,,0,11.2,12.9,42,3.583333333,42,,,,,
14210,42.867,-78.831,2023-01-10T12:00:00,0.2,0,,0,11.2,15.1,59,4.194444444,59,,,,,
14210,42.867,-78.831,2023-01-10T13:00:00,-0.4,0,,0,11.2,13.3,55,3.694444444,55,,,,,
14210,42.867,-78.831,2023-01-10T14:00:00,-0.4,0,,0,31.3,16.6,60,4.611111111,60,,,,,
14210,42.867,-78.831,2023-01-10T15:00:00,-0.4,0,,0,14.8,15.1,61,4.194444444,61,,,,,
14210,42.867,-78.831,2023-01-10T16:00:00,-0.5,0,,0,16.6,15.1,62,4.194444444,62,,,,,
14210,42.867,-78.831,2023-01-10T17:00:00,-0.6,0,,0,16.6,14.5,61,4.027777778,61,,,,,
14210,42.867,-78.831,2023-01-10T18:00:00,-1,0,,0,18.4,14.7,53,4.083333333,53,,,,,
14210,42.867,-78.831,2023-01-10T19:00:00,-1.1,0,,0,18.4,13.5,60,3.75,60,,,,,
14210,42.867,-78.831,2023-01-10T20:00:00,-1.1,0,,0,14.8,13.5,71,3.75,71,,,,,
14210,42.867,-78.831,2023-01-10T21:00:00,-1.1,0,,0,14.8,13,47,3.611111111,47,,,,,
14210,42.867,-78.831,2023-01-10T22:00:00,-1.5,0,,0,13,13.5,55,3.75,55,,,,,
14210,42.867,-78.831,2023-01-10T23:00:00,-1.6,0,,0,13,17.3,62,4.805555556,62,,,,,
14210,42.867,-78.831,2023-01-11T00:00:00,-2,0,,0,13,18.1,73,5.027777778,73,,,,,
14210,42.867,-78.831,2023-01-11T01:00:00,-2,0,,0,14.8,16.2,80,4.5,80,,,,,
14210,42.867,-78.831,2023-01-11T02:00:00,-2.1,0,,0,20.5,17.2,63,4.777777778,63,,,,,
14210,42.867,-78.831,2023-01-11T03:00:00,-2.6,0,,0,31.3,17.1,72,4.75,72,,,,,
14210,42.867,-78.831,2023-01-11T04:00:00,-3.1,0,,0,22.3,14.7,74,4.083333333,74,,,,,
14210,42.867,-78.831,2023-01-11T05:00:00,-3.2,0,,0,24.1,17.6,73,4.888888889,73,,,,,
14210,42.867,-78.831,2023-01-11T06:00:00,-3.2,0,,0,24.1,15.4,81,4.277777778,81,,,,,
14210,42.867,-78.831,2023-01-11T07:00:00,-3.3,0,,0,24.1,20.1,73,5.583333333,73,,,,,
14210,42.867,-78.831,2023-01-11T08:00:00,-2.9,0,,0,33.5,16.6,65,4.611111111,65,,,,,
14210,42.867,-78.831,2023-01-11T09:00:00,-2.8,0,,0,20.5,20,73,5.555555556,73,,,,,
14210,42.867,-78.831,2023-01-11T10:00:00,-1.7,0,,0,20.5,16.2,66,4.5,66,,,,,
14210,42.867,-78.831,2023-01-11T11:00:00,-0.7,0,,0,18.4,14.8,74,4.111111111,74,,,,,
14210,42.867,-78.831,2023-01-11T12:00:00,0.5,0,,0,14.8,14.9,63,4.138888889,63,,,,,
14210,42.867,-78.831,2023-01-11T13:00:00,1.1,0,,0,14.8,13.1,46,3.638888889,46,,,,,
14210,42.867,-78.831,2023-01-11T14:00:00,1.6,0,,0,9.4,11.9,47,3.305555556,47,,,,,
14210,42.867,-78.831,2023-01-11T15:00:00,2,0,,0,9.4,9.5,47,2.638888889,47,,,,,
14210,42.867,-78.831,2023-01-11T16:00:00,2.1,0,,0,9.4,8.3,29,2.305555556,29,,,,,
14210,42.867,-78.831,2023-01-11T17:00:00,2.1,0,,0,11.2,13.9,45,3.861111111,45,,,,,
14210,42.867,-78.831,2023-01-11T18:00:00,1.7,0,,0,31.3,14.7,56,4.083333333,56,,,,,
14210,42.867,-78.831,2023-01-11T19:00:00,1.7,0,,0,16.6,11.6,73,3.222222222,73,,,,,
14210,42.867,-78.831,2023-01-11T20:00:00,1.6,0,,0,20.5,11.1,81,3.083333333,81,,,,,
14210,42.867,-78.831,2023-01-11T21:00:00,1,0,,0,22.3,14,93,3.888888889,87,,,,,
14210,42.867,-78.831,2023-01-11T22:00:00,1.8,0,,0,22.3,10.6,123,2.944444444,57,,,,,
14210,42.867,-78.831,2023-01-11T23:00:00,2.3,0,,0,20.5,10.9,140,3.027777778,40,,,,,
14210,42.867,-78.831,2023-01-12T00:00:00,2.3,0,,0,20.5,11.7,135,3.25,45,,,,,
14210,42.867,-78.831,2023-01-12T01:00:00,2.5,0,,0,18.4,11.7,134,3.25,46,,,,,
14210,42.867,-78.831,2023-01-12T02:00:00,2.6,0,,0,18.4,12.1,128,3.361111111,52,,,,,
14210,42.867,-78.831,2023-01-12T03:00:00,3.2,0,,0,18.4,12.2,129,3.388888889,51,,,,,
14210,42.867,-78.831,2023-01-12T04:00:00,3.6,0,,0,18.4,15.3,144,4.25,36,,,,,
14210,42.867,-78.831,2023-01-12T05:00:00,3.3,0.009,rain,0,20.5,11.5,140,3.194444444,40,,,,,
14210,42.867,-78.831,2023-01-12T06:00:00,3.4,0.255,rain,0,20.5,11.3,142,3.138888889,38,,,,,
14210,42.867,-78.831,2023-01-12T07:00:00,3.4,0,,0,24.1,10.8,130,3,50,,,,,
14210,42.867,-78.831,2023-01-12T08:00:00,3.8,0.003,rain,0,22.3,10.9,169,3.027777778,11,,,,,
14210,42.867,-78.831,2023-01-12T09:00:00,4.4,0,,0,20.5,8.7,170,2.416666667,10,,,,,
14210,42.867,-78.831,2023-01-12T10:00:00,5.6,0,,0,20.5,10.7,172,2.972222222,8,,,,,
14210,42.867,-78.831,2023-01-12T11:00:00,6.7,0,,0,22.3,12.5,181,3.472222222,1,,,,,
14210,42.867,-78.831,2023-01-12T12:00:00,7.2,0,,0,20.5,8.8,148,2.444444444,32,,,,,
14210,42.867,-78.831,2023-01-12T13:00:00,7.1,0,,0,16.6,10.3,144,2.861111111,36,,,,,
14210,42.867,-78.831,2023-01-12T14:00:00,6.8,0,,0,14.8,12.2,120,3.388888889,60,,,,,
14210,42.867,-78.831,2023-01-12T15:00:00,6.2,0,,0,14.8,6.2,45,1.722222222,45,,,,,
14210,42.867,-78.831,2023-01-12T16:00:00,5,2.281,rain,0,14.8,10.9,56,3.027777778,56,,,,,
14210,42.867,-78.831,2023-01-12T17:00:00,5.6,2.218,rain,0,18.4,13.8,37,3.833333333,37,,,,,
14210,42.867,-78.831,2023-01-12T18:00:00,5,0.568,rain,0,20.5,14,29,3.888888889,29,,,,,
14210,42.867,-78.831,2023-01-12T19:00:00,4.9,3.485,rain,0,18.4,13.9,20,3.861111111,20,,,,,
14210,42.867,-78.831,2023-01-12T20:00:00,4.3,1.635,rain,0,35.3,13.1,18,3.638888889,18,,,,,
14210,42.867,-78.831,2023-01-12T21:00:00,4.2,0.68,rain,0,35.3,13.7,16,3.805555556,16,,,,,
14210,42.867,-78.831,2023-01-12T22:00:00,4.2,0.269,rain,0,42.5,14.4,360,4,0,,,,,
14210,42.867,-78.831,2023-01-12T23:00:00,3.6,1.033,rain,0,38.6,22.3,345,6.194444444,15,,,,,
14210,42.867,-78.831,2023-01-13T00:00:00,2.2,0.606,rain,0,39.9,25.1,351,6.972222222,9,,,,,
14210,42.867,-78.831,2023-01-13T01:00:00,1.1,1.296,"rain,snow",0,35.3,18.9,360,5.25,0,,,,,
14210,42.867,-78.831,2023-01-13T02:00:00,1.1,0.613,"rain,snow",0,44.6,25,360,6.944444444,0,,,,,
14210,42.867,-78.831,2023-01-13T03:00:00,0.1,0.207,"rain,snow",0.5,50,28,351,7.777777778,9,,,,,
14210,42.867,-78.831,2023-01-13T04:00:00,0,0.286,"rain,snow",0.6,39.1,21.8,8,6.055555556,8,,,,,
14210,42.867,-78.831,2023-01-13T05:00:00,-0.7,0.434,"rain,snow",0.4,46.2,24.9,341,6.916666667,19,,,,,
14210,42.867,-78.831,2023-01-13T06:00:00,-1.1,0.141,"rain,snow",0.2,41.9,24.8,341,6.888888889,19,,,,,
14210,42.867,-78.831,2023-01-13T07:00:00,-1.1,0.286,"rain,snow",2.3,37.1,23,332,6.388888889,28,,,,,
14210,42.867,-78.831,2023-01-13T08:00:00,-1.6,0.013,snow,0.5,38.4,24.4,331,6.777777778,29,,,,,
14210,42.867,-78.831,2023-01-13T09:00:00,-1.6,0.014,snow,0.4,37,25,330,6.944444444,30,,,,,
14210,42.867,-78.831,2023-01-13T10:00:00,-1.6,0,snow,0.1,38.9,25.6,348,7.111111111,12,,,,,
14210,42.867,-78.831,2023-01-13T11:00:00,-1.7,0.002,snow,0,40.1,25,339,6.944444444,21,,,,,
14210,42.867,-78.831,2023-01-13T12:00:00,-1.8,0.002,snow,0,35,19.5,348,5.416666667,12,,,,,
14210,42.867,-78.831,2023-01-13T13:00:00,-2.2,0,snow,1.5,33.5,22.1,358,6.138888889,2,,,,,
14210,42.867,-78.831,2023-01-13T14:00:00,-2.7,0,snow,0,33.6,18.9,340,5.25,20,,,,,
14210,42.867,-78.831,2023-01-13T15:00:00,-2.7,0,snow,0,29.5,17,340,4.722222222,20,,,,,
14210,42.867,-78.831,2023-01-13T16:00:00,-2.8,0,snow,0,29.5,19.3,332,5.361111111,28,,,,,
14210,42.867,-78.831,2023-01-13T17:00:00,-3.2,0,snow,0,42.5,20.3,340,5.638888889,20,,,,,
14210,42.867,-78.831,2023-01-13T18:00:00,-3.2,0,snow,0,38.9,18.4,333,5.111111111,27,,,,,
14210,42.867,-78.831,2023-01-13T19:00:00,-3.2,0,snow,0.3,22.3,17.9,346,4.972222222,14,,,,,
14210,42.867,-78.831,2023-01-13T20:00:00,-3.3,0.118,snow,0.1,34.3,16.6,342,4.611111111,18,,,,,
14210,42.867,-78.831,2023-01-13T21:00:00,-3.8,0.168,snow,0,38.9,18.6,334,5.166666667,26,,,,,
14210,42.867,-78.831,2023-01-13T22:00:00,-3.8,0,snow,0,25.9,17.5,342,4.861111111,18,,,,,
14210,42.867,-78.831,2023-01-13T23:00:00,-3.9,0,snow,0,35.3,15.1,348,4.194444444,12,,,,,
14210,42.867,-78.831,2023-01-14T00:00:00,-4.3,0,snow,0,40.7,15,334,4.166666667,26,,,,,
14210,42.867,-78.831,2023-01-14T01:00:00,-4.4,0,snow,0.3,24.1,21.8,332,6.055555556,28,,,,,
14210,42.867,-78.831,2023-01-14T02:00:00,-5.1,0,snow,0,38.9,18.6,341,5.166666667,19,,,,,
14210,42.867,-78.831,2023-01-14T03:00:00,-5.7,0,snow,0,35.3,21.6,326,6,34,,,,,
14210,42.867,-78.831,2023-01-14T04:00:00,-6.2,0,snow,0,24.1,21.1,340,5.861111111,20,,,,,
14210,42.867,-78.831,2023-01-14T05:00:00,-6.6,0,snow,0,22.3,15.7,331,4.361111111,29,,,,,
14210,42.867,-78.831,2023-01-14T06:00:00,-6.6,0,snow,0,22.3,13.1,329,3.638888889,31,,,,,
14210,42.867,-78.831,2023-01-14T07:00:00,-6.6,0,snow,0,20.5,14.8,330,4.111111111,30,,,,,
14210,42.867,-78.831,2023-01-14T08:00:00,-6.7,0,snow,0,20.5,13.6,321,3.777777778,39,,,,,
14210,42.867,-78.831,2023-01-14T09:00:00,-6.6,0,snow,0,20.5,14.7,322,4.083333333,38,,,,,
14210,42.867,-78.831,2023-01-14T10:00:00,-6.6,0,snow,0,20.5,14.3,313,3.972222222,47,,,,,
14210,42.867,-78.831,2023-01-14T11:00:00,-6.1,0,snow,0,24.1,9.9,317,2.75,43,,,,,
14210,42.867,-78.831,2023-01-14T12:00:00,-5.6,0,snow,0,24.1,13.2,319,3.666666667,41,,,,,
14210,42.867,-78.831,2023-01-14T13:00:00,-5.6,0,snow,0,22.3,16,300,4.444444444,60,,,,,
14210,42.867,-78.831,2023-01-14T14:00:00,-5.5,0,snow,0,14.8,14.5,309,4.027777778,51,,,,,
14210,42.867,-78.831,2023-01-14T15:00:00,-4.9,0,snow,0,14.8,14.6,306,4.055555556,54,,,,,
14210,42.867,-78.831,2023-01-14T16:00:00,-4.7,0,snow,0,13,17.5,307,4.861111111,53,,,,,
14210,42.867,-78.831,2023-01-14T17:00:00,-4.9,0,snow,0,14.8,9.8,283,2.722222222,77,,,,,
14210,42.867,-78.831,2023-01-14T18:00:00,-5.7,0,snow,0,13,12.8,262,3.555555556,82,,,,,
14210,42.867,-78.831,2023-01-14T19:00:00,-5.9,0,snow,0,9.4,10.9,263,3.027777778,83,,,,,
14210,42.867,-78.831,2023-01-14T20:00:00,-5.8,0,snow,0,11.2,7.4,264,2.055555556,84,,,,,
14210,42.867,-78.831,2023-01-14T21:00:00,-5.4,0,snow,0,11.2,5,296,1.388888889,64,,,,,
14210,42.867,-78.831,2023-01-14T22:00:00,-6.1,0,snow,0,9.4,8.1,296,2.25,64,,,,,
14210,42.867,-78.831,2023-01-14T23:00:00,-6.7,0,snow,0,7.6,4.9,311,1.361111111,49,,,,,
14210,42.867,-78.831,2023-01-15T00:00:00,-7,0,snow,0,3.6,4.8,314,1.333333333,46,,,,,
14210,42.867,-78.831,2023-01-15T01:00:00,-7.6,0,snow,0,1.8,4.7,304,1.305555556,56,,,,,
14210,42.867,-78.831,2023-01-15T02:00:00,-7.3,0,snow,0,5.4,0.1,10,0.027777778,10,,,,,
14210,42.867,-78.831,2023-01-15T03:00:00,-7.4,0,snow,0,5.4,0.1,352,0.027777778,8,,,,,
14210,42.867,-78.831,2023-01-15T04:00:00,-7,0,snow,0,5.4,0.3,350,0.083333333,10,,,,,
14210,42.867,-78.831,2023-01-15T05:00:00,-6.4,0,snow,0,5.4,0.1,2,0.027777778,2,,,,,
14210,42.867,-78.831,2023-01-15T06:00:00,-6,0,snow,0,5.4,0.3,350,0.083333333,10,,,,,
14210,42.867,-78.831,2023-01-15T07:00:00,-5.4,0,snow,0,5.4,7.1,282,1.972222222,78,,,,,
14210,42.867,-78.831,2023-01-15T08:00:00,-5.4,0,snow,0,5.4,0.3,350,0.083333333,10,,,,,
14210,42.867,-78.831,2023-01-15T09:00:00,-4.7,0,snow,0,5.4,0.3,350,0.083333333,10,,,,,
14210,42.867,-78.831,2023-01-15T10:00:00,-3.9,0,snow,0,5.4,0.2,10,0.055555556,10,,,,,
14210,42.867,-78.831,2023-01-15T11:00:00,-3.8,0,snow,0,5.4,5.7,320,1.583333333,40,,,,,
14210,42.867,-78.831,2023-01-15T12:00:00,-3.6,0,snow,0,5.4,0.2,358,0.055555556,2,,,,,
14210,42.867,-78.831,2023-01-15T13:00:00,-2.3,0.017,snow,0,5.4,0.3,10,0.083333333,10,,,,,
14210,42.867,-78.831,2023-01-15T14:00:00,-2,0,snow,0,5.4,0.8,22,0.222222222,22,,,,,
14210,42.867,-78.831,2023-01-15T15:00:00,-1.6,0,snow,0,5.4,0,360,0,0,,,,,
14210,42.867,-78.831,2023-01-15T16:00:00,-1.7,0,snow,0,5.4,5.3,83,1.472222222,83,,,,,
14210,42.867,-78.831,2023-01-15T17:00:00,-2.2,0,snow,0,5.4,5.5,56,1.527777778,56,,,,,
14210,42.867,-78.831,2023-01-15T18:00:00,-4,0,snow,0,5.4,8.6,44,2.388888889,44,,,,,
14210,42.867,-78.831,2023-01-15T19:00:00,-4.6,0,snow,0,5.4,7.3,28,2.027777778,28,,,,,
14210,42.867,-78.831,2023-01-15T20:00:00,-4.6,0,snow,0,5.4,7.7,35,2.138888889,35,,,,,
14210,42.867,-78.831,2023-01-15T21:00:00,-5.7,0,snow,0,5.4,12.1,63,3.361111111,63,,,,,
14210,42.867,-78.831,2023-01-15T22:00:00,-6.2,0,snow,0,7.6,7.5,55,2.083333333,55,,,,,
14210,42.867,-78.831,2023-01-15T23:00:00,-6.3,0,snow,0,7.6,12.6,76,3.5,76,,,,,
14210,42.867,-78.831,2023-01-16T00:00:00,-7.5,0,snow,0,7.6,0.6,8,0.166666667,8,,,,,
14210,42.867,-78.831,2023-01-16T01:00:00,-6.9,0,snow,0,5.4,10.5,88,2.916666667,88,,,,,
14210,42.867,-78.831,2023-01-16T02:00:00,-6.9,0,snow,0,9.4,12.5,65,3.472222222,65,,,,,
14210,42.867,-78.831,2023-01-16T03:00:00,-7.2,0,snow,0,7.6,6.6,343,1.833333333,17,,,,,
14210,42.867,-78.831,2023-01-16T04:00:00,-8,0,snow,0,7.6,5,356,1.388888889,4,,,,,
14210,42.867,-78.831,2023-01-16T05:00:00,-8.1,0,snow,0,7.6,0.7,17,0.194444444,17,,,,,
14210,42.867,-78.831,2023-01-16T06:00:00,-8,0,snow,0,9.4,8,84,2.222222222,84,,,,,
14210,42.867,-78.831,2023-01-16T07:00:00,-7.9,0,snow,0,9.4,6.4,74,1.777777778,74,,,,,
14210,42.867,-78.831,2023-01-16T08:00:00,-7.5,0,snow,0,9.4,5.8,17,1.611111111,17,,,,,
14210,42.867,-78.831,2023-01-16T09:00:00,-6.5,0,snow,0,9.4,11.3,44,3.138888889,44,,,,,
14210,42.867,-78.831,2023-01-16T10:00:00,-5,0,snow,0,9.4,10.6,56,2.944444444,56,,,,,
14210,42.867,-78.831,2023-01-16T11:00:00,-3.4,0,snow,0,9.4,7.1,68,1.972222222,68,,,,,
14210,42.867,-78.831,2023-01-16T12:00:00,-1.5,0,snow,0,9.4,1.5,25,0.416666667,25,,,,,
14210,42.867,-78.831,2023-01-16T13:00:00,0.4,0,snow,0,9.4,10.6,96,2.944444444,84,,,,,
14210,42.867,-78.831,2023-01-16T14:00:00,2.9,0,snow,0,7.6,1.1,357,0.305555556,3,,,,,
14210,42.867,-78.831,2023-01-16T15:00:00,3.9,0,snow,0,7.6,6.7,38,1.861111111,38,,,,,
14210,42.867,-78.831,2023-01-16T16:00:00,3,0,snow,0,5.4,10.6,48,2.944444444,48,,,,,
14210,42.867,-78.831,2023-01-16T17:00:00,1.8,0,snow,0,7.6,7.7,17,2.138888889,17,,,,,
14210,42.867,-78.831,2023-01-16T18:00:00,-0.3,0,snow,0,7.6,10.4,43,2.888888889,43,,,,,
14210,42.867,-78.831,2023-01-16T19:00:00,-1,0,snow,0,7.6,7.9,55,2.194444444,55,,,,,
14210,42.867,-78.831,2023-01-16T20:00:00,-1.2,0,snow,0,7.6,5.5,69,1.527777778,69,,,,,
14210,42.867,-78.831,2023-01-16T21:00:00,-1.1,0,snow,0,9.4,11.1,107,3.083333333,73,,,,,
14210,42.867,-78.831,2023-01-16T22:00:00,-0.5,0,snow,0,9.4,13.1,108,3.638888889,72,,,,,
14210,42.867,-78.831,2023-01-16T23:00:00,-0.5,0,snow,0,11.2,11.6,115,3.222222222,65,,,,,
14210,42.867,-78.831,2023-01-17T00:00:00,0.4,0,snow,0,11.2,10.3,107,2.861111111,73,,,,,
14210,42.867,-78.831,2023-01-17T01:00:00,1.4,0,snow,0,11.2,13.9,124,3.861111111,56,,,,,
14210,42.867,-78.831,2023-01-17T02:00:00,2.5,0,rain,0,13,13.4,116,3.722222222,64,,,,,
14210,42.867,-78.831,2023-01-17T03:00:00,2.6,0,rain,0,13,8.9,153,2.472222222,27,,,,,
14210,42.867,-78.831,2023-01-17T04:00:00,2.6,0.018,rain,0,14.8,6.5,194,1.805555556,14,,,,,
14210,42.867,-78.831,2023-01-17T05:00:00,2.2,0.041,rain,0,13,10.5,203,2.916666667,23,,,,,
14210,42.867,-78.831,2023-01-17T06:00:00,2.7,0.419,rain,0,14.8,10.6,173,2.944444444,7,,,,,
14210,42.867,-78.831,2023-01-17T07:00:00,2.3,0,rain,0,18.4,10.7,131,2.972222222,49,,,,,
14210,42.867,-78.831,2023-01-17T08:00:00,2.3,0.002,rain,0,18.4,10.6,138,2.944444444,42,,,,,
14210,42.867,-78.831,2023-01-17T09:00:00,2.3,0,rain,0,20.5,6.7,147,1.861111111,33,,,,,
14210,42.867,-78.831,2023-01-17T10:00:00,3,0.006,rain,0,20.5,9.6,172,2.666666667,8,,,,,
14210,42.867,-78.831,2023-01-17T11:00:00,3.4,0.012,rain,0,20.5,9.9,181,2.75,1,,,,,
14210,42.867,-78.831,2023-01-17T12:00:00,4.3,0.425,rain,0,22.3,12.1,172,3.361111111,8,,,,,
14210,42.867,-78.831,2023-01-17T13:00:00,4.9,0,rain,0,22.3,9.5,173,2.638888889,7,,,,,
14210,42.867,-78.831,2023-01-17T14:00:00,6,0,rain,0,16.6,9,194,2.5,14,,,,,
14210,42.867,-78.831,2023-01-17T15:00:00,7.5,0,rain,0,18.4,8.1,200,2.25,20,,,,,
14210,42.867,-78.831,2023-01-17T16:00:00,6.9,0,rain,0,20.5,11,200,3.055555556,20,,,,,
14210,42.867,-78.831,2023-01-17T17:00:00,6.8,0,rain,0,24.1,6.6,209,1.833333333,29,,,,,
14210,42.867,-78.831,2023-01-17T18:00:00,7.5,0,rain,0,29.5,11,219,3.055555556,39,,,,,
14210,42.867,-78.831,2023-01-17T19:00:00,6.1,0,rain,0,37.1,18.9,220,5.25,40,,,,,
14210,42.867,-78.831,2023-01-17T20:00:00,5.5,0.007,rain,0,37.1,20.8,225,5.777777778,45,,,,,
14210,42.867,-78.831,2023-01-17T21:00:00,4.3,0.006,rain,0,46.4,24.9,218,6.916666667,38,,,,,
14210,42.867,-78.831,2023-01-17T22:00:00,3.9,0,rain,0,49.1,25.7,227,7.138888889,47,,,,,
14210,42.867,-78.831,2023-01-17T23:00:00,3.9,0.006,rain,0,53.6,31.1,230,8.638888889,50,,,,,
14210,42.867,-78.831,2023-01-18T00:00:00,3.4,0.202,rain,0,53.6,33,238,9.166666667,58,,,,,
14210,42.867,-78.831,2023-01-18T01:00:00,3.4,0.333,rain,0,52.7,26.7,238,7.416666667,58,,,,,
14210,42.867,-78.831,2023-01-18T02:00:00,3,0.833,rain,0,51.8,32.4,239,9,59,,,,,
14210,42.867,-78.831,2023-01-18T03:00:00,2.9,0.659,rain,0,54.3,31.3,238,8.694444444,58,,,,,
14210,42.867,-78.831,2023-01-18T04:00:00,2.9,0.431,rain,0,57.6,26.6,238,7.388888889,58,,,,,
14210,42.867,-78.831,2023-01-18T05:00:00,3,0.02,rain,0,48.2,29.5,238,8.194444444,58,,,,,
14210,42.867,-78.831,2023-01-18T06:00:00,3,0,,0,48.2,32.5,239,9.027777778,59,,,,,
14210,42.867,-78.831,2023-01-18T07:00:00,3,0.247,rain,0,40.7,25.8,240,7.166666667,60,,,,,
14210,42.867,-78.831,2023-01-18T08:00:00,3,0.002,rain,0,40.7,27.7,243,7.694444444,63,,,,,
14210,42.867,-78.831,2023-01-18T09:00:00,3,0.247,rain,0,37.1,19.4,231,5.388888889,51,,,,,
14210,42.867,-78.831,2023-01-18T10:00:00,3.1,0,,0,44.3,25.9,242,7.194444444,62,,,,,
14210,42.867,-78.831,2023-01-18T11:00:00,3.5,0,,0,36.7,19.5,243,5.416666667,63,,,,,
14210,42.867,-78.831,2023-01-18T12:00:00,3.2,0,,0,38.9,21.6,244,6,64,,,,,
14210,42.867,-78.831,2023-01-18T13:00:00,3.2,0,,0,38.9,18.6,237,5.166666667,57,,,,,
14210,42.867,-78.831,2023-01-18T14:00:00,3.2,0,,0,40.7,24.3,244,6.75,64,,,,,
14210,42.867,-78.831,2023-01-18T15:00:00,3.5,0,,0,33.5,16.2,251,4.5,71,,,,,
14210,42.867,-78.831,2023-01-18T16:00:00,3.1,0,,0,33.5,14.8,236,4.111111111,56,,,,,
14210,42.867,-78.831,2023-01-18T17:00:00,3.1,0,,0,29.5,13.5,232,3.75,52,,,,,
14210,42.867,-78.831,2023-01-18T18:00:00,3.1,0,,0,25.9,11.5,253,3.194444444,73,,,,,
14210,42.867,-78.831,2023-01-18T19:00:00,3.5,0,,0,22.3,11.1,250,3.083333333,70,,,,,
14210,42.867,-78.831,2023-01-18T20:00:00,3.4,0,,0,22.3,12,279,3.333333333,81,,,,,
14210,42.867,-78.831,2023-01-18T21:00:00,3,0,,0,20.5,9.2,214,2.555555556,34,,,,,
14210,42.867,-78.831,2023-01-18T22:00:00,2,0,,0,16.6,7.9,218,2.194444444,38,,,,,
14210,42.867,-78.831,2023-01-18T23:00:00,2.3,0,,0,9.4,9.3,218,2.583333333,38,,,,,
14210,42.867,-78.831,2023-01-19T00:00:00,2.3,0,,0,5.4,0.2,3,0.055555556,3,,,,,
14210,42.867,-78.831,2023-01-19T01:00:00,2.3,0,,0,3.6,6,139,1.666666667,41,,,,,
14210,42.867,-78.831,2023-01-19T02:00:00,2.3,0,,0,7.6,6.1,124,1.694444444,56,,,,,
14210,42.867,-78.831,2023-01-19T03:00:00,2.3,0,,0,9.4,7.5,77,2.083333333,77,,,,,
14210,42.867,-78.831,2023-01-19T04:00:00,2.3,0,,0,11.2,10.9,84,3.027777778,84,,,,,
14210,42.867,-78.831,2023-01-19T05:00:00,2.3,0,,0,13,13.8,81,3.833333333,81,,,,,
14210,42.867,-78.831,2023-01-19T06:00:00,2.3,0,,0,33.5,18.1,72,5.027777778,72,,,,,
14210,42.867,-78.831,2023-01-19T07:00:00,2.2,0,,0,25.9,23.3,73,6.472222222,73,,,,,
14210,42.867,-78.831,2023-01-19T08:00:00,2.2,0.152,rain,0,38.4,23,85,6.388888889,85,,,,,
14210,42.867,-78.831,2023-01-19T09:00:00,2.3,3.263,rain,0,36,22.2,82,6.166666667,82,,,,,
14210,42.867,-78.831,2023-01-19T10:00:00,2.8,1.2,rain,0,38,20.7,91,5.75,89,,,,,
14210,42.867,-78.831,2023-01-19T11:00:00,3.3,0.867,rain,0,33.6,22.7,72,6.305555556,72,,,,,
14210,42.867,-78.831,2023-01-19T12:00:00,3.3,0.011,rain,0,42.1,22.5,81,6.25,81,,,,,
14210,42.867,-78.831,2023-01-19T13:00:00,3.3,1.236,rain,0,40.7,18.1,91,5.027777778,89,,,,,
14210,42.867,-78.831,2023-01-19T14:00:00,4.2,0.06,rain,0,35.6,22.1,116,6.138888889,64,,,,,
14210,42.867,-78.831,2023-01-19T15:00:00,4.3,0.013,rain,0,31.3,17.6,118,4.888888889,62,,,,,
14210,42.867,-78.831,2023-01-19T16:00:00,4.9,0,,0,40.7,11,129,3.055555556,51,,,,,
14210,42.867,-78.831,2023-01-19T17:00:00,5.5,0.003,rain,0,40.7,11.3,119,3.138888889,61,,,,,
14210,42.867,-78.831,2023-01-19T18:00:00,6.8,0,,0,29.5,12.6,207,3.5,27,,,,,
14210,42.867,-78.831,2023-01-19T19:00:00,6.5,0,,0,31.3,12.9,200,3.583333333,20,,,,,
14210,42.867,-78.831,2023-01-19T20:00:00,6.5,0,,0,24.1,15.6,223,4.333333333,43,,,,,
14210,42.867,-78.831,2023-01-19T21:00:00,6.1,0,,0,14.8,8.9,238,2.472222222,58,,,,,
14210,42.867,-78.831,2023-01-19T22:00:00,6,0,,0,11.2,0.9,328,0.25,32,,,,,
14210,42.867,-78.831,2023-01-19T23:00:00,5.6,0,,0,20.5,7.8,212,2.166666667,32,,,,,
14210,42.867,-78.831,2023-01-20T00:00:00,5.1,0.426,rain,0,33.5,13,230,3.611111111,50,,,,,
14210,42.867,-78.831,2023-01-20T01:00:00,3.9,1.995,rain,0,53.6,34.1,236,9.472222222,56,,,,,
14210,42.867,-78.831,2023-01-20T02:00:00,2.9,1.26,rain,0,55.1,33.9,231,9.416666667,51,,,,,
14210,42.867,-78.831,2023-01-20T03:00:00,2.2,0.682,rain,0,63,34.8,232,9.666666667,52,,,,,
14210,42.867,-78.831,2023-01-20T04:00:00,0.7,1.188,"rain,snow",0,58.8,28.7,239,7.972222222,59,,,,,
14210,42.867,-78.831,2023-01-20T05:00:00,1.6,0.695,"rain,snow",0.1,50,26.9,238,7.472222222,58,,,,,
14210,42.867,-78.831,2023-01-20T06:00:00,1.2,0.436,"rain,snow",0,53.3,27.1,238,7.527777778,58,,,,,
14210,42.867,-78.831,2023-01-20T07:00:00,1.8,0.659,"rain,snow",0.1,48.2,23,232,6.388888889,52,,,,,
14210,42.867,-78.831,2023-01-20T08:00:00,2.3,0,,0,40.7,23.1,242,6.416666667,62,,,,,
14210,42.867,-78.831,2023-01-20T09:00:00,2.4,0.42,rain,0,40.7,27.9,243,7.75,63,,,,,
14210,42.867,-78.831,2023-01-20T10:00:00,2.4,0,,0,37.1,24,244,6.666666667,64,,,,,
14210,42.867,-78.831,2023-01-20T11:00:00,3,0,,0,37.5,21,249,5.833333333,69,,,,,
14210,42.867,-78.831,2023-01-20T12:00:00,2.8,0.247,rain,0,33.5,17.2,267,4.777777778,87,,,,,
14210,42.867,-78.831,2023-01-20T13:00:00,2.4,0.247,rain,0.3,42.5,15.5,295,4.305555556,65,,,,,
14210,42.867,-78.831,2023-01-20T14:00:00,3,0,,0,37.5,25.7,256,7.138888889,76,,,,,
14210,42.867,-78.831,2023-01-20T15:00:00,2.9,0,,0,40.6,26.1,267,7.25,87,,,,,
14210,42.867,-78.831,2023-01-20T16:00:00,2.3,0,,0,37.1,20.9,283,5.805555556,77,,,,,
14210,42.867,-78.831,2023-01-20T17:00:00,1.8,0,,0,33.8,25.6,290,7.111111111,70,,,,,
14210,42.867,-78.831,2023-01-20T18:00:00,1.2,0,,0,35.7,22,308,6.111111111,52,,,,,
14210,42.867,-78.831,2023-01-20T19:00:00,1.2,0,,0,37.8,23.3,312,6.472222222,48,,,,,
14210,42.867,-78.831,2023-01-20T20:00:00,0.7,0,,0,38.9,19,309,5.277777778,51,,,,,
14210,42.867,-78.831,2023-01-20T21:00:00,0.1,0,,0,35.3,18.2,295,5.055555556,65,,,,,
14210,42.867,-78.831,2023-01-20T22:00:00,-0.4,0,,0,22.3,13.3,301,3.694444444,59,,,,,
14210,42.867,-78.831,2023-01-20T23:00:00,0.1,0,,0,33.5,13.5,300,3.75,60,,,,,
14210,42.867,-78.831,2023-01-21T00:00:00,-0.6,0,,0,35.3,19.5,301,5.416666667,59,,,,,
14210,42.867,-78.831,2023-01-21T01:00:00,-0.5,0,"rain,snow",1.5,22.3,16.5,301,4.583333333,59,,,,,
14210,42.867,-78.831,2023-01-21T02:00:00,-0.6,0,,0,20.5,13.4,301,3.722222222,59,,,,,
14210,42.867,-78.831,2023-01-21T03:00:00,-0.6,0,,0,20.5,11.6,297,3.222222222,63,,,,,
14210,42.867,-78.831,2023-01-21T04:00:00,-0.6,0,,0,16.6,9.4,312,2.611111111,48,,,,,
14210,42.867,-78.831,2023-01-21T05:00:00,-1,0,,0,16.6,7.7,322,2.138888889,38,,,,,
14210,42.867,-78.831,2023-01-21T06:00:00,-1.1,0,,0,16.6,6.1,296,1.694444444,64,,,,,
14210,42.867,-78.831,2023-01-21T07:00:00,-1,0,,0,16.6,5.7,305,1.583333333,55,,,,,
14210,42.867,-78.831,2023-01-21T08:00:00,-1.1,0,,0,16.6,7.7,301,2.138888889,59,,,,,
14210,42.867,-78.831,2023-01-21T09:00:00,-1,0,,0,16.6,8.4,269,2.333333333,89,,,,,
14210,42.867,-78.831,2023-01-21T10:00:00,-1,0,,0,16.6,12.3,279,3.416666667,81,,,,,
14210,42.867,-78.831,2023-01-21T11:00:00,-0.9,0,,0,18.4,12.5,284,3.472222222,76,,,,,
14210,42.867,-78.831,2023-01-21T12:00:00,-0.9,0,,0,20.5,13.5,267,3.75,87,,,,,
14210,42.867,-78.831,2023-01-21T13:00:00,0.1,0,,0,22.3,11.5,266,3.194444444,86,,,,,
14210,42.867,-78.831,2023-01-21T14:00:00,0.1,0,,0,24.1,17.2,236,4.777777778,56,,,,,
14210,42.867,-78.831,2023-01-21T15:00:00,0.1,0,,0,25.9,16.7,248,4.638888889,68,,,,,
14210,42.867,-78.831,2023-01-21T16:00:00,0.1,0,,0,25.9,13.5,231,3.75,51,,,,,
14210,42.867,-78.831,2023-01-21T17:00:00,0.1,0,,0,25.9,12.8,229,3.555555556,49,,,,,
14210,42.867,-78.831,2023-01-21T18:00:00,0.1,0,,0,24.1,6.4,230,1.777777778,50,,,,,
14210,42.867,-78.831,2023-01-21T19:00:00,0.1,0,,0,22.3,7.9,197,2.194444444,17,,,,,
14210,42.867,-78.831,2023-01-21T20:00:00,0.1,0.255,"rain,snow",0,20.5,9.2,215,2.555555556,35,,,,,
14210,42.867,-78.831,2023-01-21T21:00:00,0.1,0,,0,18.4,7.6,197,2.111111111,17,,,,,
14210,42.867,-78.831,2023-01-21T22:00:00,0.1,0.247,"rain,snow",0,20.5,11.9,211,3.305555556,31,,,,,
14210,42.867,-78.831,2023-01-21T23:00:00,0.7,0,,0,20.5,15.6,210,4.333333333,30,,,,,
14210,42.867,-78.831,2023-01-22T00:00:00,0.7,0,,0,20.5,19.9,202,5.527777778,22,,,,,
14210,42.867,-78.831,2023-01-22T01:00:00,0.2,0,"rain,snow",0.3,20.5,15.5,192,4.305555556,12,,,,,
14210,42.867,-78.831,2023-01-22T02:00:00,0.2,0,,0,18.4,12,191,3.333333333,11,,,,,
14210,42.867,-78.831,2023-01-22T03:00:00,0.3,0,,0,16.6,15.6,193,4.333333333,13,,,,,
14210,42.867,-78.831,2023-01-22T04:00:00,0.2,0,,0,16.6,9,168,2.5,12,,,,,
14210,42.867,-78.831,2023-01-22T05:00:00,0.2,0,,0,14.8,7.7,165,2.138888889,15,,,,,
14210,42.867,-78.831,2023-01-22T06:00:00,0.2,0,,0,13,12.5,154,3.472222222,26,,,,,
14210,42.867,-78.831,2023-01-22T07:00:00,0.2,0,,0,11.2,7.4,123,2.055555556,57,,,,,
14210,42.867,-78.831,2023-01-22T08:00:00,0.2,0,,0,11.2,8.6,94,2.388888889,86,,,,,
14210,42.867,-78.831,2023-01-22T09:00:00,0.2,0,,0,13,8.9,111,2.472222222,69,,,,,
14210,42.867,-78.831,2023-01-22T10:00:00,0.2,0,,0,13,10.7,102,2.972222222,78,,,,,
14210,42.867,-78.831,2023-01-22T11:00:00,0.7,0,,0,13,9.1,108,2.527777778,72,,,,,
14210,42.867,-78.831,2023-01-22T12:00:00,0.8,0,,0,11.2,5.6,88,1.555555556,88,,,,,
14210,42.867,-78.831,2023-01-22T13:00:00,0.8,0,,0,11.2,7.8,67,2.166666667,67,,,,,
14210,42.867,-78.831,2023-01-22T14:00:00,0.6,0.27,"rain,snow",0,11.2,7.8,64,2.166666667,64,,,,,
14210,42.867,-78.831,2023-01-22T15:00:00,0.7,0,"rain,snow",0.5,11.2,9,99,2.5,81,,,,,
14210,42.867,-78.831,2023-01-22T16:00:00,0.1,0.659,"rain,snow",0.8,11.2,5.7,44,1.583333333,44,,,,,
14210,42.867,-78.831,2023-01-22T17:00:00,0.1,0.49,"rain,snow",1.3,11.2,5.9,77,1.638888889,77,,,,,
14210,42.867,-78.831,2023-01-22T18:00:00,0.1,0.566,"rain,snow",1,9.4,5.4,53,1.5,53,,,,,
14210,42.867,-78.831,2023-01-22T19:00:00,0.1,0,"rain,snow",5.1,9.4,5.7,42,1.583333333,42,,,,,
14210,42.867,-78.831,2023-01-22T20:00:00,0.1,0.02,"rain,snow",0.3,11.2,7.7,19,2.138888889,19,,,,,
14210,42.867,-78.831,2023-01-22T21:00:00,0,0.258,"rain,snow",0.6,11.2,7.5,30,2.083333333,30,,,,,
14210,42.867,-78.831,2023-01-22T22:00:00,0,0,"rain,snow",0.4,13,9,23,2.5,23,,,,,
14210,42.867,-78.831,2023-01-22T23:00:00,-0.5,0,"rain,snow",0.1,11.2,7.6,29,2.111111111,29,,,,,
14210,42.867,-78.831,2023-01-23T00:00:00,-0.5,0,,0,13,7.2,31,2,31,,,,,
14210,42.867,-78.831,2023-01-23T01:00:00,-0.4,0,"rain,snow",1.3,14.8,9.7,352,2.694444444,8,,,,,
14210,42.867,-78.831,2023-01-23T02:00:00,-0.4,0.002,"rain,snow",0,35.3,8.5,358,2.361111111,2,,,,,
14210,42.867,-78.831,2023-01-23T03:00:00,0.1,0.252,"rain,snow",0,16.6,10.2,345,2.833333333,15,,,,,
14210,42.867,-78.831,2023-01-23T04:00:00,0.1,0,,0,22.3,12.2,353,3.388888889,7,,,,,
14210,42.867,-78.831,2023-01-23T05:00:00,0.1,0,,0,33.5,16.9,351,4.694444444,9,,,,,
14210,42.867,-78.831,2023-01-23T06:00:00,-0.6,0,,0,33.5,16.6,350,4.611111111,10,,,,,
14210,42.867,-78.831,2023-01-23T07:00:00,-0.7,0,"rain,snow",0.5,24.1,13.7,341,3.805555556,19,,,,,
14210,42.867,-78.831,2023-01-23T08:00:00,-0.7,0,,0,33.5,15.6,333,4.333333333,27,,,,,
14210,42.867,-78.831,2023-01-23T09:00:00,-1.1,0,,0,22.3,19.7,330,5.472222222,30,,,,,
14210,42.867,-78.831,2023-01-23T10:00:00,-1.1,0,,0,22.3,16.1,331,4.472222222,29,,,,,
14210,42.867,-78.831,2023-01-23T11:00:00,-1.5,0,,0,22.3,16.8,323,4.666666667,37,,,,,
14210,42.867,-78.831,2023-01-23T12:00:00,-1.5,0,,0,22.3,15.2,321,4.222222222,39,,,,,
14210,42.867,-78.831,2023-01-23T13:00:00,-1,0,"rain,snow",0.5,22.3,21.1,303,5.861111111,57,,,,,
14210,42.867,-78.831,2023-01-23T14:00:00,-1,0.006,"rain,snow",0,22.3,14.5,297,4.027777778,63,,,,,
14210,42.867,-78.831,2023-01-23T15:00:00,-0.6,0.012,"rain,snow",0,24.1,16.4,251,4.555555556,71,,,,,
14210,42.867,-78.831,2023-01-23T16:00:00,-0.5,0,,0,25.9,16.3,238,4.527777778,58,,,,,
14210,42.867,-78.831,2023-01-23T17:00:00,0.1,0,,0,27.7,19.7,240,5.472222222,60,,,,,
14210,42.867,-78.831,2023-01-23T18:00:00,0.2,0,,0,33.5,18.3,240,5.083333333,60,,,,,
14210,42.867,-78.831,2023-01-23T19:00:00,0.7,0,,0,37.1,21.8,256,6.055555556,76,,,,,
14210,42.867,-78.831,2023-01-23T20:00:00,0.7,0,,0,37.5,23.7,250,6.583333333,70,,,,,
14210,42.867,-78.831,2023-01-23T21:00:00,0.2,0,,0,43.6,29.2,250,8.111111111,70,,,,,
14210,42.867,-78.831,2023-01-23T22:00:00,0.7,0,,0,52.4,32,250,8.888888889,70,,,,,
14210,42.867,-78.831,2023-01-23T23:00:00,0.7,0,,0,65.5,32.2,250,8.944444444,70,,,,,
14210,42.867,-78.831,2023-01-24T00:00:00,0.1,0,,0,66.9,43.6,232,12.11111111,52,,,,,
14210,42.867,-78.831,2023-01-24T01:00:00,0,0,,0,69.1,41.3,250,11.47222222,70,,,,,
14210,42.867,-78.831,2023-01-24T02:00:00,0.1,0,,0,72.5,50.1,239,13.91666667,59,,,,,
14210,42.867,-78.831,2023-01-24T03:00:00,0.1,0,,0,68.6,41.7,232,11.58333333,52,,,,,
14210,42.867,-78.831,2023-01-24T04:00:00,0.1,0,,0,68.7,40.1,241,11.13888889,61,,,,,
14210,42.867,-78.831,2023-01-24T05:00:00,0.2,0,,0,69.4,33.2,232,9.222222222,52,,,,,
14210,42.867,-78.831,2023-01-24T06:00:00,0.1,0,"rain,snow",0.1,57.7,39.3,240,10.91666667,60,,,,,
14210,42.867,-78.831,2023-01-24T07:00:00,0.7,0.247,"rain,snow",1.8,61.9,34.8,242,9.666666667,62,,,,,
14210,42.867,-78.831,2023-01-24T08:00:00,0.6,0,,0,57.4,27.3,258,7.583333333,78,,,,,
14210,42.867,-78.831,2023-01-24T09:00:00,0.7,0,,0,48.7,26.9,260,7.472222222,80,,,,,
14210,42.867,-78.831,2023-01-24T10:00:00,0.7,0,,0,50.8,23.3,250,6.472222222,70,,,,,
14210,42.867,-78.831,2023-01-24T11:00:00,0.7,0,,0,40.3,24.4,252,6.777777778,72,,,,,
14210,42.867,-78.831,2023-01-24T12:00:00,0.8,0,,0,40.3,23.6,252,6.555555556,72,,,,,
14210,42.867,-78.831,2023-01-24T13:00:00,1.2,0,"rain,snow",1.5,45.2,32.3,251,8.972222222,71,,,,,
14210,42.867,-78.831,2023-01-24T14:00:00,1.2,0,,0,47.7,31.2,268,8.666666667,88,,,,,
14210,42.867,-78.831,2023-01-24T15:00:00,0.8,0,,0,38.8,19.5,260,5.416666667,80,,,,,
14210,42.867,-78.831,2023-01-24T16:00:00,0.9,0,,0,31.3,23.7,242,6.583333333,62,,,,,
14210,42.867,-78.831,2023-01-24T17:00:00,0.8,0,,0,37,25.3,242,7.027777778,62,,,,,
14210,42.867,-78.831,2023-01-24T18:00:00,0.6,0,,0,40.7,21.1,241,5.861111111,61,,,,,
14210,42.867,-78.831,2023-01-24T19:00:00,-0.1,0,,0,24.1,15.9,238,4.416666667,58,,,,,
14210,42.867,-78.831,2023-01-24T20:00:00,-0.1,0,,0,22.3,12.9,238,3.583333333,58,,,,,
14210,42.867,-78.831,2023-01-24T21:00:00,-1.5,0,,0,18.4,12.9,197,3.583333333,17,,,,,
14210,42.867,-78.831,2023-01-24T22:00:00,-1.2,0,,0,14.8,12.3,214,3.416666667,34,,,,,
14210,42.867,-78.831,2023-01-24T23:00:00,-2.1,0,,0,13,11.8,197,3.277777778,17,,,,,
14210,42.867,-78.831,2023-01-25T00:00:00,-2.7,0,,0,13,9,171,2.5,9,,,,,
14210,42.867,-78.831,2023-01-25T01:00:00,-2.7,0,,0,7.6,11.6,139,3.222222222,41,,,,,
14210,42.867,-78.831,2023-01-25T02:00:00,-3.1,0,,0,7.6,9,151,2.5,29,,,,,
14210,42.867,-78.831,2023-01-25T03:00:00,-3.1,0,,0,7.6,8.7,129,2.416666667,51,,,,,
14210,42.867,-78.831,2023-01-25T04:00:00,-3,0,,0,7.6,9.6,141,2.666666667,39,,,,,
14210,42.867,-78.831,2023-01-25T05:00:00,-2,0,,0,9.4,14.2,120,3.944444444,60,,,,,
14210,42.867,-78.831,2023-01-25T06:00:00,-1.6,0,,0,11.2,14,99,3.888888889,81,,,,,
14210,42.867,-78.831,2023-01-25T07:00:00,-1.1,0,,0,16.6,12.4,108,3.444444444,72,,,,,
14210,42.867,-78.831,2023-01-25T08:00:00,-1.1,0.009,snow,0.4,38.9,18,128,5,52,,,,,
14210,42.867,-78.831,2023-01-25T09:00:00,-1.6,0.763,"rain,snow",0.5,31.3,15.2,111,4.222222222,69,,,,,
14210,42.867,-78.831,2023-01-25T10:00:00,-1.6,0.966,"rain,snow",1.1,25.9,15,91,4.166666667,89,,,,,
14210,42.867,-78.831,2023-01-25T11:00:00,-1.1,0.794,"rain,snow",0.3,33.5,17.2,101,4.777777778,79,,,,,
14210,42.867,-78.831,2023-01-25T12:00:00,-0.6,0.567,"rain,snow",0.2,38.9,20.8,100,5.777777778,80,,,,,
14210,42.867,-78.831,2023-01-25T13:00:00,-0.6,0.412,"rain,snow",4.3,40.7,25.5,108,7.083333333,72,,,,,
14210,42.867,-78.831,2023-01-25T14:00:00,-1,1.421,"rain,snow",2,42.5,24.1,91,6.694444444,89,,,,,
14210,42.867,-78.831,2023-01-25T15:00:00,-0.6,3.2,"rain,snow",0.4,38.9,20.8,72,5.777777778,72,,,,,
14210,42.867,-78.831,2023-01-25T16:00:00,-0.6,1.976,"rain,snow",0,35.3,22.6,63,6.277777778,63,,,,,
14210,42.867,-78.831,2023-01-25T17:00:00,0,0.472,"rain,snow",0,35.3,20.6,71,5.722222222,71,,,,,
14210,42.867,-78.831,2023-01-25T18:00:00,0,0.257,"rain,snow",0,50,13.2,55,3.666666667,55,,,,,
14210,42.867,-78.831,2023-01-25T19:00:00,1.9,0.119,"rain,snow",3.6,37.1,12.4,108,3.444444444,72,,,,,
14210,42.867,-78.831,2023-01-25T20:00:00,2.9,0.009,rain,0,31.3,13.4,151,3.722222222,29,,,,,
14210,42.867,-78.831,2023-01-25T21:00:00,3.1,0.273,rain,0,38.9,15.9,155,4.416666667,25,,,,,
14210,42.867,-78.831,2023-01-25T22:00:00,3.3,0,,0,40.7,13.2,170,3.666666667,10,,,,,
14210,42.867,-78.831,2023-01-25T23:00:00,3.8,0,,0,40.7,17.9,197,4.972222222,17,,,,,
14210,42.867,-78.831,2023-01-26T00:00:00,3.9,0,,0,32.8,15.3,201,4.25,21,,,,,
14210,42.867,-78.831,2023-01-26T01:00:00,2.9,0.247,rain,0,54.1,29.5,236,8.194444444,56,,,,,
14210,42.867,-78.831,2023-01-26T02:00:00,1.8,0,,0,74.9,43.6,229,12.11111111,49,,,,,
14210,42.867,-78.831,2023-01-26T03:00:00,1.2,0.007,"rain,snow",0,73,41,229,11.38888889,49,,,,,
14210,42.867,-78.831,2023-01-26T04:00:00,0.7,0,"rain,snow",0.1,73.1,40.2,231,11.16666667,51,,,,,
14210,42.867,-78.831,2023-01-26T05:00:00,0.3,0.009,"rain,snow",0.3,69.4,35.4,247,9.833333333,67,,,,,
14210,42.867,-78.831,2023-01-26T06:00:00,-1.2,0.143,"rain,snow",0.3,51.2,24.2,282,6.722222222,78,,,,,
14210,42.867,-78.831,2023-01-26T07:00:00,-1.6,0,"rain,snow",2,48.1,30.3,278,8.416666667,82,,,,,
14210,42.867,-78.831,2023-01-26T08:00:00,-1.6,0.002,"rain,snow",0,44.6,28.3,264,7.861111111,84,,,,,
14210,42.867,-78.831,2023-01-26T09:00:00,-1.6,0,,0,49.7,25.7,270,7.138888889,90,,,,,
14210,42.867,-78.831,2023-01-26T10:00:00,-1.6,0,,0,48.2,24.7,279,6.861111111,81,,,,,
14210,42.867,-78.831,2023-01-26T11:00:00,-1.6,0,,0,42.1,25.8,282,7.166666667,78,,,,,
14210,42.867,-78.831,2023-01-26T12:00:00,-1.6,0,,0,40.8,23.1,273,6.416666667,87,,,,,
14210,42.867,-78.831,2023-01-26T13:00:00,-2,0.247,"rain,snow",1.3,37.1,21.6,270,6,90,,,,,
14210,42.867,-78.831,2023-01-26T14:00:00,-1.6,0,,0,39.9,23.2,271,6.444444444,89,,,,,
14210,42.867,-78.831,2023-01-26T15:00:00,-1.5,0,,0,35.6,22.5,261,6.25,81,,,,,
14210,42.867,-78.831,2023-01-26T16:00:00,-1.1,0,,0,33.5,18.7,269,5.194444444,89,,,,,
14210,42.867,-78.831,2023-01-26T17:00:00,-1.6,0,,0,35.3,16.7,278,4.638888889,82,,,,,
14210,42.867,-78.831,2023-01-26T18:00:00,-2.1,0,,0,37.1,13.7,254,3.805555556,74,,,,,
14210,42.867,-78.831,2023-01-26T19:00:00,-2,0,"rain,snow",0.3,29.5,12.3,245,3.416666667,65,,,,,
14210,42.867,-78.831,2023-01-26T20:00:00,-2,0,,0,31.3,11.4,250,3.166666667,70,,,,,
14210,42.867,-78.831,2023-01-26T21:00:00,-2.1,0,,0,25.9,12.5,239,3.472222222,59,,,,,
14210,42.867,-78.831,2023-01-26T22:00:00,-2.1,0,snow,0,24.1,14.3,240,3.972222222,60,,,,,
14210,42.867,-78.831,2023-01-26T23:00:00,-2.7,0.005,snow,0,22.3,11.4,230,3.166666667,50,,,,,
14210,42.867,-78.831,2023-01-27T00:00:00,-2.2,0.002,snow,0,22.3,7.7,226,2.138888889,46,,,,,
14210,42.867,-78.831,2023-01-27T01:00:00,-2.8,0,snow,1,22.3,9.1,167,2.527777778,13,,,,,
14210,42.867,-78.831,2023-01-27T02:00:00,-2.7,0.264,snow,1,31.3,7.5,176,2.083333333,4,,,,,
14210,42.867,-78.831,2023-01-27T03:00:00,-1.2,1.663,"rain,snow",1.2,47.6,24.4,234,6.777777778,54,,,,,
14210,42.867,-78.831,2023-01-27T04:00:00,-1,0.129,"rain,snow",0.4,50,28.5,232,7.916666667,52,,,,,
14210,42.867,-78.831,2023-01-27T05:00:00,-1,0.247,snow,0.4,53.4,26.9,240,7.472222222,60,,,,,
14210,42.867,-78.831,2023-01-27T06:00:00,-0.7,0,,0,51.9,29.2,242,8.111111111,62,,,,,
14210,42.867,-78.831,2023-01-27T07:00:00,-1.1,0.247,snow,3.8,42.8,17.6,248,4.888888889,68,,,,,
14210,42.867,-78.831,2023-01-27T08:00:00,-1.2,0.412,"rain,snow",0,49.7,25.9,230,7.194444444,50,,,,,
14210,42.867,-78.831,2023-01-27T09:00:00,-2,1.259,snow,0.4,36.9,24.6,224,6.833333333,44,,,,,
14210,42.867,-78.831,2023-01-27T10:00:00,-1.9,0.361,snow,0,45.9,21.8,223,6.055555556,43,,,,,
14210,42.867,-78.831,2023-01-27T11:00:00,-1.9,1.648,snow,0,47.1,27.9,223,7.75,43,,,,,
14210,42.867,-78.831,2023-01-27T12:00:00,-1.5,0,,0,44.6,28.3,213,7.861111111,33,,,,,
14210,42.867,-78.831,2023-01-27T13:00:00,-1.5,0,"rain,snow",7.1,41.2,25.9,210,7.194444444,30,,,,,
14210,42.867,-78.831,2023-01-27T14:00:00,-1.5,0,,0,45.3,27.4,221,7.611111111,41,,,,,
14210,42.867,-78.831,2023-01-27T15:00:00,-1.6,0,,0,43.8,29.6,218,8.222222222,38,,,,,
14210,42.867,-78.831,2023-01-27T16:00:00,-1.5,0,,0,44.6,18.1,209,5.027777778,29,,,,,
14210,42.867,-78.831,2023-01-27T17:00:00,-1.6,0,,0,42.1,25.6,183,7.111111111,3,,,,,
14210,42.867,-78.831,2023-01-27T18:00:00,-2.5,0,,0,39.5,21.4,180,5.944444444,0,,,,,
14210,42.867,-78.831,2023-01-27T19:00:00,-2,0,,0,40.7,27.7,179,7.694444444,1,,,,,
14210,42.867,-78.831,2023-01-27T20:00:00,-1.9,0,,0,42,26.6,189,7.388888889,9,,,,,
14210,42.867,-78.831,2023-01-27T21:00:00,-1.5,0,,0,49,30.9,189,8.583333333,9,,,,,
14210,42.867,-78.831,2023-01-27T22:00:00,-1.5,0,"rain,snow",0.1,49.7,25,182,6.944444444,2,,,,,
14210,42.867,-78.831,2023-01-27T23:00:00,-0.6,0,"rain,snow",0.1,59.3,45,191,12.5,11,,,,,
14210,42.867,-78.831,2023-01-28T00:00:00,0.1,0,,0,55.6,39.3,201,10.91666667,21,,,,,
14210,42.867,-78.831,2023-01-28T01:00:00,0.2,0.118,snow,0.3,49.3,27.8,210,7.722222222,30,,,,,
14210,42.867,-78.831,2023-01-28T02:00:00,2.4,0.005,rain,0,57.1,39.1,221,10.86111111,41,,,,,
14210,42.867,-78.831,2023-01-28T03:00:00,2.8,0.039,rain,0,58.1,34.6,223,9.611111111,43,,,,,
14210,42.867,-78.831,2023-01-28T04:00:00,2.9,0.286,rain,0,67,38.9,240,10.80555556,60,,,,,
14210,42.867,-78.831,2023-01-28T05:00:00,2.9,0,,0,63.8,33.5,250,9.305555556,70,,,,,
14210,42.867,-78.831,2023-01-28T06:00:00,2.3,0.002,rain,0,59.5,35.3,240,9.805555556,60,,,,,
14210,42.867,-78.831,2023-01-28T07:00:00,1.7,0,"rain,snow",1,55.7,36.1,252,10.02777778,72,,,,,
14210,42.867,-78.831,2023-01-28T08:00:00,1.2,0,,0,47,27.2,243,7.555555556,63,,,,,
14210,42.867,-78.831,2023-01-28T09:00:00,1.2,0,,0,43.1,28.2,253,7.833333333,73,,,,,
14210,42.867,-78.831,2023-01-28T10:00:00,1.1,0,,0,41.2,24.1,260,6.694444444,80,,,,,
14210,42.867,-78.831,2023-01-28T11:00:00,1.2,0,,0,46.1,30.3,251,8.416666667,71,,,,,
14210,42.867,-78.831,2023-01-28T12:00:00,1.2,0,,0,49.8,28.2,243,7.833333333,63,,,,,
14210,42.867,-78.831,2023-01-28T13:00:00,0.8,0,,0,50.8,27.9,249,7.75,69,,,,,
14210,42.867,-78.831,2023-01-28T14:00:00,1.2,0,,0,50.4,31.8,257,8.833333333,77,,,,,
14210,42.867,-78.831,2023-01-28T15:00:00,0.8,0,,0,47.8,33.7,249,9.361111111,69,,,,,
14210,42.867,-78.831,2023-01-28T16:00:00,0.7,0,,0,35.3,26,250,7.222222222,70,,,,,
14210,42.867,-78.831,2023-01-28T17:00:00,0.2,0,,0,33.5,14.7,240,4.083333333,60,,,,,
14210,42.867,-78.831,2023-01-28T18:00:00,0.1,0,,0,22.3,15.8,250,4.388888889,70,,,,,
14210,42.867,-78.831,2023-01-28T19:00:00,-0.1,0,,0,13,11.8,242,3.277777778,62,,,,,
14210,42.867,-78.831,2023-01-28T20:00:00,-0.6,0,,0,14.8,4.6,241,1.277777778,61,,,,,
14210,42.867,-78.831,2023-01-28T21:00:00,-0.6,0,,0,11.2,0.1,355,0.027777778,5,,,,,
14210,42.867,-78.831,2023-01-28T22:00:00,-1,0,,0,11.2,6.4,87,1.777777778,87,,,,,
14210,42.867,-78.831,2023-01-28T23:00:00,-1.1,0,,0,11.2,7.6,79,2.111111111,79,,,,,
14210,42.867,-78.831,2023-01-29T00:00:00,-0.6,0,,0,13,11.1,66,3.083333333,66,,,,,
14210,42.867,-78.831,2023-01-29T01:00:00,-0.6,0,,0,16.6,12.9,55,3.583333333,55,,,,,
14210,42.867,-78.831,2023-01-29T02:00:00,-0.6,0,,0,14.8,18,54,5,54,,,,,
14210,42.867,-78.831,2023-01-29T03:00:00,0.1,0,,0,14.8,15.1,81,4.194444444,81,,,,,
14210,42.867,-78.831,2023-01-29T04:00:00,0.1,0,,0,16.6,8.3,81,2.305555556,81,,,,,
14210,42.867,-78.831,2023-01-29T05:00:00,0.1,0,,0,20.5,0.2,2,0.055555556,2,,,,,
14210,42.867,-78.831,2023-01-29T06:00:00,1,0,,0,24.1,4.6,162,1.277777778,18,,,,,
14210,42.867,-78.831,2023-01-29T07:00:00,1,0.005,"rain,snow",0,29.5,5.6,38,1.555555556,38,,,,,
14210,42.867,-78.831,2023-01-29T08:00:00,3,0.006,rain,0,33.5,18.1,213,5.027777778,33,,,,,
14210,42.867,-78.831,2023-01-29T09:00:00,3.4,0.537,rain,0,35.3,16.2,226,4.5,46,,,,,
14210,42.867,-78.831,2023-01-29T10:00:00,3.4,1.071,rain,0,37.1,19.1,193,5.305555556,13,,,,,
14210,42.867,-78.831,2023-01-29T11:00:00,3.5,0.767,rain,0,52.4,24.7,210,6.861111111,30,,,,,
14210,42.867,-78.831,2023-01-29T12:00:00,3.4,0.261,rain,0,40.7,25.4,212,7.055555556,32,,,,,
14210,42.867,-78.831,2023-01-29T13:00:00,3.8,0.326,rain,0,48.1,20.4,222,5.666666667,42,,,,,
14210,42.867,-78.831,2023-01-29T14:00:00,3.8,0.545,rain,0,49.3,28.6,243,7.944444444,63,,,,,
14210,42.867,-78.831,2023-01-29T15:00:00,3.1,0.252,rain,0,46.8,22.8,260,6.333333333,80,,,,,
14210,42.867,-78.831,2023-01-29T16:00:00,2.4,0,rain,0,33.5,16.5,271,4.583333333,89,,,,,
14210,42.867,-78.831,2023-01-29T17:00:00,0,0,,0,33.5,15.5,315,4.305555556,45,,,,,
14210,42.867,-78.831,2023-01-29T18:00:00,-0.6,0,,0,28.1,13.3,338,3.694444444,22,,,,,
14210,42.867,-78.831,2023-01-29T19:00:00,-1.2,0,,0,20.5,17.3,337,4.805555556,23,,,,,
14210,42.867,-78.831,2023-01-29T20:00:00,-1.2,0,,0,35.3,13.6,327,3.777777778,33,,,,,
14210,42.867,-78.831,2023-01-29T21:00:00,-1.7,0,,0,33.5,13.7,303,3.805555556,57,,,,,
14210,42.867,-78.831,2023-01-29T22:00:00,-2.1,0,,0,14.8,14.5,320,4.027777778,40,,,,,
14210,42.867,-78.831,2023-01-29T23:00:00,-2.7,0,,0,38.9,17.7,334,4.916666667,26,,,,,
14210,42.867,-78.831,2023-01-30T00:00:00,-3.2,0,,0,35.3,16.4,335,4.555555556,25,,,,,
14210,42.867,-78.831,2023-01-30T01:00:00,-3.3,0,snow,0.3,11.2,16.4,344,4.555555556,16,,,,,
14210,42.867,-78.831,2023-01-30T02:00:00,-3.8,0,,0,11.2,16.5,2,4.583333333,2,,,,,
14210,42.867,-78.831,2023-01-30T03:00:00,-3.8,0,,0,9.4,13.3,10,3.694444444,10,,,,,
14210,42.867,-78.831,2023-01-30T04:00:00,-4.3,0,snow,0,9.4,12.7,16,3.527777778,16,,,,,
14210,42.867,-78.831,2023-01-30T05:00:00,-4.3,0,,0,7.6,8.9,15,2.472222222,15,,,,,
14210,42.867,-78.831,2023-01-30T06:00:00,-4.4,0,,0,7.6,16.3,25,4.527777778,25,,,,,
14210,42.867,-78.831,2023-01-30T07:00:00,-5.4,0,,0,7.6,13.9,24,3.861111111,24,,,,,
14210,42.867,-78.831,2023-01-30T08:00:00,-4.9,0,,0,7.6,8.7,35,2.416666667,35,,,,,
14210,42.867,-78.831,2023-01-30T09:00:00,-4.8,0.003,snow,0.3,9.4,8.6,26,2.388888889,26,,,,,
14210,42.867,-78.831,2023-01-30T10:00:00,-4.8,0.252,snow,0.5,11.2,8,351,2.222222222,9,,,,,
14210,42.867,-78.831,2023-01-30T11:00:00,-4.3,0.247,snow,0.5,13,0.3,10,0.083333333,10,,,,,
14210,42.867,-78.831,2023-01-30T12:00:00,-3.7,0,snow,0.3,14.8,0.2,13,0.055555556,13,,,,,
14210,42.867,-78.831,2023-01-30T13:00:00,-3.6,0,snow,1.8,18.4,1.3,332,0.361111111,28,,,,,
14210,42.867,-78.831,2023-01-30T14:00:00,-3,0,,0,20.5,6.3,230,1.75,50,,,,,
14210,42.867,-78.831,2023-01-30T15:00:00,-2.6,0,,0,24.1,11.5,213,3.194444444,33,,,,,
14210,42.867,-78.831,2023-01-30T16:00:00,-2.6,0.118,snow,0,25.9,11.7,228,3.25,48,,,,,
14210,42.867,-78.831,2023-01-30T17:00:00,-2.6,0,,0,27.7,15,238,4.166666667,58,,,,,
14210,42.867,-78.831,2023-01-30T18:00:00,-2.6,0.005,snow,0.2,27.7,16.1,256,4.472222222,76,,,,,
14210,42.867,-78.831,2023-01-30T19:00:00,-2.1,0,snow,1,29.5,12.1,241,3.361111111,61,,,,,
14210,42.867,-78.831,2023-01-30T20:00:00,-2.2,0.247,snow,0.5,40.7,14.5,269,4.027777778,89,,,,,
14210,42.867,-78.831,2023-01-30T21:00:00,-2.8,0.247,snow,0,48.2,15.8,281,4.388888889,79,,,,,
14210,42.867,-78.831,2023-01-30T22:00:00,-3.3,0,snow,0.1,31.3,19.1,295,5.305555556,65,,,,,
14210,42.867,-78.831,2023-01-30T23:00:00,-4.3,0,snow,0.3,40.3,21.9,290,6.083333333,70,,,,,
14210,42.867,-78.831,2023-01-31T00:00:00,-4.8,0,snow,0,38.6,16,290,4.444444444,70,,,,,
14210,42.867,-78.831,2023-01-31T01:00:00,-5.5,0,snow,0.8,31.3,22.2,278,6.166666667,82,,,,,
14210,42.867,-78.831,2023-01-31T02:00:00,-5.7,0,,0,48.2,19.6,279,5.444444444,81,,,,,
14210,42.867,-78.831,2023-01-31T03:00:00,-6.6,0,,0,37.1,23,279,6.388888889,81,,,,,
14210,42.867,-78.831,2023-01-31T04:00:00,-7.7,0,,0,25.9,15.9,270,4.416666667,90,,,,,
14210,42.867,-78.831,2023-01-31T05:00:00,-8.2,0,,0,50,17,271,4.722222222,89,,,,,
14210,42.867,-78.831,2023-01-31T06:00:00,-8.7,0,,0,46.1,13.7,261,3.805555556,81,,,,,
14210,42.867,-78.831,2023-01-31T07:00:00,-8.8,0,,0,20.5,13.5,269,3.75,89,,,,,
14210,42.867,-78.831,2023-01-31T08:00:00,-8.8,0,,0,38.9,13.4,268,3.722222222,88,,,,,
14210,42.867,-78.831,2023-01-31T09:00:00,-8.2,0,,0,31.3,13.6,259,3.777777778,79,,,,,
14210,42.867,-78.831,2023-01-31T10:00:00,-7.2,0,,0,24.1,14.9,275,4.138888889,85,,,,,
14210,42.867,-78.831,2023-01-31T11:00:00,-6.6,0,,0,35.3,13.2,263,3.666666667,83,,,,,
14210,42.867,-78.831,2023-01-31T12:00:00,-5.6,0,,0,31.3,11.7,294,3.25,66,,,,,
14210,42.867,-78.831,2023-01-31T13:00:00,-5.6,0,,0,14.8,6,276,1.666666667,84,,,,,
14210,42.867,-78.831,2023-01-31T14:00:00,-6.4,0,,0,14.8,10.8,235,3,55,,,,,
14210,42.867,-78.831,2023-01-31T15:00:00,-6,0,,0,14.8,1,349,0.277777778,11,,,,,
14210,42.867,-78.831,2023-01-31T16:00:00,-6,0,,0,14.8,9.5,232,2.638888889,52,,,,,
14210,42.867,-78.831,2023-01-31T17:00:00,-6.5,0,,0,14.8,10.6,232,2.944444444,52,,,,,
14210,42.867,-78.831,2023-01-31T18:00:00,-6.6,0,,0,14.8,9.6,216,2.666666667,36,,,,,
14210,42.867,-78.831,2023-01-31T19:00:00,-6.7,0,,0,13,10.9,239,3.027777778,59,,,,,
14210,42.867,-78.831,2023-01-31T20:00:00,-6.8,0,,0,13,9,287,2.5,73,,,,,
14210,42.867,-78.831,2023-01-31T21:00:00,-6.7,0,,0,13,9.9,298,2.75,62,,,,,
14210,42.867,-78.831,2023-01-31T22:00:00,-7.1,0,,0,13,7.8,313,2.166666667,47,,,,,
14210,42.867,-78.831,2023-01-31T23:00:00,-7.1,0,,0,13,1.5,340,0.416666667,20,,,,,
14210,42.867,-78.831,2023-02-01T00:00:00,-7.4,0,,0,33.5,6.6,281,1.833333333,79,,,,,
14210,42.867,-78.831,2023-02-01T01:00:00,-8,0,snow,0.3,24.1,13,295,3.611111111,65,,,,,
14210,42.867,-78.831,2023-02-01T02:00:00,-8.5,0,,0,35.3,12.1,296,3.361111111,64,,,,,
14210,42.867,-78.831,2023-02-01T03:00:00,-9,0,,0,33.5,11.6,268,3.222222222,88,,,,,
14210,42.867,-78.831,2023-02-01T04:00:00,-10,0,,0,18.4,13.2,259,3.666666667,79,,,,,
14210,42.867,-78.831,2023-02-01T05:00:00,-10.5,0,,0,18.4,16,265,4.444444444,85,,,,,
14210,42.867,-78.831,2023-02-01T06:00:00,-9.9,0,,0,38.9,14,265,3.888888889,85,,,,,
14210,42.867,-78.831,2023-02-01T07:00:00,-9.9,0,,0,24.1,14,270,3.888888889,90,,,,,
14210,42.867,-78.831,2023-02-01T08:00:00,-9.3,0,,0,51.8,13.4,276,3.722222222,84,,,,,
14210,42.867,-78.831,2023-02-01T09:00:00,-8.8,0,,0,40.7,22.8,258,6.333333333,78,,,,,
14210,42.867,-78.831,2023-02-01T10:00:00,-7.7,0,,0,42.2,27.9,269,7.75,89,,,,,
14210,42.867,-78.831,2023-02-01T11:00:00,-7.1,0,,0,48.1,31.4,260,8.722222222,80,,,,,
14210,42.867,-78.831,2023-02-01T12:00:00,-6.6,0,,0,46,26.6,268,7.388888889,88,,,,,
14210,42.867,-78.831,2023-02-01T13:00:00,-5.6,0,snow,0.3,46.6,32.3,251,8.972222222,71,,,,,
14210,42.867,-78.831,2023-02-01T14:00:00,-4.9,0,,0,45.7,28.8,243,8,63,,,,,
14210,42.867,-78.831,2023-02-01T15:00:00,-4.8,0,,0,48.6,31.7,242,8.805555556,62,,,,,
14210,42.867,-78.831,2023-02-01T16:00:00,-4.3,0,,0,46.2,31.3,241,8.694444444,61,,,,,
14210,42.867,-78.831,2023-02-01T17:00:00,-4.3,0,,0,44.2,22.3,247,6.194444444,67,,,,,
14210,42.867,-78.831,2023-02-01T18:00:00,-4.4,0,,0,44.6,22.3,238,6.194444444,58,,,,,
14210,42.867,-78.831,2023-02-01T19:00:00,-3.9,0,,0,47.5,28.3,230,7.861111111,50,,,,,
14210,42.867,-78.831,2023-02-01T20:00:00,-4.3,0,snow,0,31.3,19.2,214,5.333333333,34,,,,,
14210,42.867,-78.831,2023-02-01T21:00:00,-3.3,0,,0,44,23.9,232,6.638888889,52,,,,,
14210,42.867,-78.831,2023-02-01T22:00:00,-4.2,0,,0,49.3,20.6,224,5.722222222,44,,,,,
14210,42.867,-78.831,2023-02-01T23:00:00,-4.7,0,,0,38.9,20.7,205,5.75,25,,,,,
14210,42.867,-78.831,2023-02-02T00:00:00,-4.6,0,,0,31.3,21.3,208,5.916666667,28,,,,,
14210,42.867,-78.831,2023-02-02T01:00:00,-4.1,0,snow,0.5,37.1,23.7,217,6.583333333,37,,,,,
14210,42.867,-78.831,2023-02-02T02:00:00,-4.7,0,,0,38.9,23.3,217,6.472222222,37,,,,,
14210,42.867,-78.831,2023-02-02T03:00:00,-4.1,0,,0,35.5,19.1,226,5.305555556,46,,,,,
14210,42.867,-78.831,2023-02-02T04:00:00,-4.2,0,,0,31.3,20.7,225,5.75,45,,,,,
14210,42.867,-78.831,2023-02-02T05:00:00,-4.8,0,,0,37.1,19.3,233,5.361111111,53,,,,,
14210,42.867,-78.831,2023-02-02T06:00:00,-4.2,0,,0,33.5,20.7,222,5.75,42,,,,,
14210,42.867,-78.831,2023-02-02T07:00:00,-4.1,0,,0,42.5,25.1,215,6.972222222,35,,,,,
14210,42.867,-78.831,2023-02-02T08:00:00,-4,0,,0,40.4,29.2,212,8.111111111,32,,,,,
14210,42.867,-78.831,2023-02-02T09:00:00,-3.9,0,,0,42.7,25.3,214,7.027777778,34,,,,,
14210,42.867,-78.831,2023-02-02T10:00:00,-3.4,0,,0,51.8,32.4,211,9,31,,,,,
14210,42.867,-78.831,2023-02-02T11:00:00,-2.9,0,,0,44.5,31.2,211,8.666666667,31,,,,,
14210,42.867,-78.831,2023-02-02T12:00:00,-1.4,0,,0,58.7,38.6,218,10.72222222,38,,,,,
14210,42.867,-78.831,2023-02-02T13:00:00,0,0,,0,71.4,51.1,220,14.19444444,40,,,,,
14210,42.867,-78.831,2023-02-02T14:00:00,0.7,0,,0,72.8,44,229,12.22222222,49,,,,,
14210,42.867,-78.831,2023-02-02T15:00:00,1.2,0,,0,70.6,38.3,230,10.63888889,50,,,,,
14210,42.867,-78.831,2023-02-02T16:00:00,1.7,0,,0,70.2,43.5,230,12.08333333,50,,,,,
14210,42.867,-78.831,2023-02-02T17:00:00,1.2,0,,0,68.2,36,232,10,52,,,,,
14210,42.867,-78.831,2023-02-02T18:00:00,1.6,0,,0,70.5,45.3,250,12.58333333,70,,,,,
14210,42.867,-78.831,2023-02-02T19:00:00,0.7,0,"rain,snow",0.8,76.2,37,252,10.27777778,72,,,,,
14210,42.867,-78.831,2023-02-02T20:00:00,0.6,0,,0,63.6,28.6,256,7.944444444,76,,,,,
14210,42.867,-78.831,2023-02-02T21:00:00,-2.7,0,snow,0.1,65,35,312,9.722222222,48,,,,,
14210,42.867,-78.831,2023-02-02T22:00:00,-4.3,0,snow,0.2,61.2,33.8,318,9.388888889,42,,,,,
14210,42.867,-78.831,2023-02-02T23:00:00,-6.1,0,,0,59.9,34.6,312,9.611111111,48,,,,,
14210,42.867,-78.831,2023-02-03T00:00:00,-7.7,0,,0,57,35.9,313,9.972222222,47,,,,,
14210,42.867,-78.831,2023-02-03T01:00:00,-8.2,0,snow,5.6,49.1,25.9,302,7.194444444,58,,,,,
14210,42.867,-78.831,2023-02-03T02:00:00,-8.7,0,,0,50.5,29.4,318,8.166666667,42,,,,,
14210,42.867,-78.831,2023-02-03T03:00:00,-9.2,0,,0,49.7,24.1,300,6.694444444,60,,,,,
14210,42.867,-78.831,2023-02-03T04:00:00,-9.3,0,,0,50.3,23.8,303,6.611111111,57,,,,,
14210,42.867,-78.831,2023-02-03T05:00:00,-10.6,0,,0,53,33.2,310,9.222222222,50,,,,,
14210,42.867,-78.831,2023-02-03T06:00:00,-11.1,0,,0,48.9,26,303,7.222222222,57,,,,,
14210,42.867,-78.831,2023-02-03T07:00:00,-12.1,0,snow,0.5,43.1,22.6,303,6.277777778,57,,,,,
14210,42.867,-78.831,2023-02-03T08:00:00,-12.8,0,snow,0.1,53.3,30.1,313,8.361111111,47,,,,,
14210,42.867,-78.831,2023-02-03T09:00:00,-13.8,0,,0,50.9,30.2,331,8.388888889,29,,,,,
14210,42.867,-78.831,2023-02-03T10:00:00,-14.2,0,,0,55.4,32.1,320,8.916666667,40,,,,,
14210,42.867,-78.831,2023-02-03T11:00:00,-13.8,0,,0,69.2,45.1,311,12.52777778,49,,,,,
14210,42.867,-78.831,2023-02-03T12:00:00,-14.2,0,,0,72.8,45,303,12.5,57,,,,,
14210,42.867,-78.831,2023-02-03T13:00:00,-14.8,0,,0,63.9,37.1,302,10.30555556,58,,,,,
14210,42.867,-78.831,2023-02-03T14:00:00,-13.6,0,,0,54.1,29.7,299,8.25,61,,,,,
14210,42.867,-78.831,2023-02-03T15:00:00,-13.1,0,,0,54.3,32.5,283,9.027777778,77,,,,,
14210,42.867,-78.831,2023-02-03T16:00:00,-13.2,0,,0,71.5,45.2,283,12.55555556,77,,,,,
14210,42.867,-78.831,2023-02-03T17:00:00,-13.7,0,,0,54.8,38.1,290,10.58333333,70,,,,,
14210,42.867,-78.831,2023-02-03T18:00:00,-13.7,0,,0,47.4,25.4,283,7.055555556,77,,,,,
14210,42.867,-78.831,2023-02-03T19:00:00,-13.6,0,,0,47.3,29.9,301,8.305555556,59,,,,,
14210,42.867,-78.831,2023-02-03T20:00:00,-13.7,0,snow,0,36,20.5,302,5.694444444,58,,,,,
14210,42.867,-78.831,2023-02-03T21:00:00,-13.7,0,snow,0.2,42.9,27.7,320,7.694444444,40,,,,,
14210,42.867,-78.831,2023-02-03T22:00:00,-13.9,0,,0,49.9,33.3,319,9.25,41,,,,,
14210,42.867,-78.831,2023-02-03T23:00:00,-16,0,,0,27.7,16,359,4.444444444,1,,,,,
14210,42.867,-78.831,2023-02-04T00:00:00,-16.3,0,,0,25.9,10.2,42,2.833333333,42,,,,,
14210,42.867,-78.831,2023-02-04T01:00:00,-16.4,0,,0,24.1,9.9,56,2.75,56,,,,,
14210,42.867,-78.831,2023-02-04T02:00:00,-16.5,0,,0,16.6,9.3,44,2.583333333,44,,,,,
14210,42.867,-78.831,2023-02-04T03:00:00,-16.9,0,,0,13,7.8,94,2.166666667,86,,,,,
14210,42.867,-78.831,2023-02-04T04:00:00,-16.9,0,,0,11.2,7.2,116,2,64,,,,,
14210,42.867,-78.831,2023-02-04T05:00:00,-16.9,0,,0,11.2,10.7,120,2.972222222,60,,,,,
14210,42.867,-78.831,2023-02-04T06:00:00,-17.4,0,,0,13,12.1,113,3.361111111,67,,,,,
14210,42.867,-78.831,2023-02-04T07:00:00,-17.5,0,,0,16.6,12.9,130,3.583333333,50,,,,,
14210,42.867,-78.831,2023-02-04T08:00:00,-16.9,0,,0,20.5,13,123,3.611111111,57,,,,,
14210,42.867,-78.831,2023-02-04T09:00:00,-16.2,0,,0,25.9,10,129,2.777777778,51,,,,,
14210,42.867,-78.831,2023-02-04T10:00:00,-13.6,0.645,snow,0,33.5,13.4,132,3.722222222,48,,,,,
14210,42.867,-78.831,2023-02-04T11:00:00,-10.4,0.559,snow,0,38.9,15.5,167,4.305555556,13,,,,,
14210,42.867,-78.831,2023-02-04T12:00:00,-8.1,0.215,snow,0,43.6,31.6,189,8.777777778,9,,,,,
14210,42.867,-78.831,2023-02-04T13:00:00,-7.6,0,,0,40.7,26.2,193,7.277777778,13,,,,,
14210,42.867,-78.831,2023-02-04T14:00:00,-6.5,0,,0,38.5,24.4,201,6.777777778,21,,,,,
14210,42.867,-78.831,2023-02-04T15:00:00,-5.8,0,,0,42.5,29.1,192,8.083333333,12,,,,,
14210,42.867,-78.831,2023-02-04T16:00:00,-4.2,0,,0,44.6,25.1,201,6.972222222,21,,,,,
14210,42.867,-78.831,2023-02-04T17:00:00,-3.7,0,,0,39.2,22.3,192,6.194444444,12,,,,,
14210,42.867,-78.831,2023-02-04T18:00:00,-3.6,0,,0,38.9,22.2,199,6.166666667,19,,,,,
14210,42.867,-78.831,2023-02-04T19:00:00,-3.5,0,,0,40.7,17.6,190,4.888888889,10,,,,,
14210,42.867,-78.831,2023-02-04T20:00:00,-3,0,,0,44.6,25.4,201,7.055555556,21,,,,,
14210,42.867,-78.831,2023-02-04T21:00:00,-2.5,0,,0,41.1,24.5,201,6.805555556,21,,,,,
14210,42.867,-78.831,2023-02-04T22:00:00,-1.3,0,,0,48.1,33,201,9.166666667,21,,,,,
14210,42.867,-78.831,2023-02-04T23:00:00,-0.8,0,,0,47.5,25.5,210,7.083333333,30,,,,,
14210,42.867,-78.831,2023-02-05T00:00:00,0.2,0,,0,43.7,28.5,210,7.916666667,30,,,,,
14210,42.867,-78.831,2023-02-05T01:00:00,0.8,0,,0,37.1,20.6,219,5.722222222,39,,,,,
14210,42.867,-78.831,2023-02-05T02:00:00,1.3,0,,0,34.9,24.2,210,6.722222222,30,,,,,
14210,42.867,-78.831,2023-02-05T03:00:00,2,0,,0,41.9,24.3,221,6.75,41,,,,,
14210,42.867,-78.831,2023-02-05T04:00:00,2,0,,0,44.6,24.8,213,6.888888889,33,,,,,
14210,42.867,-78.831,2023-02-05T05:00:00,2.4,0,,0,34.2,27.5,211,7.638888889,31,,,,,
14210,42.867,-78.831,2023-02-05T06:00:00,2.3,0,,0,34.3,23.6,203,6.555555556,23,,,,,
14210,42.867,-78.831,2023-02-05T07:00:00,2.4,0,,0,48.2,23.8,203,6.611111111,23,,,,,
14210,42.867,-78.831,2023-02-05T08:00:00,2.5,0,,0,39.5,19.5,203,5.416666667,23,,,,,
14210,42.867,-78.831,2023-02-05T09:00:00,3.6,0,,0,38.3,24.3,211,6.75,31,,,,,
14210,42.867,-78.831,2023-02-05T10:00:00,5.7,0,,0,49.4,33.2,221,9.222222222,41,,,,,
14210,42.867,-78.831,2023-02-05T11:00:00,6.1,0,,0,55,30.3,229,8.416666667,49,,,,,
14210,42.867,-78.831,2023-02-05T12:00:00,6.1,0,,0,66,35.1,229,9.75,49,,,,,
14210,42.867,-78.831,2023-02-05T13:00:00,6.1,0,,0,62.5,32.2,229,8.944444444,49,,,,,
14210,42.867,-78.831,2023-02-05T14:00:00,6.1,0,,0,47.7,27.7,238,7.694444444,58,,,,,
14210,42.867,-78.831,2023-02-05T15:00:00,5.7,0,,0,42.6,24.6,229,6.833333333,49,,,,,
14210,42.867,-78.831,2023-02-05T16:00:00,5.7,0,,0,43.9,23.8,230,6.611111111,50,,,,,
14210,42.867,-78.831,2023-02-05T17:00:00,5,0,,0,44.7,30,240,8.333333333,60,,,,,
14210,42.867,-78.831,2023-02-05T18:00:00,4.5,0,,0,48.5,24.1,232,6.694444444,52,,,,,
14210,42.867,-78.831,2023-02-05T19:00:00,4.1,0,,0,48.2,21.2,239,5.888888889,59,,,,,
14210,42.867,-78.831,2023-02-05T20:00:00,4.1,0.247,rain,0,38.9,19.2,224,5.333333333,44,,,,,
14210,42.867,-78.831,2023-02-05T21:00:00,3.6,0,,0,29.5,15.4,238,4.277777778,58,,,,,
14210,42.867,-78.831,2023-02-05T22:00:00,3.5,0.247,rain,0,29.5,14.4,233,4,53,,,,,
14210,42.867,-78.831,2023-02-05T23:00:00,2.4,0.247,rain,0,27.7,12.6,234,3.5,54,,,,,
14210,42.867,-78.831,2023-02-06T00:00:00,2.3,0,,0,27.7,12.6,229,3.5,49,,,,,
14210,42.867,-78.831,2023-02-06T01:00:00,1.8,0,,0,25.9,12.4,230,3.444444444,50,,,,,
14210,42.867,-78.831,2023-02-06T02:00:00,2.3,0.005,rain,0,13,11.1,253,3.083333333,73,,,,,
14210,42.867,-78.831,2023-02-06T03:00:00,1.7,0.006,"rain,snow",0,37.1,10,265,2.777777778,85,,,,,
14210,42.867,-78.831,2023-02-06T04:00:00,1.7,0,,0,13,8.9,248,2.472222222,68,,,,,
14210,42.867,-78.831,2023-02-06T05:00:00,1.7,0,,0,13,12.4,310,3.444444444,50,,,,,
14210,42.867,-78.831,2023-02-06T06:00:00,1.2,0,,0,37.1,12.3,320,3.416666667,40,,,,,
14210,42.867,-78.831,2023-02-06T07:00:00,1.2,0,,0,14.8,14.5,321,4.027777778,39,,,,,
14210,42.867,-78.831,2023-02-06T08:00:00,0.7,0,,0,50,14.8,313,4.111111111,47,,,,,
14210,42.867,-78.831,2023-02-06T09:00:00,0,0,,0,39.5,22.5,339,6.25,21,,,,,
14210,42.867,-78.831,2023-02-06T10:00:00,-0.6,0,,0,14.8,18.6,332,5.166666667,28,,,,,
14210,42.867,-78.831,2023-02-06T11:00:00,-0.6,0,,0,44.3,17.6,332,4.888888889,28,,,,,
14210,42.867,-78.831,2023-02-06T12:00:00,-0.6,0,,0,20.5,13.4,329,3.722222222,31,,,,,
14210,42.867,-78.831,2023-02-06T13:00:00,-0.6,0,,0,14.8,13.5,352,3.75,8,,,,,
14210,42.867,-78.831,2023-02-06T14:00:00,0.1,0,,0,13,14.5,357,4.027777778,3,,,,,
14210,42.867,-78.831,2023-02-06T15:00:00,0.1,0,,0,13,11.3,26,3.138888889,26,,,,,
14210,42.867,-78.831,2023-02-06T16:00:00,0,0,,0,11.2,5.1,359,1.416666667,1,,,,,
14210,42.867,-78.831,2023-02-06T17:00:00,-0.6,0,,0,9.4,8.9,335,2.472222222,25,,,,,
14210,42.867,-78.831,2023-02-06T18:00:00,-0.6,0,,0,7.6,7.4,4,2.055555556,4,,,,,
14210,42.867,-78.831,2023-02-06T19:00:00,-0.7,0,,0,5.4,4.9,347,1.361111111,13,,,,,
14210,42.867,-78.831,2023-02-06T20:00:00,-0.7,0,,0,11.2,0.2,10,0.055555556,10,,,,,
14210,42.867,-78.831,2023-02-06T21:00:00,-0.7,0,,0,9.4,9,102,2.5,78,,,,,
14210,42.867,-78.831,2023-02-06T22:00:00,-0.7,0,,0,9.4,11.2,138,3.111111111,42,,,,,
14210,42.867,-78.831,2023-02-06T23:00:00,-0.6,0,,0,5.4,12.2,166,3.388888889,14,,,,,
14210,42.867,-78.831,2023-02-07T00:00:00,-0.6,0,,0,7.6,11,143,3.055555556,37,,,,,
14210,42.867,-78.831,2023-02-07T01:00:00,-0.6,0,,0,7.6,8.2,192,2.277777778,12,,,,,
14210,42.867,-78.831,2023-02-07T02:00:00,-1.1,0,,0,9.4,8.1,150,2.25,30,,,,,
14210,42.867,-78.831,2023-02-07T03:00:00,-2.1,0,,0,11.2,9.2,113,2.555555556,67,,,,,
14210,42.867,-78.831,2023-02-07T04:00:00,-2.1,0,,0,13,15.5,113,4.305555556,67,,,,,
14210,42.867,-78.831,2023-02-07T05:00:00,-2.2,0,,0,14.8,0.8,24,0.222222222,24,,,,,
14210,42.867,-78.831,2023-02-07T06:00:00,-2.8,0,,0,18.4,1.3,36,0.361111111,36,,,,,
14210,42.867,-78.831,2023-02-07T07:00:00,-3.2,0,,0,25.9,11.1,131,3.083333333,49,,,,,
14210,42.867,-78.831,2023-02-07T08:00:00,-2.6,0,,0,29.5,11.8,142,3.277777778,38,,,,,
14210,42.867,-78.831,2023-02-07T09:00:00,-1.2,0,,0,40.7,10.9,180,3.027777778,0,,,,,
14210,42.867,-78.831,2023-02-07T10:00:00,5.4,0,,0,38.3,27.7,189,7.694444444,9,,,,,
14210,42.867,-78.831,2023-02-07T11:00:00,8.4,0,,0,54.9,34.1,204,9.472222222,24,,,,,
14210,42.867,-78.831,2023-02-07T12:00:00,9.1,0,,0,60.4,36.9,208,10.25,28,,,,,
14210,42.867,-78.831,2023-02-07T13:00:00,8.8,0,,0,60.3,36,209,10,29,,,,,
14210,42.867,-78.831,2023-02-07T14:00:00,8.7,0,,0,50.6,33.8,210,9.388888889,30,,,,,
14210,42.867,-78.831,2023-02-07T15:00:00,8.4,0.247,rain,0,47.9,27.7,204,7.694444444,24,,,,,
14210,42.867,-78.831,2023-02-07T16:00:00,8.8,0,,0,44.2,24.3,221,6.75,41,,,,,
14210,42.867,-78.831,2023-02-07T17:00:00,8.4,0.247,rain,0,41.4,25,215,6.944444444,35,,,,,
14210,42.867,-78.831,2023-02-07T18:00:00,7.8,0,,0,55.1,30,248,8.333333333,68,,,,,
14210,42.867,-78.831,2023-02-07T19:00:00,6.7,0,,0,46.7,22.3,253,6.194444444,73,,,,,
14210,42.867,-78.831,2023-02-07T20:00:00,6,0,,0,38.7,24.2,287,6.722222222,73,,,,,
14210,42.867,-78.831,2023-02-07T21:00:00,5,0,,0,39,22.7,280,6.305555556,80,,,,,
14210,42.867,-78.831,2023-02-07T22:00:00,4.3,0,,0,37.1,17.8,261,4.944444444,81,,,,,
14210,42.867,-78.831,2023-02-07T23:00:00,2.4,0,,0,51.8,15,259,4.166666667,79,,,,,
14210,42.867,-78.831,2023-02-08T00:00:00,2.4,0,,0,48.2,15.5,225,4.305555556,45,,,,,
14210,42.867,-78.831,2023-02-08T01:00:00,2.4,0,,0,44.3,18.9,244,5.25,64,,,,,
14210,42.867,-78.831,2023-02-08T02:00:00,2,0,,0,42.5,20.6,243,5.722222222,63,,,,,
14210,42.867,-78.831,2023-02-08T03:00:00,1.9,0,,0,37.1,17.7,243,4.916666667,63,,,,,
14210,42.867,-78.831,2023-02-08T04:00:00,1.9,0,,0,33.5,14.4,243,4,63,,,,,
14210,42.867,-78.831,2023-02-08T05:00:00,2.3,0,,0,31.3,12.7,249,3.527777778,69,,,,,
14210,42.867,-78.831,2023-02-08T06:00:00,2.3,0,,0,33.5,17.9,249,4.972222222,69,,,,,
14210,42.867,-78.831,2023-02-08T07:00:00,2.3,0,,0,33.5,16.2,241,4.5,61,,,,,
14210,42.867,-78.831,2023-02-08T08:00:00,2.2,0,,0,33.5,13.1,238,3.638888889,58,,,,,
14210,42.867,-78.831,2023-02-08T09:00:00,2.9,0,,0,33.5,17.8,239,4.944444444,59,,,,,
14210,42.867,-78.831,2023-02-08T10:00:00,3.5,0,,0,40.7,26.5,250,7.361111111,70,,,,,
14210,42.867,-78.831,2023-02-08T11:00:00,3.6,0,,0,44.2,27,236,7.5,56,,,,,
14210,42.867,-78.831,2023-02-08T12:00:00,4.2,0,,0,43.2,24.1,235,6.694444444,55,,,,,
14210,42.867,-78.831,2023-02-08T13:00:00,4.3,0,,0,33.5,27.7,223,7.694444444,43,,,,,
14210,42.867,-78.831,2023-02-08T14:00:00,4.6,0,,0,38.9,25.3,234,7.027777778,54,,,,,
14210,42.867,-78.831,2023-02-08T15:00:00,4.6,0,,0,37.1,23.3,229,6.472222222,49,,,,,
14210,42.867,-78.831,2023-02-08T16:00:00,4.1,0,,0,31.3,23.6,239,6.555555556,59,,,,,
14210,42.867,-78.831,2023-02-08T17:00:00,3.4,0,,0,29.5,15.4,228,4.277777778,48,,,,,
14210,42.867,-78.831,2023-02-08T18:00:00,1.5,0,,0,22.3,14.6,222,4.055555556,42,,,,,
14210,42.867,-78.831,2023-02-08T19:00:00,1.3,0,,0,13,15.5,204,4.305555556,24,,,,,
14210,42.867,-78.831,2023-02-08T20:00:00,0.7,0,,0,13,13.9,197,3.861111111,17,,,,,
14210,42.867,-78.831,2023-02-08T21:00:00,0.2,0,,0,11.2,13.2,180,3.666666667,0,,,,,
14210,42.867,-78.831,2023-02-08T22:00:00,0.6,0,,0,11.2,10.6,159,2.944444444,21,,,,,
14210,42.867,-78.831,2023-02-08T23:00:00,0.4,0,,0,11.2,7.8,220,2.166666667,40,,,,,
14210,42.867,-78.831,2023-02-09T00:00:00,-0.1,0,,0,11.2,6.4,101,1.777777778,79,,,,,
14210,42.867,-78.831,2023-02-09T01:00:00,-0.3,0,,0,11.2,8.6,117,2.388888889,63,,,,,
14210,42.867,-78.831,2023-02-09T02:00:00,0.8,0,,0,9.4,5.4,121,1.5,59,,,,,
14210,42.867,-78.831,2023-02-09T03:00:00,1.4,0,,0,9.4,11,72,3.055555556,72,,,,,
14210,42.867,-78.831,2023-02-09T04:00:00,1.1,0,,0,11.2,5.8,37,1.611111111,37,,,,,
14210,42.867,-78.831,2023-02-09T05:00:00,1.3,0,,0,11.2,10.8,55,3,55,,,,,
14210,42.867,-78.831,2023-02-09T06:00:00,1.2,0.009,"rain,snow",0,11.2,8.2,74,2.277777778,74,,,,,
14210,42.867,-78.831,2023-02-09T07:00:00,3.8,0.251,rain,0,11.2,13.6,136,3.777777778,44,,,,,
14210,42.867,-78.831,2023-02-09T08:00:00,3.1,0.621,rain,0,13,11,113,3.055555556,67,,,,,
14210,42.867,-78.831,2023-02-09T09:00:00,3.5,4.316,rain,0,13,14.6,98,4.055555556,82,,,,,
14210,42.867,-78.831,2023-02-09T10:00:00,4.2,4.214,rain,0,16.6,7.5,25,2.083333333,25,,,,,
14210,42.867,-78.831,2023-02-09T11:00:00,4.5,2.963,rain,0,16.6,11.8,69,3.277777778,69,,,,,
14210,42.867,-78.831,2023-02-09T12:00:00,5,4.742,rain,0,27.7,15,119,4.166666667,61,,,,,
14210,42.867,-78.831,2023-02-09T13:00:00,6.5,2.012,rain,0,35.3,13.1,145,3.638888889,35,,,,,
14210,42.867,-78.831,2023-02-09T14:00:00,9,2.791,rain,0,40.7,20.3,156,5.638888889,24,,,,,
14210,42.867,-78.831,2023-02-09T15:00:00,10.3,0.427,rain,0,44.3,17.2,174,4.777777778,6,,,,,
14210,42.867,-78.831,2023-02-09T16:00:00,12.4,0.247,rain,0,48.2,22.2,178,6.166666667,2,,,,,
14210,42.867,-78.831,2023-02-09T17:00:00,13,0,,0,46.4,22.3,170,6.194444444,10,,,,,
14210,42.867,-78.831,2023-02-09T18:00:00,12.7,0.005,rain,0,37.1,17.2,187,4.777777778,7,,,,,
14210,42.867,-78.831,2023-02-09T19:00:00,12.4,0,,0,53.6,30,205,8.333333333,25,,,,,
14210,42.867,-78.831,2023-02-09T20:00:00,11.4,0.258,rain,0,50,16.2,256,4.5,76,,,,,
14210,42.867,-78.831,2023-02-09T21:00:00,9.8,0.345,rain,0,43.6,28.2,226,7.833333333,46,,,,,
14210,42.867,-78.831,2023-02-09T22:00:00,7,0.678,rain,0,56.7,34.5,230,9.583333333,50,,,,,
14210,42.867,-78.831,2023-02-09T23:00:00,6,0.02,rain,0,57.9,31.3,233,8.694444444,53,,,,,
14210,42.867,-78.831,2023-02-10T00:00:00,5.1,0,,0,70.8,42.4,248,11.77777778,68,,,,,
14210,42.867,-78.831,2023-02-10T01:00:00,4,0,,0,88.4,43.8,240,12.16666667,60,,,,,
14210,42.867,-78.831,2023-02-10T02:00:00,3.9,0,,0,79.4,38.9,238,10.80555556,58,,,,,
14210,42.867,-78.831,2023-02-10T03:00:00,3.9,0,,0,77.8,46.6,238,12.94444444,58,,,,,
14210,42.867,-78.831,2023-02-10T04:00:00,3.3,0,,0,85.4,55.3,238,15.36111111,58,,,,,
14210,42.867,-78.831,2023-02-10T05:00:00,2.9,0,,0,80.3,40.8,239,11.33333333,59,,,,,
14210,42.867,-78.831,2023-02-10T06:00:00,2.9,0,,0,70,40.2,242,11.16666667,62,,,,,
14210,42.867,-78.831,2023-02-10T07:00:00,2.4,0,,0,61.8,29.6,242,8.222222222,62,,,,,
14210,42.867,-78.831,2023-02-10T08:00:00,2.4,0,,0,50.7,31.1,242,8.638888889,62,,,,,
14210,42.867,-78.831,2023-02-10T09:00:00,2.4,0,,0,56.1,33.7,241,9.361111111,61,,,,,
14210,42.867,-78.831,2023-02-10T10:00:00,2.4,0,,0,59.8,37.9,243,10.52777778,63,,,,,
14210,42.867,-78.831,2023-02-10T11:00:00,2.4,0,,0,59.2,36.5,242,10.13888889,62,,,,,
14210,42.867,-78.831,2023-02-10T12:00:00,2.4,0,,0,53.2,30.9,242,8.583333333,62,,,,,
14210,42.867,-78.831,2023-02-10T13:00:00,2.4,0,,0,53.6,33.6,243,9.333333333,63,,,,,
14210,42.867,-78.831,2023-02-10T14:00:00,2.4,0,,0,49,28.2,243,7.833333333,63,,,,,
14210,42.867,-78.831,2023-02-10T15:00:00,2.3,0,,0,56.5,29.8,245,8.277777778,65,,,,,
14210,42.867,-78.831,2023-02-10T16:00:00,1.9,0,,0,52.7,34.3,244,9.527777778,64,,,,,
14210,42.867,-78.831,2023-02-10T17:00:00,1.8,0.247,"rain,snow",0,41.9,26.9,262,7.472222222,82,,,,,
14210,42.867,-78.831,2023-02-10T18:00:00,1.7,0,,0,47.7,17.7,273,4.916666667,87,,,,,
14210,42.867,-78.831,2023-02-10T19:00:00,1.2,0,,0,42.5,15.7,264,4.361111111,84,,,,,
14210,42.867,-78.831,2023-02-10T20:00:00,1,0,,0,48.1,31.4,287,8.722222222,73,,,,,
14210,42.867,-78.831,2023-02-10T21:00:00,0.1,0,,0,49.3,26.5,270,7.361111111,90,,,,,
14210,42.867,-78.831,2023-02-10T22:00:00,-0.5,0,,0,42.2,23.2,273,6.444444444,87,,,,,
14210,42.867,-78.831,2023-02-10T23:00:00,-0.9,0,,0,47.9,30,279,8.333333333,81,,,,,
14210,42.867,-78.831,2023-02-11T00:00:00,-1,0,,0,42.2,25.7,270,7.138888889,90,,,,,
14210,42.867,-78.831,2023-02-11T01:00:00,-1.1,0,,0,45.7,29.9,270,8.305555556,90,,,,,
14210,42.867,-78.831,2023-02-11T02:00:00,-1.1,0,,0,43.1,25.9,264,7.194444444,84,,,,,
14210,42.867,-78.831,2023-02-11T03:00:00,-1.6,0,,0,36.3,20.1,277,5.583333333,83,,,,,
14210,42.867,-78.831,2023-02-11T04:00:00,-1.6,0,,0,31.3,18.7,303,5.194444444,57,,,,,
14210,42.867,-78.831,2023-02-11T05:00:00,-2,0,,0,34,16.9,302,4.694444444,58,,,,,
14210,42.867,-78.831,2023-02-11T06:00:00,-2,0,,0,42.5,14.3,311,3.972222222,49,,,,,
14210,42.867,-78.831,2023-02-11T07:00:00,-2.1,0,,0,33.5,17.6,293,4.888888889,67,,,,,
14210,42.867,-78.831,2023-02-11T08:00:00,-2.1,0,,0,35.3,13.1,292,3.638888889,68,,,,,
14210,42.867,-78.831,2023-02-11T09:00:00,-1.5,0,,0,24.1,13.1,277,3.638888889,83,,,,,
14210,42.867,-78.831,2023-02-11T10:00:00,-1.5,0,,0,25.9,15.7,264,4.361111111,84,,,,,
14210,42.867,-78.831,2023-02-11T11:00:00,-1.4,0,,0,27.7,13.8,260,3.833333333,80,,,,,
14210,42.867,-78.831,2023-02-11T12:00:00,-1,0,,0,29.5,19.8,229,5.5,49,,,,,
14210,42.867,-78.831,2023-02-11T13:00:00,-0.9,0,,0,29.5,20.4,239,5.666666667,59,,,,,
14210,42.867,-78.831,2023-02-11T14:00:00,-0.4,0,,0,40.2,26.7,220,7.416666667,40,,,,,
14210,42.867,-78.831,2023-02-11T15:00:00,-0.3,0,,0,42.4,29.2,220,8.111111111,40,,,,,
14210,42.867,-78.831,2023-02-11T16:00:00,0.1,0,,0,46.1,27.4,236,7.611111111,56,,,,,
14210,42.867,-78.831,2023-02-11T17:00:00,-0.5,0,,0,42.5,24.7,229,6.861111111,49,,,,,
14210,42.867,-78.831,2023-02-11T18:00:00,-1,0,,0,37.1,22.1,211,6.138888889,31,,,,,
14210,42.867,-78.831,2023-02-11T19:00:00,-0.5,0,,0,44.6,24.2,210,6.722222222,30,,,,,
14210,42.867,-78.831,2023-02-11T20:00:00,-0.9,0,,0,38.9,17.3,202,4.805555556,22,,,,,
14210,42.867,-78.831,2023-02-11T21:00:00,-0.9,0,,0,33.5,15.7,218,4.361111111,38,,,,,
14210,42.867,-78.831,2023-02-11T22:00:00,-0.8,0,,0,40.7,16.4,219,4.555555556,39,,,,,
14210,42.867,-78.831,2023-02-11T23:00:00,-0.3,0,,0,29.5,20.7,220,5.75,40,,,,,
14210,42.867,-78.831,2023-02-12T00:00:00,0.2,0,,0,27.7,17.4,230,4.833333333,50,,,,,
14210,42.867,-78.831,2023-02-12T01:00:00,0.3,0,,0,27.7,14.6,222,4.055555556,42,,,,,
14210,42.867,-78.831,2023-02-12T02:00:00,-0.3,0,,0,33.5,17.7,221,4.916666667,41,,,,,
14210,42.867,-78.831,2023-02-12T03:00:00,0.7,0,,0,25.9,17,220,4.722222222,40,,,,,
14210,42.867,-78.831,2023-02-12T04:00:00,-0.3,0,,0,24.1,15.2,213,4.222222222,33,,,,,
14210,42.867,-78.831,2023-02-12T05:00:00,0.1,0,,0,22.3,14.3,220,3.972222222,40,,,,,
14210,42.867,-78.831,2023-02-12T06:00:00,-0.1,0,,0,20.5,9.5,218,2.638888889,38,,,,,
14210,42.867,-78.831,2023-02-12T07:00:00,-1.4,0,,0,20.5,11.6,209,3.222222222,29,,,,,
14210,42.867,-78.831,2023-02-12T08:00:00,-0.9,0,,0,22.3,9.5,201,2.638888889,21,,,,,
14210,42.867,-78.831,2023-02-12T09:00:00,0.8,0,,0,24.1,9.7,206,2.694444444,26,,,,,
14210,42.867,-78.831,2023-02-12T10:00:00,2.9,0,,0,22.3,14.3,214,3.972222222,34,,,,,
14210,42.867,-78.831,2023-02-12T11:00:00,4,0,,0,14.8,17.2,231,4.777777778,51,,,,,
14210,42.867,-78.831,2023-02-12T12:00:00,4.5,0,,0,16.6,14.3,215,3.972222222,35,,,,,
14210,42.867,-78.831,2023-02-12T13:00:00,5.1,0,,0,14.8,9.9,210,2.75,30,,,,,
14210,42.867,-78.831,2023-02-12T14:00:00,6.2,0,,0,14.8,9.3,202,2.583333333,22,,,,,
14210,42.867,-78.831,2023-02-12T15:00:00,7.1,0,,0,14.8,9.6,199,2.666666667,19,,,,,
14210,42.867,-78.831,2023-02-12T16:00:00,7.7,0,,0,13,6.1,209,1.694444444,29,,,,,
14210,42.867,-78.831,2023-02-12T17:00:00,6.7,0,,0,11.2,6.8,225,1.888888889,45,,,,,
14210,42.867,-78.831,2023-02-12T18:00:00,3,0,,0,7.6,7.8,210,2.166666667,30,,,,,
14210,42.867,-78.831,2023-02-12T19:00:00,1.4,0,,0,7.6,9,209,2.5,29,,,,,
14210,42.867,-78.831,2023-02-12T20:00:00,-0.4,0,,0,7.6,9.2,197,2.555555556,17,,,,,
14210,42.867,-78.831,2023-02-12T21:00:00,-1,0,,0,5.4,8.6,202,2.388888889,22,,,,,
14210,42.867,-78.831,2023-02-12T22:00:00,-1,0,,0,7.6,5.3,189,1.472222222,9,,,,,
14210,42.867,-78.831,2023-02-12T23:00:00,-1.1,0,,0,7.6,7.1,213,1.972222222,33,,,,,
14210,42.867,-78.831,2023-02-13T00:00:00,-2,0,,0,9.4,7.1,188,1.972222222,8,,,,,
14210,42.867,-78.831,2023-02-13T01:00:00,-1.7,0,,0,11.2,5.3,217,1.472222222,37,,,,,
14210,42.867,-78.831,2023-02-13T02:00:00,-2.6,0,,0,13,7.3,198,2.027777778,18,,,,,
14210,42.867,-78.831,2023-02-13T03:00:00,-3,0,,0,14.8,7.5,198,2.083333333,18,,,,,
14210,42.867,-78.831,2023-02-13T04:00:00,-3,0,,0,14.8,11.5,182,3.194444444,2,,,,,
14210,42.867,-78.831,2023-02-13T05:00:00,-2.6,0,,0,16.6,9.3,192,2.583333333,12,,,,,
14210,42.867,-78.831,2023-02-13T06:00:00,-1.3,0,,0,18.4,12.1,173,3.361111111,7,,,,,
14210,42.867,-78.831,2023-02-13T07:00:00,-3,0,,0,22.3,10.4,181,2.888888889,1,,,,,
14210,42.867,-78.831,2023-02-13T08:00:00,-0.6,0,,0,27.7,14.2,192,3.944444444,12,,,,,
14210,42.867,-78.831,2023-02-13T09:00:00,2.4,0,,0,35.3,16.2,211,4.5,31,,,,,
14210,42.867,-78.831,2023-02-13T10:00:00,3.9,0,,0,42.5,23.6,218,6.555555556,38,,,,,
14210,42.867,-78.831,2023-02-13T11:00:00,5.1,0,,0,42.1,26.2,230,7.277777778,50,,,,,
14210,42.867,-78.831,2023-02-13T12:00:00,5.8,0,,0,59.5,37.5,231,10.41666667,51,,,,,
14210,42.867,-78.831,2023-02-13T13:00:00,5.8,0,,0,65.3,34.8,229,9.666666667,49,,,,,
14210,42.867,-78.831,2023-02-13T14:00:00,5.3,0,,0,59.9,35.6,238,9.888888889,58,,,,,
14210,42.867,-78.831,2023-02-13T15:00:00,4.8,0,,0,53.6,30.2,240,8.388888889,60,,,,,
14210,42.867,-78.831,2023-02-13T16:00:00,4.4,0,,0,64.2,36.9,241,10.25,61,,,,,
14210,42.867,-78.831,2023-02-13T17:00:00,3.9,0,,0,56.4,29.1,238,8.083333333,58,,,,,
14210,42.867,-78.831,2023-02-13T18:00:00,2.6,0,,0,47.8,22.5,241,6.25,61,,,,,
14210,42.867,-78.831,2023-02-13T19:00:00,2.4,0,,0,47.9,12.3,266,3.416666667,86,,,,,
14210,42.867,-78.831,2023-02-13T20:00:00,2.8,0,,0,40.7,15.5,281,4.305555556,79,,,,,
14210,42.867,-78.831,2023-02-13T21:00:00,1.6,0,,0,35.3,13.7,242,3.805555556,62,,,,,
14210,42.867,-78.831,2023-02-13T22:00:00,0.8,0,,0,27.7,12.4,227,3.444444444,47,,,,,
14210,42.867,-78.831,2023-02-13T23:00:00,1.1,0,,0,33.5,11.4,225,3.166666667,45,,,,,
14210,42.867,-78.831,2023-02-14T00:00:00,0.1,0,,0,33.5,9.8,237,2.722222222,57,,,,,
14210,42.867,-78.831,2023-02-14T01:00:00,0.4,0,,0,25.9,13.1,269,3.638888889,89,,,,,
14210,42.867,-78.831,2023-02-14T02:00:00,-0.1,0,,0,20.5,10.9,266,3.027777778,86,,,,,
14210,42.867,-78.831,2023-02-14T03:00:00,-0.2,0,,0,22.3,8.1,257,2.25,77,,,,,
14210,42.867,-78.831,2023-02-14T04:00:00,-1.2,0,,0,20.5,6.4,208,1.777777778,28,,,,,
14210,42.867,-78.831,2023-02-14T05:00:00,-1.7,0,,0,13,11.9,198,3.305555556,18,,,,,
14210,42.867,-78.831,2023-02-14T06:00:00,-2.1,0,,0,13,10.9,212,3.027777778,32,,,,,
14210,42.867,-78.831,2023-02-14T07:00:00,-2,0,,0,14.8,10.2,184,2.833333333,4,,,,,
14210,42.867,-78.831,2023-02-14T08:00:00,-1,0,,0,16.6,8.7,194,2.416666667,14,,,,,
14210,42.867,-78.831,2023-02-14T09:00:00,1.8,0,,0,18.4,14.2,212,3.944444444,32,,,,,
14210,42.867,-78.831,2023-02-14T10:00:00,3.9,0,,0,18.4,21.1,228,5.861111111,48,,,,,
14210,42.867,-78.831,2023-02-14T11:00:00,4.2,0,,0,18.4,23,219,6.388888889,39,,,,,
14210,42.867,-78.831,2023-02-14T12:00:00,5.4,0,,0,20.5,17.1,223,4.75,43,,,,,
14210,42.867,-78.831,2023-02-14T13:00:00,6.9,0,,0,20.5,17.6,227,4.888888889,47,,,,,
14210,42.867,-78.831,2023-02-14T14:00:00,8.4,0,,0,13,14.9,235,4.138888889,55,,,,,
14210,42.867,-78.831,2023-02-14T15:00:00,9.3,0,,0,13,11.5,193,3.194444444,13,,,,,
14210,42.867,-78.831,2023-02-14T16:00:00,10.6,0,,0,13,1.7,318,0.472222222,42,,,,,
14210,42.867,-78.831,2023-02-14T17:00:00,9.9,0,,0,13,1.6,46,0.444444444,46,,,,,
14210,42.867,-78.831,2023-02-14T18:00:00,9,0,,0,14.8,0.2,10,0.055555556,10,,,,,
14210,42.867,-78.831,2023-02-14T19:00:00,6,0,,0,14.8,9.6,83,2.666666667,83,,,,,
14210,42.867,-78.831,2023-02-14T20:00:00,6.7,0,,0,16.6,15.7,118,4.361111111,62,,,,,
14210,42.867,-78.831,2023-02-14T21:00:00,6.6,0,,0,20.5,14.2,130,3.944444444,50,,,,,
14210,42.867,-78.831,2023-02-14T22:00:00,7,0,,0,25.9,10.4,131,2.888888889,49,,,,,
14210,42.867,-78.831,2023-02-14T23:00:00,7.1,0,,0,29.5,10.8,131,3,49,,,,,
14210,42.867,-78.831,2023-02-15T00:00:00,8.1,0,,0,35.3,12.3,148,3.416666667,32,,,,,
14210,42.867,-78.831,2023-02-15T01:00:00,9,0,,0,44.3,16.9,159,4.694444444,21,,,,,
14210,42.867,-78.831,2023-02-15T02:00:00,9.8,0,,0,33.5,19.1,162,5.305555556,18,,,,,
14210,42.867,-78.831,2023-02-15T03:00:00,10,0,,0,42.5,21.9,144,6.083333333,36,,,,,
14210,42.867,-78.831,2023-02-15T04:00:00,10.3,0,,0,51.8,19.3,186,5.361111111,6,,,,,
14210,42.867,-78.831,2023-02-15T05:00:00,10.4,0,,0,59.4,19.5,161,5.416666667,19,,,,,
14210,42.867,-78.831,2023-02-15T06:00:00,11.1,0,,0,39.9,27.4,187,7.611111111,7,,,,,
14210,42.867,-78.831,2023-02-15T07:00:00,12.7,0,,0,56.7,33.5,190,9.305555556,10,,,,,
14210,42.867,-78.831,2023-02-15T08:00:00,13.6,0,,0,65.8,42.3,200,11.75,20,,,,,
14210,42.867,-78.831,2023-02-15T09:00:00,14.2,0,,0,67.9,36.7,191,10.19444444,11,,,,,
14210,42.867,-78.831,2023-02-15T10:00:00,15.4,0,,0,67.3,46.2,210,12.83333333,30,,,,,
14210,42.867,-78.831,2023-02-15T11:00:00,15.4,0,,0,66.5,32.6,210,9.055555556,30,,,,,
14210,42.867,-78.831,2023-02-15T12:00:00,15.4,0,,0,73.7,44,220,12.22222222,40,,,,,
14210,42.867,-78.831,2023-02-15T13:00:00,14.3,0,,0,65.2,41.2,222,11.44444444,42,,,,,
14210,42.867,-78.831,2023-02-15T14:00:00,14.4,0,,0,65.9,39.6,231,11,51,,,,,
14210,42.867,-78.831,2023-02-15T15:00:00,13.6,0,,0,74.6,41.3,241,11.47222222,61,,,,,
14210,42.867,-78.831,2023-02-15T16:00:00,14.5,0,,0,71,35.3,250,9.805555556,70,,,,,
14210,42.867,-78.831,2023-02-15T17:00:00,11.7,0,,0,63.8,32.2,233,8.944444444,53,,,,,
14210,42.867,-78.831,2023-02-15T18:00:00,9.1,0,,0,51.4,35.4,232,9.833333333,52,,,,,
14210,42.867,-78.831,2023-02-15T19:00:00,8.1,0,,0,51.1,25.5,233,7.083333333,53,,,,,
14210,42.867,-78.831,2023-02-15T20:00:00,7.1,0,,0,49.8,27.5,235,7.638888889,55,,,,,
14210,42.867,-78.831,2023-02-15T21:00:00,6.5,0,,0,54.6,20.3,228,5.638888889,48,,,,,
14210,42.867,-78.831,2023-02-15T22:00:00,6,0,,0,57.2,23.6,233,6.555555556,53,,,,,
14210,42.867,-78.831,2023-02-15T23:00:00,6.3,0,,0,35.6,23.7,246,6.583333333,66,,,,,
14210,42.867,-78.831,2023-02-16T00:00:00,4.5,0,,0,33.5,15,233,4.166666667,53,,,,,
14210,42.867,-78.831,2023-02-16T01:00:00,4.3,0,,0,35.3,14.4,237,4,57,,,,,
14210,42.867,-78.831,2023-02-16T02:00:00,4.4,0,,0,37.1,12.8,240,3.555555556,60,,,,,
14210,42.867,-78.831,2023-02-16T03:00:00,4.4,0,,0,44.3,8.6,252,2.388888889,72,,,,,
14210,42.867,-78.831,2023-02-16T04:00:00,5.1,0,,0,22.3,15.7,263,4.361111111,83,,,,,
14210,42.867,-78.831,2023-02-16T05:00:00,4.4,0,,0,18.4,13.1,257,3.638888889,77,,,,,
14210,42.867,-78.831,2023-02-16T06:00:00,4.3,0,,0,16.6,12.3,266,3.416666667,86,,,,,
14210,42.867,-78.831,2023-02-16T07:00:00,3.9,0,,0,13,12.4,272,3.444444444,88,,,,,
14210,42.867,-78.831,2023-02-16T08:00:00,4.4,0,,0,11.2,8.6,281,2.388888889,79,,,,,
14210,42.867,-78.831,2023-02-16T09:00:00,4.5,0,,0,9.4,5.7,197,1.583333333,17,,,,,
14210,42.867,-78.831,2023-02-16T10:00:00,5.1,0,,0,9.4,7.8,216,2.166666667,36,,,,,
14210,42.867,-78.831,2023-02-16T11:00:00,4.9,0,,0,9.4,2.3,7,0.638888889,7,,,,,
14210,42.867,-78.831,2023-02-16T12:00:00,5.4,0,,0,11.2,2.4,11,0.666666667,11,,,,,
14210,42.867,-78.831,2023-02-16T13:00:00,5.7,0,,0,16.6,10.7,17,2.972222222,17,,,,,
14210,42.867,-78.831,2023-02-16T14:00:00,4.2,0,,0,22.3,18.6,32,5.166666667,32,,,,,
14210,42.867,-78.831,2023-02-16T15:00:00,3.7,0,,0,24.1,20.6,30,5.722222222,30,,,,,
14210,42.867,-78.831,2023-02-16T16:00:00,3.2,0,,0,24.1,20.5,33,5.694444444,33,,,,,
14210,42.867,-78.831,2023-02-16T17:00:00,2.2,0,,0,33.5,20.9,42,5.805555556,42,,,,,
14210,42.867,-78.831,2023-02-16T18:00:00,2.1,0,,0,37.1,18.5,41,5.138888889,41,,,,,
14210,42.867,-78.831,2023-02-16T19:00:00,2.1,0,,0,33.5,20.3,33,5.638888889,33,,,,,
14210,42.867,-78.831,2023-02-16T20:00:00,2.1,0,,0,38.9,25.3,50,7.027777778,50,,,,,
14210,42.867,-78.831,2023-02-16T21:00:00,1.7,0.009,"rain,snow",0,42.5,23.9,61,6.638888889,61,,,,,
14210,42.867,-78.831,2023-02-16T22:00:00,2.1,0.004,rain,0,24.1,16.7,79,4.638888889,79,,,,,
14210,42.867,-78.831,2023-02-16T23:00:00,2.7,0.021,rain,0,44.3,15.3,53,4.25,53,,,,,
14210,42.867,-78.831,2023-02-17T00:00:00,2.2,0.09,rain,0,40.7,14.1,12,3.916666667,12,,,,,
14210,42.867,-78.831,2023-02-17T01:00:00,2.2,0,,0,24.1,14.1,25,3.916666667,25,,,,,
14210,42.867,-78.831,2023-02-17T02:00:00,2,0.003,rain,0,53.6,17.6,43,4.888888889,43,,,,,
14210,42.867,-78.831,2023-02-17T03:00:00,1.1,0.047,"rain,snow",0,33.5,22.3,39,6.194444444,39,,,,,
14210,42.867,-78.831,2023-02-17T04:00:00,0.1,0.453,"rain,snow",0,44.6,28.3,331,7.861111111,29,,,,,
14210,42.867,-78.831,2023-02-17T05:00:00,0.1,1.41,"rain,snow",0,38.9,9.2,9,2.555555556,9,,,,,
14210,42.867,-78.831,2023-02-17T06:00:00,0.1,0.123,"rain,snow",0,27.7,13.7,343,3.805555556,17,,,,,
14210,42.867,-78.831,2023-02-17T07:00:00,-0.7,0.294,"rain,snow",0.3,27.7,17.3,321,4.805555556,39,,,,,
14210,42.867,-78.831,2023-02-17T08:00:00,-1.7,0,,0,42.9,27.2,322,7.555555556,38,,,,,
14210,42.867,-78.831,2023-02-17T09:00:00,-3.3,0,,0,53.6,22.9,330,6.361111111,30,,,,,
14210,42.867,-78.831,2023-02-17T10:00:00,-3.8,0,,0,43.6,26,340,7.222222222,20,,,,,
14210,42.867,-78.831,2023-02-17T11:00:00,-4.3,0,,0,42.9,23.2,330,6.444444444,30,,,,,
14210,42.867,-78.831,2023-02-17T12:00:00,-4.3,0,,0,42.5,21.4,317,5.944444444,43,,,,,
14210,42.867,-78.831,2023-02-17T13:00:00,-4.9,0,snow,2,33.5,22.5,294,6.25,66,,,,,
14210,42.867,-78.831,2023-02-17T14:00:00,-4.9,0,,0,42.5,17.4,323,4.833333333,37,,,,,
14210,42.867,-78.831,2023-02-17T15:00:00,-4.8,0,,0,33.1,23.5,293,6.527777778,67,,,,,
14210,42.867,-78.831,2023-02-17T16:00:00,-4.1,0,,0,31.3,21.1,312,5.861111111,48,,,,,
14210,42.867,-78.831,2023-02-17T17:00:00,-4.2,0,,0,42.5,16.6,308,4.611111111,52,,,,,
14210,42.867,-78.831,2023-02-17T18:00:00,-4.3,0,,0,42.5,19.2,300,5.333333333,60,,,,,
14210,42.867,-78.831,2023-02-17T19:00:00,-4.9,0.071,snow,0.8,38.9,23.5,300,6.527777778,60,,,,,
14210,42.867,-78.831,2023-02-17T20:00:00,-5.5,0,,0,37.8,27.4,291,7.611111111,69,,,,,
14210,42.867,-78.831,2023-02-17T21:00:00,-6.1,0,,0,42.5,22.7,289,6.305555556,71,,,,,
14210,42.867,-78.831,2023-02-17T22:00:00,-7,0,,0,24.1,20.9,253,5.805555556,73,,,,,
14210,42.867,-78.831,2023-02-17T23:00:00,-7,0,,0,42.5,18.1,254,5.027777778,74,,,,,
14210,42.867,-78.831,2023-02-18T00:00:00,-7,0,,0,42.5,17.7,251,4.916666667,71,,,,,
14210,42.867,-78.831,2023-02-18T01:00:00,-7,0,snow,3.8,22.3,13.5,267,3.75,87,,,,,
14210,42.867,-78.831,2023-02-18T02:00:00,-7,0,,0,38.9,15.3,271,4.25,89,,,,,
14210,42.867,-78.831,2023-02-18T03:00:00,-6.1,0,,0,38.9,19.6,259,5.444444444,79,,,,,
14210,42.867,-78.831,2023-02-18T04:00:00,-6.6,0,,0,31.7,15.2,254,4.222222222,74,,,,,
14210,42.867,-78.831,2023-02-18T05:00:00,-4.2,0,,0,37.1,22.1,240,6.138888889,60,,,,,
14210,42.867,-78.831,2023-02-18T06:00:00,-4.3,0,,0,48.8,20.6,206,5.722222222,26,,,,,
14210,42.867,-78.831,2023-02-18T07:00:00,-3,0,,0,42.4,25.7,214,7.138888889,34,,,,,
14210,42.867,-78.831,2023-02-18T08:00:00,-2.1,0,,0,62.9,39.7,231,11.02777778,51,,,,,
14210,42.867,-78.831,2023-02-18T09:00:00,-1.9,0,,0,56.6,36.3,230,10.08333333,50,,,,,
14210,42.867,-78.831,2023-02-18T10:00:00,-1.9,0,,0,64,44.4,228,12.33333333,48,,,,,
14210,42.867,-78.831,2023-02-18T11:00:00,-0.9,0,,0,62.2,37.9,228,10.52777778,48,,,,,
14210,42.867,-78.831,2023-02-18T12:00:00,0.7,0,,0,58.8,36.4,239,10.11111111,59,,,,,
14210,42.867,-78.831,2023-02-18T13:00:00,1.8,0,,0,64.4,41.2,231,11.44444444,51,,,,,
14210,42.867,-78.831,2023-02-18T14:00:00,2.3,0,,0,60.9,40.7,239,11.30555556,59,,,,,
14210,42.867,-78.831,2023-02-18T15:00:00,2.9,0,,0,70.7,46,241,12.77777778,61,,,,,
14210,42.867,-78.831,2023-02-18T16:00:00,2.9,0,,0,68.5,45,248,12.5,68,,,,,
14210,42.867,-78.831,2023-02-18T17:00:00,2.9,0,,0,69.4,36.7,250,10.19444444,70,,,,,
14210,42.867,-78.831,2023-02-18T18:00:00,2.3,0,,0,54.4,30.5,258,8.472222222,78,,,,,
14210,42.867,-78.831,2023-02-18T19:00:00,2.9,0,,0,48.2,22.2,251,6.166666667,71,,,,,
14210,42.867,-78.831,2023-02-18T20:00:00,2.4,0,,0,33.5,16,233,4.444444444,53,,,,,
14210,42.867,-78.831,2023-02-18T21:00:00,1.9,0,,0,27.7,13.5,224,3.75,44,,,,,
14210,42.867,-78.831,2023-02-18T22:00:00,1.4,0,,0,27.7,11.7,223,3.25,43,,,,,
14210,42.867,-78.831,2023-02-18T23:00:00,0.8,0,,0,27.7,8.1,202,2.25,22,,,,,
14210,42.867,-78.831,2023-02-19T00:00:00,0.7,0,,0,27.7,9.6,156,2.666666667,24,,,,,
14210,42.867,-78.831,2023-02-19T01:00:00,0.7,0,,0,27.7,9.9,183,2.75,3,,,,,
14210,42.867,-78.831,2023-02-19T02:00:00,1.1,0,,0,14.8,13.7,199,3.805555556,19,,,,,
14210,42.867,-78.831,2023-02-19T03:00:00,1.2,0,,0,14.8,11.3,180,3.138888889,0,,,,,
14210,42.867,-78.831,2023-02-19T04:00:00,1.7,0,,0,14.8,15.8,191,4.388888889,11,,,,,
14210,42.867,-78.831,2023-02-19T05:00:00,1.3,0,,0,16.6,14.9,189,4.138888889,9,,,,,
14210,42.867,-78.831,2023-02-19T06:00:00,1.8,0,,0,31.3,14.8,164,4.111111111,16,,,,,
14210,42.867,-78.831,2023-02-19T07:00:00,1.3,0,,0,29.5,12,189,3.333333333,9,,,,,
14210,42.867,-78.831,2023-02-19T08:00:00,2.3,0,,0,31.3,20.2,181,5.611111111,1,,,,,
14210,42.867,-78.831,2023-02-19T09:00:00,3.4,0,,0,31.3,23.7,180,6.583333333,0,,,,,
14210,42.867,-78.831,2023-02-19T10:00:00,4.3,0,,0,40.7,21.5,189,5.972222222,9,,,,,
14210,42.867,-78.831,2023-02-19T11:00:00,6.7,0,,0,38.9,23.7,206,6.583333333,26,,,,,
14210,42.867,-78.831,2023-02-19T12:00:00,9.3,0,,0,48.8,29.5,191,8.194444444,11,,,,,
14210,42.867,-78.831,2023-02-19T13:00:00,10.9,0,,0,55.3,34.4,219,9.555555556,39,,,,,
14210,42.867,-78.831,2023-02-19T14:00:00,10.6,0,,0,52.8,32.2,235,8.944444444,55,,,,,
14210,42.867,-78.831,2023-02-19T15:00:00,10,0,,0,54.9,28.8,240,8,60,,,,,
14210,42.867,-78.831,2023-02-19T16:00:00,9,0,,0,56.1,34.8,238,9.666666667,58,,,,,
14210,42.867,-78.831,2023-02-19T17:00:00,8,0,,0,55.5,24.7,240,6.861111111,60,,,,,
14210,42.867,-78.831,2023-02-19T18:00:00,6,0,,0,39.5,22.7,231,6.305555556,51,,,,,
14210,42.867,-78.831,2023-02-19T19:00:00,4.8,0,,0,31.3,13.7,215,3.805555556,35,,,,,
14210,42.867,-78.831,2023-02-19T20:00:00,3,0,,0,31.3,14.8,195,4.111111111,15,,,,,
14210,42.867,-78.831,2023-02-19T21:00:00,2.8,0,,0,29.5,11.9,200,3.305555556,20,,,,,
14210,42.867,-78.831,2023-02-19T22:00:00,3.2,0,,0,31.3,10.6,185,2.944444444,5,,,,,
14210,42.867,-78.831,2023-02-19T23:00:00,3.3,0,,0,33.5,8.6,197,2.388888889,17,,,,,
14210,42.867,-78.831,2023-02-20T00:00:00,3.5,0,,0,31.3,9.7,202,2.694444444,22,,,,,
14210,42.867,-78.831,2023-02-20T01:00:00,6.7,0,,0,31.3,17.5,219,4.861111111,39,,,,,
14210,42.867,-78.831,2023-02-20T02:00:00,7.8,0,,0,38.9,25.5,228,7.083333333,48,,,,,
14210,42.867,-78.831,2023-02-20T03:00:00,7.9,0,,0,42.5,27.4,231,7.611111111,51,,,,,
14210,42.867,-78.831,2023-02-20T04:00:00,7,0,,0,40.7,24,254,6.666666667,74,,,,,
14210,42.867,-78.831,2023-02-20T05:00:00,5.6,0,,0,37.1,20.7,231,5.75,51,,,,,
14210,42.867,-78.831,2023-02-20T06:00:00,4.4,0,,0,29.5,17.4,233,4.833333333,53,,,,,
14210,42.867,-78.831,2023-02-20T07:00:00,3.9,0,,0,31.3,11.7,235,3.25,55,,,,,
14210,42.867,-78.831,2023-02-20T08:00:00,3.5,0,,0,31.3,11.5,230,3.194444444,50,,,,,
14210,42.867,-78.831,2023-02-20T09:00:00,4,0,,0,35.3,13.3,232,3.694444444,52,,,,,
14210,42.867,-78.831,2023-02-20T10:00:00,4.2,0,,0,24.1,15.6,248,4.333333333,68,,,,,
14210,42.867,-78.831,2023-02-20T11:00:00,5,0,,0,24.1,16.8,253,4.666666667,73,,,,,
14210,42.867,-78.831,2023-02-20T12:00:00,4.5,0,,0,27.7,16.9,292,4.694444444,68,,,,,
14210,42.867,-78.831,2023-02-20T13:00:00,5,0,,0,31.3,14,254,3.888888889,74,,,,,
14210,42.867,-78.831,2023-02-20T14:00:00,5.7,0,,0,16.6,15.2,245,4.222222222,65,,,,,
14210,42.867,-78.831,2023-02-20T15:00:00,5.7,0,,0,16.6,16.2,246,4.5,66,,,,,
14210,42.867,-78.831,2023-02-20T16:00:00,5.1,0,,0,16.6,14.2,245,3.944444444,65,,,,,
14210,42.867,-78.831,2023-02-20T17:00:00,4.4,0,,0,14.8,12.8,249,3.555555556,69,,,,,
14210,42.867,-78.831,2023-02-20T18:00:00,2.8,0,,0,11.2,9.7,349,2.694444444,11,,,,,
14210,42.867,-78.831,2023-02-20T19:00:00,2.7,0,,0,7.6,5.5,4,1.527777778,4,,,,,
14210,42.867,-78.831,2023-02-20T20:00:00,1.8,0,,0,9.4,4.8,28,1.333333333,28,,,,,
14210,42.867,-78.831,2023-02-20T21:00:00,1.6,0,,0,9.4,6.7,40,1.861111111,40,,,,,
14210,42.867,-78.831,2023-02-20T22:00:00,-0.1,0,,0,9.4,6.4,67,1.777777778,67,,,,,
14210,42.867,-78.831,2023-02-20T23:00:00,-0.1,0,,0,7.6,8.2,43,2.277777778,43,,,,,
14210,42.867,-78.831,2023-02-21T00:00:00,-0.5,0,,0,7.6,13.4,54,3.722222222,54,,,,,
14210,42.867,-78.831,2023-02-21T01:00:00,-1,0,,0,7.6,9.8,63,2.722222222,63,,,,,
14210,42.867,-78.831,2023-02-21T02:00:00,-1.1,0,,0,14.8,9.8,38,2.722222222,38,,,,,
14210,42.867,-78.831,2023-02-21T03:00:00,-2,0,,0,14.8,13,55,3.611111111,55,,,,,
14210,42.867,-78.831,2023-02-21T04:00:00,-1.6,0,,0,14.8,11.6,92,3.222222222,88,,,,,
14210,42.867,-78.831,2023-02-21T05:00:00,-1.7,0,,0,14.8,7.9,127,2.194444444,53,,,,,
14210,42.867,-78.831,2023-02-21T06:00:00,-1.3,0,,0,18.4,11.1,108,3.083333333,72,,,,,
14210,42.867,-78.831,2023-02-21T07:00:00,-0.8,0,,0,24.1,11.6,151,3.222222222,29,,,,,
14210,42.867,-78.831,2023-02-21T08:00:00,0.4,0,,0,31.3,7.2,152,2,28,,,,,
14210,42.867,-78.831,2023-02-21T09:00:00,2.1,0,,0,35.3,10.8,179,3,1,,,,,
14210,42.867,-78.831,2023-02-21T10:00:00,4.8,0.017,rain,0,40.7,22.6,202,6.277777778,22,,,,,
14210,42.867,-78.831,2023-02-21T11:00:00,4.4,0,,0,61.7,25.9,229,7.194444444,49,,,,,
14210,42.867,-78.831,2023-02-21T12:00:00,4.7,0.252,rain,0,68.3,38.3,245,10.63888889,65,,,,,
14210,42.867,-78.831,2023-02-21T13:00:00,5.3,0,,0,61.5,38.6,244,10.72222222,64,,,,,
14210,42.867,-78.831,2023-02-21T14:00:00,4.6,0,,0,65.8,45.2,247,12.55555556,67,,,,,
14210,42.867,-78.831,2023-02-21T15:00:00,4.4,0,,0,58.2,31.7,255,8.805555556,75,,,,,
14210,42.867,-78.831,2023-02-21T16:00:00,3.9,0,,0,56.6,37.7,290,10.47222222,70,,,,,
14210,42.867,-78.831,2023-02-21T17:00:00,3.2,0,,0,48.3,31.7,272,8.805555556,88,,,,,
14210,42.867,-78.831,2023-02-21T18:00:00,2.1,0,,0,45.6,23.5,271,6.527777778,89,,,,,
14210,42.867,-78.831,2023-02-21T19:00:00,0.7,0,,0,49.1,25,277,6.944444444,83,,,,,
14210,42.867,-78.831,2023-02-21T20:00:00,0.6,0,,0,42,31.6,273,8.777777778,87,,,,,
14210,42.867,-78.831,2023-02-21T21:00:00,0.6,0,,0,38.7,21.6,248,6,68,,,,,
14210,42.867,-78.831,2023-02-21T22:00:00,0.7,0,,0,37.1,23.8,249,6.611111111,69,,,,,
14210,42.867,-78.831,2023-02-21T23:00:00,0.6,0,,0,38.8,18.9,242,5.25,62,,,,,
14210,42.867,-78.831,2023-02-22T00:00:00,0.1,0,,0,37.1,23.2,259,6.444444444,79,,,,,
14210,42.867,-78.831,2023-02-22T01:00:00,-1,0,,0,20.5,14.6,251,4.055555556,71,,,,,
14210,42.867,-78.831,2023-02-22T02:00:00,-1.1,0,,0,16.6,9.4,285,2.611111111,75,,,,,
14210,42.867,-78.831,2023-02-22T03:00:00,-1.1,0,,0,11.2,13.8,279,3.833333333,81,,,,,
14210,42.867,-78.831,2023-02-22T04:00:00,-1.2,0,,0,7.6,0.3,359,0.083333333,1,,,,,
14210,42.867,-78.831,2023-02-22T05:00:00,-1.2,0,,0,9.4,1,15,0.277777778,15,,,,,
14210,42.867,-78.831,2023-02-22T06:00:00,-1.1,0,,0,14.8,0.3,6,0.083333333,6,,,,,
14210,42.867,-78.831,2023-02-22T07:00:00,-1.1,0,,0,18.4,13.9,60,3.861111111,60,,,,,
14210,42.867,-78.831,2023-02-22T08:00:00,-0.6,0,,0,38.9,14.2,70,3.944444444,70,,,,,
14210,42.867,-78.831,2023-02-22T09:00:00,-0.6,0,,0,36.4,23.4,64,6.5,64,,,,,
14210,42.867,-78.831,2023-02-22T10:00:00,-0.5,0,,0,20.5,17.4,81,4.833333333,81,,,,,
14210,42.867,-78.831,2023-02-22T11:00:00,-0.5,0,,0,37.1,17.2,73,4.777777778,73,,,,,
14210,42.867,-78.831,2023-02-22T12:00:00,0.1,0,,0,31.3,17.2,80,4.777777778,80,,,,,
14210,42.867,-78.831,2023-02-22T13:00:00,0.1,0,,0,22.3,23.7,62,6.583333333,62,,,,,
14210,42.867,-78.831,2023-02-22T14:00:00,-1.2,0.266,"rain,snow",0,40.9,27.6,60,7.666666667,60,,,,,
14210,42.867,-78.831,2023-02-22T15:00:00,-2.1,0.566,snow,0,49.5,28.5,61,7.916666667,61,,,,,
14210,42.867,-78.831,2023-02-22T16:00:00,-2.2,0.131,snow,0,49.4,34.1,61,9.472222222,61,,,,,
14210,42.867,-78.831,2023-02-22T17:00:00,-2.5,0.282,snow,0,54.9,35.8,55,9.944444444,55,,,,,
14210,42.867,-78.831,2023-02-22T18:00:00,-2.8,0.617,snow,0,54.7,39,70,10.83333333,70,,,,,
14210,42.867,-78.831,2023-02-22T19:00:00,-2.2,1.419,snow,1.8,53.8,36,70,10,70,,,,,
14210,42.867,-78.831,2023-02-22T20:00:00,-2.2,2.601,snow,0,48.1,27.4,51,7.611111111,51,,,,,
14210,42.867,-78.831,2023-02-22T21:00:00,-2.1,1.262,snow,0,51.5,29.4,43,8.166666667,43,,,,,
14210,42.867,-78.831,2023-02-22T22:00:00,-1.3,1.613,"rain,snow",0,56.3,32.9,51,9.138888889,51,,,,,
14210,42.867,-78.831,2023-02-22T23:00:00,-1.4,2.321,"rain,snow",0,56.4,28.9,43,8.027777778,43,,,,,
14210,42.867,-78.831,2023-02-23T00:00:00,-2.2,3.912,snow,0,64,42.2,68,11.72222222,68,,,,,
14210,42.867,-78.831,2023-02-23T01:00:00,-1.9,1.408,"rain,snow",0,57.2,30.4,69,8.444444444,69,,,,,
14210,42.867,-78.831,2023-02-23T02:00:00,-1.6,1.244,"rain,snow",0,47.4,22.8,50,6.333333333,50,,,,,
14210,42.867,-78.831,2023-02-23T03:00:00,-2.9,0.53,snow,0,47.8,26.7,33,7.416666667,33,,,,,
14210,42.867,-78.831,2023-02-23T04:00:00,-2.9,0.129,snow,0,39.9,25.7,33,7.138888889,33,,,,,
14210,42.867,-78.831,2023-02-23T05:00:00,-2.9,0,,0,37.3,22.9,33,6.361111111,33,,,,,
14210,42.867,-78.831,2023-02-23T06:00:00,-3.4,0,,0,40.7,20.9,22,5.805555556,22,,,,,
14210,42.867,-78.831,2023-02-23T07:00:00,-3.8,0,,0,37.1,19.5,41,5.416666667,41,,,,,
14210,42.867,-78.831,2023-02-23T08:00:00,-4.3,0,,0,29.5,22,52,6.111111111,52,,,,,
14210,42.867,-78.831,2023-02-23T09:00:00,-4.3,0,,0,27.7,16.9,46,4.694444444,46,,,,,
14210,42.867,-78.831,2023-02-23T10:00:00,-4.3,0,,0,24.1,21.3,72,5.916666667,72,,,,,
14210,42.867,-78.831,2023-02-23T11:00:00,-3.8,0,,0,13,16.4,58,4.555555556,58,,,,,
14210,42.867,-78.831,2023-02-23T12:00:00,-2.9,0.077,snow,0,13,16.5,65,4.583333333,65,,,,,
14210,42.867,-78.831,2023-02-23T13:00:00,-2.8,0.286,snow,0,13,11.5,32,3.194444444,32,,,,,
14210,42.867,-78.831,2023-02-23T14:00:00,-2.9,0,,0,13,18.3,53,5.083333333,53,,,,,
14210,42.867,-78.831,2023-02-23T15:00:00,-2.9,0,,0,9.4,15.5,38,4.305555556,38,,,,,
14210,42.867,-78.831,2023-02-23T16:00:00,-2,0.135,snow,0,9.4,14.8,70,4.111111111,70,,,,,
14210,42.867,-78.831,2023-02-23T17:00:00,-1.8,0.129,"rain,snow",0,13,9.4,44,2.611111111,44,,,,,
14210,42.867,-78.831,2023-02-23T18:00:00,-2.3,0,,0,20.5,8.6,344,2.388888889,16,,,,,
14210,42.867,-78.831,2023-02-23T19:00:00,-2.3,0,,0,25.9,0.1,1,0.027777778,1,,,,,
14210,42.867,-78.831,2023-02-23T20:00:00,-1.7,0,,0,29.5,12.6,208,3.5,28,,,,,
14210,42.867,-78.831,2023-02-23T21:00:00,-0.7,0,,0,40.7,17.3,211,4.805555556,31,,,,,
14210,42.867,-78.831,2023-02-23T22:00:00,0.5,0,,0,51.8,18.2,229,5.055555556,49,,,,,
14210,42.867,-78.831,2023-02-23T23:00:00,1.2,0,,0,55.4,21.5,231,5.972222222,51,,,,,
14210,42.867,-78.831,2023-02-24T00:00:00,1.7,0,,0,38.9,22.7,240,6.305555556,60,,,,,
14210,42.867,-78.831,2023-02-24T01:00:00,1.7,0.057,"rain,snow",0,40.7,22.3,256,6.194444444,76,,,,,
14210,42.867,-78.831,2023-02-24T02:00:00,1.2,0,,0,46.3,25.2,279,7,81,,,,,
14210,42.867,-78.831,2023-02-24T03:00:00,1.1,0,,0,45.5,26.4,275,7.333333333,85,,,,,
14210,42.867,-78.831,2023-02-24T04:00:00,-0.1,0,,0,41.6,24.9,278,6.916666667,82,,,,,
14210,42.867,-78.831,2023-02-24T05:00:00,-0.8,0,,0,45.4,24.8,300,6.888888889,60,,,,,
14210,42.867,-78.831,2023-02-24T06:00:00,-2.8,0,,0,48.2,26.5,311,7.361111111,49,,,,,
14210,42.867,-78.831,2023-02-24T07:00:00,-4.4,0,snow,0.5,41.4,26.1,328,7.25,32,,,,,
14210,42.867,-78.831,2023-02-24T08:00:00,-5.7,0,,0,43,29.5,319,8.194444444,41,,,,,
14210,42.867,-78.831,2023-02-24T09:00:00,-6.2,0,,0,43.6,24.4,293,6.777777778,67,,,,,
14210,42.867,-78.831,2023-02-24T10:00:00,-6.6,0,,0,43.5,24.9,316,6.916666667,44,,,,,
14210,42.867,-78.831,2023-02-24T11:00:00,-6.6,0,,0,42.9,20.3,300,5.638888889,60,,,,,
14210,42.867,-78.831,2023-02-24T12:00:00,-5.7,0,,0,37.4,27.6,274,7.666666667,86,,,,,
14210,42.867,-78.831,2023-02-24T13:00:00,-6,0,,0,40.7,21.2,284,5.888888889,76,,,,,
14210,42.867,-78.831,2023-02-24T14:00:00,-5.6,0,,0,39.9,21.5,275,5.972222222,85,,,,,
14210,42.867,-78.831,2023-02-24T15:00:00,-5.5,0,,0,41.1,24.8,283,6.888888889,77,,,,,
14210,42.867,-78.831,2023-02-24T16:00:00,-5.1,0,,0,38.6,24.5,293,6.805555556,67,,,,,
14210,42.867,-78.831,2023-02-24T17:00:00,-5.6,0,,0,50,17.6,284,4.888888889,76,,,,,
14210,42.867,-78.831,2023-02-24T18:00:00,-6.1,0,,0,46.1,19.3,293,5.361111111,67,,,,,
14210,42.867,-78.831,2023-02-24T19:00:00,-6.6,0,,0,27.7,15.7,293,4.361111111,67,,,,,
14210,42.867,-78.831,2023-02-24T20:00:00,-6.6,0,,0,40.7,15.8,327,4.388888889,33,,,,,
14210,42.867,-78.831,2023-02-24T21:00:00,-6.7,0,,0,37.1,18,319,5,41,,,,,
14210,42.867,-78.831,2023-02-24T22:00:00,-7.1,0,,0,9.4,14.8,337,4.111111111,23,,,,,
14210,42.867,-78.831,2023-02-24T23:00:00,-7.7,0,,0,7.6,9.6,310,2.666666667,50,,,,,
14210,42.867,-78.831,2023-02-25T00:00:00,-7.1,0,,0,5.4,10.7,327,2.972222222,33,,,,,
14210,42.867,-78.831,2023-02-25T01:00:00,-7.6,0,,0,5.4,8,10,2.222222222,10,,,,,
14210,42.867,-78.831,2023-02-25T02:00:00,-7.6,0,,0,9.4,9,40,2.5,40,,,,,
14210,42.867,-78.831,2023-02-25T03:00:00,-7.8,0,,0,11.2,7.4,74,2.055555556,74,,,,,
14210,42.867,-78.831,2023-02-25T04:00:00,-8.2,0,,0,11.2,12.4,108,3.444444444,72,,,,,
14210,42.867,-78.831,2023-02-25T05:00:00,-8.2,0,,0,11.2,12.3,104,3.416666667,76,,,,,
14210,42.867,-78.831,2023-02-25T06:00:00,-8.1,0,,0,11.2,9.4,84,2.611111111,84,,,,,
14210,42.867,-78.831,2023-02-25T07:00:00,-8.1,0.124,snow,0,13,13.1,93,3.638888889,87,,,,,
14210,42.867,-78.831,2023-02-25T08:00:00,-8.7,0.343,snow,0,14.8,14.7,112,4.083333333,68,,,,,
14210,42.867,-78.831,2023-02-25T09:00:00,-8.1,0.252,snow,0,13,16.5,93,4.583333333,87,,,,,
14210,42.867,-78.831,2023-02-25T10:00:00,-6.6,0,,0,11.2,14.7,112,4.083333333,68,,,,,
14210,42.867,-78.831,2023-02-25T11:00:00,-5,0,,0,16.6,11,130,3.055555556,50,,,,,
14210,42.867,-78.831,2023-02-25T12:00:00,-3,0,,0,14.8,0.3,359,0.083333333,1,,,,,
14210,42.867,-78.831,2023-02-25T13:00:00,-3.8,0,snow,2.3,14.8,15.8,345,4.388888889,15,,,,,
14210,42.867,-78.831,2023-02-25T14:00:00,-3.9,0,,0,16.6,12.7,340,3.527777778,20,,,,,
14210,42.867,-78.831,2023-02-25T15:00:00,-3.8,0,,0,16.6,7.6,334,2.111111111,26,,,,,
14210,42.867,-78.831,2023-02-25T16:00:00,-3.7,0,,0,14.8,0.1,8,0.027777778,8,,,,,
14210,42.867,-78.831,2023-02-25T17:00:00,-3.7,0,,0,16.6,1.4,10,0.388888889,10,,,,,
14210,42.867,-78.831,2023-02-25T18:00:00,-3.7,0,,0,13,7.5,108,2.083333333,72,,,,,
14210,42.867,-78.831,2023-02-25T19:00:00,-3.7,0,snow,0.8,7.6,1.3,44,0.361111111,44,,,,,
14210,42.867,-78.831,2023-02-25T20:00:00,-3.3,0,,0,5.4,1.3,320,0.361111111,40,,,,,
14210,42.867,-78.831,2023-02-25T21:00:00,-3.2,0,,0,7.6,1,321,0.277777778,39,,,,,
14210,42.867,-78.831,2023-02-25T22:00:00,-3.2,0,,0,9.4,7.2,172,2,8,,,,,
14210,42.867,-78.831,2023-02-25T23:00:00,-3.1,0,,0,11.2,0.4,12,0.111111111,12,,,,,
14210,42.867,-78.831,2023-02-26T00:00:00,-3.3,0,,0,13,7.3,154,2.027777778,26,,,,,
14210,42.867,-78.831,2023-02-26T01:00:00,-3.5,0,,0,18.4,9.1,169,2.527777778,11,,,,,
14210,42.867,-78.831,2023-02-26T02:00:00,-3.3,0,,0,14.8,12.6,200,3.5,20,,,,,
14210,42.867,-78.831,2023-02-26T03:00:00,-3.1,0,,0,25.9,14.3,190,3.972222222,10,,,,,
14210,42.867,-78.831,2023-02-26T04:00:00,-1.5,0,,0,29.5,9.5,241,2.638888889,61,,,,,
14210,42.867,-78.831,2023-02-26T05:00:00,0.7,0,,0,46.2,27,240,7.5,60,,,,,
14210,42.867,-78.831,2023-02-26T06:00:00,1.2,0,,0,61.7,30.8,232,8.555555556,52,,,,,
14210,42.867,-78.831,2023-02-26T07:00:00,1.2,0,,0,54.1,34,244,9.444444444,64,,,,,
14210,42.867,-78.831,2023-02-26T08:00:00,0.6,0,,0,43.4,22.9,251,6.361111111,71,,,,,
14210,42.867,-78.831,2023-02-26T09:00:00,0.7,0,,0,39.5,29.1,258,8.083333333,78,,,,,
14210,42.867,-78.831,2023-02-26T10:00:00,0.8,0,,0,48.1,28,242,7.777777778,62,,,,,
14210,42.867,-78.831,2023-02-26T11:00:00,1.3,0,,0,54.3,28.6,242,7.944444444,62,,,,,
14210,42.867,-78.831,2023-02-26T12:00:00,1.3,0,,0,57.1,37.6,234,10.44444444,54,,,,,
14210,42.867,-78.831,2023-02-26T13:00:00,1.5,0,"rain,snow",0.3,59.2,34.7,234,9.638888889,54,,,,,
14210,42.867,-78.831,2023-02-26T14:00:00,1.5,0,,0,64.9,38.4,242,10.66666667,62,,,,,
14210,42.867,-78.831,2023-02-26T15:00:00,2,0,,0,62,41.7,244,11.58333333,64,,,,,
14210,42.867,-78.831,2023-02-26T16:00:00,2,0,,0,60.6,34.6,244,9.611111111,64,,,,,
14210,42.867,-78.831,2023-02-26T17:00:00,1.4,0,,0,56.8,34.3,248,9.527777778,68,,,,,
14210,42.867,-78.831,2023-02-26T18:00:00,1.2,0,,0,42.9,23.2,249,6.444444444,69,,,,,
14210,42.867,-78.831,2023-02-26T19:00:00,0.6,0,,0,35.3,17.6,283,4.888888889,77,,,,,
14210,42.867,-78.831,2023-02-26T20:00:00,0,0,,0,42.5,16.9,300,4.694444444,60,,,,,
14210,42.867,-78.831,2023-02-26T21:00:00,-1.1,0,,0,37.1,10.4,321,2.888888889,39,,,,,
14210,42.867,-78.831,2023-02-26T22:00:00,-1.6,0,,0,20.5,8.4,331,2.333333333,29,,,,,
14210,42.867,-78.831,2023-02-26T23:00:00,-2.6,0,,0,33.5,12.5,340,3.472222222,20,,,,,
14210,42.867,-78.831,2023-02-27T00:00:00,-2.7,0,,0,14.8,11,348,3.055555556,12,,,,,
14210,42.867,-78.831,2023-02-27T01:00:00,-3.2,0,,0,7.6,1.4,352,0.388888889,8,,,,,
14210,42.867,-78.831,2023-02-27T02:00:00,-4.1,0,,0,5.4,0.3,7,0.083333333,7,,,,,
14210,42.867,-78.831,2023-02-27T03:00:00,-4.1,0,,0,5.4,0.2,1,0.055555556,1,,,,,
14210,42.867,-78.831,2023-02-27T04:00:00,-5.2,0,,0,3.6,0.2,1,0.055555556,1,,,,,
14210,42.867,-78.831,2023-02-27T05:00:00,-6.3,0,,0,5.4,1.6,18,0.444444444,18,,,,,
14210,42.867,-78.831,2023-02-27T06:00:00,-5.7,0,,0,9.4,7.6,88,2.111111111,88,,,,,
14210,42.867,-78.831,2023-02-27T07:00:00,-6.1,0,,0,14.8,7.7,99,2.138888889,81,,,,,
14210,42.867,-78.831,2023-02-27T08:00:00,-5,0,,0,18.4,10.6,98,2.944444444,82,,,,,
14210,42.867,-78.831,2023-02-27T09:00:00,-2.8,0,,0,33.5,20.9,91,5.805555556,89,,,,,
14210,42.867,-78.831,2023-02-27T10:00:00,-2.1,0,,0,27.7,22.6,91,6.277777778,89,,,,,
14210,42.867,-78.831,2023-02-27T11:00:00,-1.1,0,,0,33.5,22.6,100,6.277777778,80,,,,,
14210,42.867,-78.831,2023-02-27T12:00:00,0,0,,0,31.3,20.7,101,5.75,79,,,,,
14210,42.867,-78.831,2023-02-27T13:00:00,1,0,,0,33.5,20.7,81,5.75,81,,,,,
14210,42.867,-78.831,2023-02-27T14:00:00,2,0,,0,34.2,20.8,89,5.777777778,89,,,,,
14210,42.867,-78.831,2023-02-27T15:00:00,2.1,0,,0,36.4,24.9,71,6.916666667,71,,,,,
14210,42.867,-78.831,2023-02-27T16:00:00,1.6,0,,0,45.7,24.4,77,6.777777778,77,,,,,
14210,42.867,-78.831,2023-02-27T17:00:00,-0.7,1.155,"rain,snow",0,47.4,15.3,71,4.25,71,,,,,
14210,42.867,-78.831,2023-02-27T18:00:00,-0.6,2.592,"rain,snow",0,48.2,25.9,71,7.194444444,71,,,,,
14210,42.867,-78.831,2023-02-27T19:00:00,0,5.188,"rain,snow",7.1,48.1,29.5,73,8.194444444,73,,,,,
14210,42.867,-78.831,2023-02-27T20:00:00,0.7,0.432,"rain,snow",0,44.9,23.9,88,6.638888889,88,,,,,
14210,42.867,-78.831,2023-02-27T21:00:00,1.1,0.659,"rain,snow",0,39.4,17.9,81,4.972222222,81,,,,,
14210,42.867,-78.831,2023-02-27T22:00:00,1.6,0.065,"rain,snow",0,25.9,15.1,79,4.194444444,79,,,,,
14210,42.867,-78.831,2023-02-27T23:00:00,2,0.401,"rain,snow",0,50,16.2,94,4.5,86,,,,,
14210,42.867,-78.831,2023-02-28T00:00:00,2.1,0.942,rain,0,48.2,16.1,87,4.472222222,87,,,,,
14210,42.867,-78.831,2023-02-28T01:00:00,2.1,0.345,rain,0,29.5,12.9,95,3.583333333,85,,,,,
14210,42.867,-78.831,2023-02-28T02:00:00,2.1,0.003,rain,0,51.8,11.5,97,3.194444444,83,,,,,
14210,42.867,-78.831,2023-02-28T03:00:00,2.1,0.005,rain,0,35.3,11.4,114,3.166666667,66,,,,,
14210,42.867,-78.831,2023-02-28T04:00:00,2.6,0,,0,44.6,21.2,249,5.888888889,69,,,,,
14210,42.867,-78.831,2023-02-28T05:00:00,2.2,0.003,rain,0,44.6,25.7,222,7.138888889,42,,,,,
14210,42.867,-78.831,2023-02-28T06:00:00,2.8,0.743,rain,0,50,26.8,240,7.444444444,60,,,,,
14210,42.867,-78.831,2023-02-28T07:00:00,1.7,0.541,"rain,snow",0,54.2,33.9,231,9.416666667,51,,,,,
14210,42.867,-78.831,2023-02-28T08:00:00,1.2,0.122,"rain,snow",0,61.6,36.2,240,10.05555556,60,,,,,
14210,42.867,-78.831,2023-02-28T09:00:00,1.8,0,,0,54.4,36.3,242,10.08333333,62,,,,,
14210,42.867,-78.831,2023-02-28T10:00:00,1.3,0,,0,54.3,38.8,252,10.77777778,72,,,,,
14210,42.867,-78.831,2023-02-28T11:00:00,1.2,0,,0,55.9,25.2,262,7,82,,,,,
14210,42.867,-78.831,2023-02-28T12:00:00,1.3,0,,0,52.7,33.3,260,9.25,80,,,,,
14210,42.867,-78.831,2023-02-28T13:00:00,1.2,0,,0,46.6,32.7,252,9.083333333,72,,,,,
14210,42.867,-78.831,2023-02-28T14:00:00,1.2,0,,0,47.8,26.7,252,7.416666667,72,,,,,
14210,42.867,-78.831,2023-02-28T15:00:00,1.2,0,,0,49.6,31,243,8.611111111,63,,,,,
14210,42.867,-78.831,2023-02-28T16:00:00,1.2,0,,0,49,32.6,242,9.055555556,62,,,,,
14210,42.867,-78.831,2023-02-28T17:00:00,1.2,0,,0,45,31.6,242,8.777777778,62,,,,,
14210,42.867,-78.831,2023-02-28T18:00:00,0.8,0,,0,40.5,25,242,6.944444444,62,,,,,
14210,42.867,-78.831,2023-02-28T19:00:00,1.2,0,,0,35.3,18.2,244,5.055555556,64,,,,,
14210,42.867,-78.831,2023-02-28T20:00:00,1.2,0,,0,31.3,11.6,260,3.222222222,80,,,,,
14210,42.867,-78.831,2023-02-28T21:00:00,0.7,0,,0,31.3,11.1,249,3.083333333,69,,,,,
14210,42.867,-78.831,2023-02-28T22:00:00,0.4,0,,0,13,8.7,234,2.416666667,54,,,,,
14210,42.867,-78.831,2023-02-28T23:00:00,-0.8,0,,0,11.2,7.4,206,2.055555556,26,,,,,
14210,42.867,-78.831,2023-03-01T00:00:00,-1,0,,0,11.2,5.6,199,1.555555556,19,,,,,
14210,42.867,-78.831,2023-03-01T01:00:00,-1.7,0,,0,9.4,7.5,190,2.083333333,10,,,,,
14210,42.867,-78.831,2023-03-01T02:00:00,-1.3,0,,0,9.4,10.1,148,2.805555556,32,,,,,
14210,42.867,-78.831,2023-03-01T03:00:00,-1.3,0,,0,7.6,6.4,101,1.777777778,79,,,,,
14210,42.867,-78.831,2023-03-01T04:00:00,-1.2,0,,0,5.4,13.9,101,3.861111111,79,,,,,
14210,42.867,-78.831,2023-03-01T05:00:00,-0.7,0,,0,5.4,14,129,3.888888889,51,,,,,
14210,42.867,-78.831,2023-03-01T06:00:00,-1.2,0,,0,5.4,10.8,111,3,69,,,,,
14210,42.867,-78.831,2023-03-01T07:00:00,-1.2,0,,0,7.6,9.7,77,2.694444444,77,,,,,
14210,42.867,-78.831,2023-03-01T08:00:00,-0.9,0,,0,11.2,14.6,54,4.055555556,54,,,,,
14210,42.867,-78.831,2023-03-01T09:00:00,0.6,0,,0,14.8,10.4,134,2.888888889,46,,,,,
14210,42.867,-78.831,2023-03-01T10:00:00,1.1,0,,0,24.1,14.6,90,4.055555556,90,,,,,
14210,42.867,-78.831,2023-03-01T11:00:00,2.7,0,,0,16.6,15.6,78,4.333333333,78,,,,,
14210,42.867,-78.831,2023-03-01T12:00:00,4.2,0,,0,37.1,16.6,122,4.611111111,58,,,,,
14210,42.867,-78.831,2023-03-01T13:00:00,6.8,0,,0,13,11.6,133,3.222222222,47,,,,,
14210,42.867,-78.831,2023-03-01T14:00:00,7.8,0,,0,31.8,14.8,141,4.111111111,39,,,,,
14210,42.867,-78.831,2023-03-01T15:00:00,9.3,0,,0,35.3,8.4,275,2.333333333,85,,,,,
14210,42.867,-78.831,2023-03-01T16:00:00,9.8,0,,0,13,12.9,260,3.583333333,80,,,,,
14210,42.867,-78.831,2023-03-01T17:00:00,7.8,0,,0,35.3,11.4,17,3.166666667,17,,,,,
14210,42.867,-78.831,2023-03-01T18:00:00,5.7,0,,0,37.1,7.8,47,2.166666667,47,,,,,
14210,42.867,-78.831,2023-03-01T19:00:00,5.5,0,,0,7.6,7.5,139,2.083333333,41,,,,,
14210,42.867,-78.831,2023-03-01T20:00:00,3.9,0,,0,7.6,6.5,227,1.805555556,47,,,,,
14210,42.867,-78.831,2023-03-01T21:00:00,3.5,0,,0,7.6,0.2,359,0.055555556,1,,,,,
14210,42.867,-78.831,2023-03-01T22:00:00,2.4,0,,0,7.6,7.9,145,2.194444444,35,,,,,
14210,42.867,-78.831,2023-03-01T23:00:00,1.8,0,,0,7.6,9,212,2.5,32,,,,,
14210,42.867,-78.831,2023-03-02T00:00:00,2,0,,0,9.4,11.9,241,3.305555556,61,,,,,
14210,42.867,-78.831,2023-03-02T01:00:00,1.7,0,,0,11.2,15.4,262,4.277777778,82,,,,,
14210,42.867,-78.831,2023-03-02T02:00:00,1.2,0,,0,13,10.7,294,2.972222222,66,,,,,
14210,42.867,-78.831,2023-03-02T03:00:00,1.1,0,,0,13,9.9,260,2.75,80,,,,,
14210,42.867,-78.831,2023-03-02T04:00:00,0.7,0,,0,13,12.5,307,3.472222222,53,,,,,
14210,42.867,-78.831,2023-03-02T05:00:00,0.2,0,,0,13,18.1,281,5.027777778,79,,,,,
14210,42.867,-78.831,2023-03-02T06:00:00,0.1,0,,0,14.8,15.7,271,4.361111111,89,,,,,
14210,42.867,-78.831,2023-03-02T07:00:00,-0.4,0,,0,18.4,20.1,270,5.583333333,90,,,,,
14210,42.867,-78.831,2023-03-02T08:00:00,0.1,0,,0,20.5,11.1,250,3.083333333,70,,,,,
14210,42.867,-78.831,2023-03-02T09:00:00,0.1,0,,0,24.1,21.9,255,6.083333333,75,,,,,
14210,42.867,-78.831,2023-03-02T10:00:00,0.7,0,,0,27.7,16.8,283,4.666666667,77,,,,,
14210,42.867,-78.831,2023-03-02T11:00:00,0.8,0,,0,27.7,10.5,277,2.916666667,83,,,,,
14210,42.867,-78.831,2023-03-02T12:00:00,1.8,0,,0,31.3,18.8,244,5.222222222,64,,,,,
14210,42.867,-78.831,2023-03-02T13:00:00,2.3,0,,0,27.7,20.9,266,5.805555556,86,,,,,
14210,42.867,-78.831,2023-03-02T14:00:00,3,0,,0,27.7,12.7,262,3.527777778,82,,,,,
14210,42.867,-78.831,2023-03-02T15:00:00,3.5,0,,0,27.7,13.6,298,3.777777778,62,,,,,
14210,42.867,-78.831,2023-03-02T16:00:00,3.1,0,,0,25.9,15.9,243,4.416666667,63,,,,,
14210,42.867,-78.831,2023-03-02T17:00:00,2,0,,0,22.3,17.1,242,4.75,62,,,,,
14210,42.867,-78.831,2023-03-02T18:00:00,1.4,0,,0,11.2,14,241,3.888888889,61,,,,,
14210,42.867,-78.831,2023-03-02T19:00:00,1.4,0,,0,9.4,10.7,242,2.972222222,62,,,,,
14210,42.867,-78.831,2023-03-02T20:00:00,1.3,0,,0,11.2,8.8,256,2.444444444,76,,,,,
14210,42.867,-78.831,2023-03-02T21:00:00,1.3,0,,0,11.2,8.1,240,2.25,60,,,,,
14210,42.867,-78.831,2023-03-02T22:00:00,0.7,0,,0,9.4,5.4,323,1.5,37,,,,,
14210,42.867,-78.831,2023-03-02T23:00:00,0.7,0,,0,11.2,1,360,0.277777778,0,,,,,
14210,42.867,-78.831,2023-03-03T00:00:00,-0.8,0,,0,9.4,4.7,351,1.305555556,9,,,,,
14210,42.867,-78.831,2023-03-03T01:00:00,-1.1,0,,0,9.4,0,0,0,0,,,,,
14210,42.867,-78.831,2023-03-03T02:00:00,-1.8,0,,0,7.6,4.8,28,1.333333333,28,,,,,
14210,42.867,-78.831,2023-03-03T03:00:00,-2.3,0,,0,7.6,6.5,37,1.805555556,37,,,,,
14210,42.867,-78.831,2023-03-03T04:00:00,-2.3,0,,0,7.6,0.2,3,0.055555556,3,,,,,
14210,42.867,-78.831,2023-03-03T05:00:00,-2.4,0,,0,9.4,8.1,102,2.25,78,,,,,
14210,42.867,-78.831,2023-03-03T06:00:00,-2.1,0,,0,11.2,8,89,2.222222222,89,,,,,
14210,42.867,-78.831,2023-03-03T07:00:00,-1.6,0,,0,14.8,14.1,73,3.916666667,73,,,,,
14210,42.867,-78.831,2023-03-03T08:00:00,-1.1,0,,0,16.6,14,81,3.888888889,81,,,,,
14210,42.867,-78.831,2023-03-03T09:00:00,-0.5,0,,0,22.3,17.4,100,4.833333333,80,,,,,
14210,42.867,-78.831,2023-03-03T10:00:00,0.7,0,,0,25.9,18.4,83,5.111111111,83,,,,,
14210,42.867,-78.831,2023-03-03T11:00:00,2.2,0,,0,22.3,17.9,81,4.972222222,81,,,,,
14210,42.867,-78.831,2023-03-03T12:00:00,3.3,0,,0,33.5,18.4,80,5.111111111,80,,,,,
14210,42.867,-78.831,2023-03-03T13:00:00,3.7,0,,0,27.7,22.7,78,6.305555556,78,,,,,
14210,42.867,-78.831,2023-03-03T14:00:00,3.8,0,,0,35.5,20.2,81,5.611111111,81,,,,,
14210,42.867,-78.831,2023-03-03T15:00:00,4.1,0,,0,42.4,24.2,71,6.722222222,71,,,,,
14210,42.867,-78.831,2023-03-03T16:00:00,4.2,0,,0,40.7,19.4,81,5.388888889,81,,,,,
14210,42.867,-78.831,2023-03-03T17:00:00,4.1,0,,0,38.7,18.9,90,5.25,90,,,,,
14210,42.867,-78.831,2023-03-03T18:00:00,1.2,1.456,"rain,snow",0,57.2,18.4,83,5.111111111,83,,,,,
14210,42.867,-78.831,2023-03-03T19:00:00,1.1,3.811,"rain,snow",0,38.9,24.8,70,6.888888889,70,,,,,
14210,42.867,-78.831,2023-03-03T20:00:00,0.7,6.497,"rain,snow",0,48.7,34.6,71,9.611111111,71,,,,,
14210,42.867,-78.831,2023-03-03T21:00:00,1.2,6.963,"rain,snow",0,55.3,34.5,71,9.583333333,71,,,,,
14210,42.867,-78.831,2023-03-03T22:00:00,1.2,0.825,"rain,snow",0,56.6,34,89,9.444444444,89,,,,,
14210,42.867,-78.831,2023-03-03T23:00:00,2.2,0.26,rain,0,58.6,31.6,112,8.777777778,68,,,,,
14210,42.867,-78.831,2023-03-04T00:00:00,2.4,0.799,rain,0,57.2,10.1,101,2.805555556,79,,,,,
14210,42.867,-78.831,2023-03-04T01:00:00,2,0.391,"rain,snow",1,31.3,18.2,87,5.055555556,87,,,,,
14210,42.867,-78.831,2023-03-04T02:00:00,1.1,0.833,"rain,snow",0,61.2,21.6,63,6,63,,,,,
14210,42.867,-78.831,2023-03-04T03:00:00,1.1,0.885,"rain,snow",0,59,16.3,54,4.527777778,54,,,,,
14210,42.867,-78.831,2023-03-04T04:00:00,1.1,0.541,"rain,snow",0,25.9,21.2,63,5.888888889,63,,,,,
14210,42.867,-78.831,2023-03-04T05:00:00,1.1,1.142,"rain,snow",0,24.1,21.1,59,5.861111111,59,,,,,
14210,42.867,-78.831,2023-03-04T06:00:00,0.7,0.888,"rain,snow",0,50,16,23,4.444444444,23,,,,,
14210,42.867,-78.831,2023-03-04T07:00:00,0.7,0.659,"rain,snow",0.5,27.7,13.3,358,3.694444444,2,,,,,
14210,42.867,-78.831,2023-03-04T08:00:00,0.7,0.124,"rain,snow",0,51.8,26.2,331,7.277777778,29,,,,,
14210,42.867,-78.831,2023-03-04T09:00:00,0.1,0.135,"rain,snow",0,54.1,22.4,322,6.222222222,38,,,,,
14210,42.867,-78.831,2023-03-04T10:00:00,0.1,0.064,"rain,snow",0,35.3,22.4,305,6.222222222,55,,,,,
14210,42.867,-78.831,2023-03-04T11:00:00,0.1,0,,0,38.9,20.2,305,5.611111111,55,,,,,
14210,42.867,-78.831,2023-03-04T12:00:00,0.2,0,,0,31.3,15.7,293,4.361111111,67,,,,,
14210,42.867,-78.831,2023-03-04T13:00:00,0.8,0,"rain,snow",0.8,37.1,24,265,6.666666667,85,,,,,
14210,42.867,-78.831,2023-03-04T14:00:00,1.9,0,,0,31.7,22.2,271,6.166666667,89,,,,,
14210,42.867,-78.831,2023-03-04T15:00:00,3.5,0,,0,24.1,17.2,287,4.777777778,73,,,,,
14210,42.867,-78.831,2023-03-04T16:00:00,4,0,,0,22.3,18.3,259,5.083333333,79,,,,,
14210,42.867,-78.831,2023-03-04T17:00:00,3.5,0,,0,22.3,17.8,243,4.944444444,63,,,,,
14210,42.867,-78.831,2023-03-04T18:00:00,2.5,0,,0,44.6,20.9,234,5.805555556,54,,,,,
14210,42.867,-78.831,2023-03-04T19:00:00,1.9,0,,0,25.9,20.4,221,5.666666667,41,,,,,
14210,42.867,-78.831,2023-03-04T20:00:00,1.6,0,,0,37.1,23.7,219,6.583333333,39,,,,,
14210,42.867,-78.831,2023-03-04T21:00:00,1.5,0,,0,25.9,14.1,228,3.916666667,48,,,,,
14210,42.867,-78.831,2023-03-04T22:00:00,1.4,0,,0,25.9,18.2,216,5.055555556,36,,,,,
14210,42.867,-78.831,2023-03-04T23:00:00,0.7,0,,0,24.1,11,209,3.055555556,29,,,,,
14210,42.867,-78.831,2023-03-05T00:00:00,0.7,0,,0,22.3,11.4,211,3.166666667,31,,,,,
14210,42.867,-78.831,2023-03-05T01:00:00,0.8,0,,0,20.5,11.5,219,3.194444444,39,,,,,
14210,42.867,-78.831,2023-03-05T02:00:00,0.7,0,,0,18.4,9.4,194,2.611111111,14,,,,,
14210,42.867,-78.831,2023-03-05T03:00:00,0.2,0,,0,16.6,7.7,192,2.138888889,12,,,,,
14210,42.867,-78.831,2023-03-05T04:00:00,0.8,0,,0,16.6,5.9,186,1.638888889,6,,,,,
14210,42.867,-78.831,2023-03-05T05:00:00,1.7,0.005,"rain,snow",0,18.4,17.2,221,4.777777778,41,,,,,
14210,42.867,-78.831,2023-03-05T06:00:00,1.2,0.833,"rain,snow",0,20.5,12.6,237,3.5,57,,,,,
14210,42.867,-78.831,2023-03-05T07:00:00,1.7,0.412,"rain,snow",0.3,24.1,14.1,220,3.916666667,40,,,,,
14210,42.867,-78.831,2023-03-05T08:00:00,2.2,0,,0,25.9,13.8,234,3.833333333,54,,,,,
14210,42.867,-78.831,2023-03-05T09:00:00,2.9,0,,0,29.5,12.9,252,3.583333333,72,,,,,
14210,42.867,-78.831,2023-03-05T10:00:00,3.4,0,,0,31.3,17.2,252,4.777777778,72,,,,,
14210,42.867,-78.831,2023-03-05T11:00:00,3.9,0,,0,33.6,18.9,272,5.25,88,,,,,
14210,42.867,-78.831,2023-03-05T12:00:00,4.9,0,,0,31.3,17.7,274,4.916666667,86,,,,,
14210,42.867,-78.831,2023-03-05T13:00:00,4.5,0,,0,29.5,19.8,256,5.5,76,,,,,
14210,42.867,-78.831,2023-03-05T14:00:00,6.5,0,,0,34,18.9,255,5.25,75,,,,,
14210,42.867,-78.831,2023-03-05T15:00:00,4.1,0,,0,31.3,22.5,249,6.25,69,,,,,
14210,42.867,-78.831,2023-03-05T16:00:00,4,0,,0,25.9,17.1,232,4.75,52,,,,,
14210,42.867,-78.831,2023-03-05T17:00:00,5,0,,0,25.9,16.2,290,4.5,70,,,,,
14210,42.867,-78.831,2023-03-05T18:00:00,3.9,0,,0,18.4,10.6,241,2.944444444,61,,,,,
14210,42.867,-78.831,2023-03-05T19:00:00,3.2,0,,0,14.8,13.9,271,3.861111111,89,,,,,
14210,42.867,-78.831,2023-03-05T20:00:00,2,0,,0,13,9.5,253,2.638888889,73,,,,,
14210,42.867,-78.831,2023-03-05T21:00:00,1.5,0,,0,11.2,8.8,257,2.444444444,77,,,,,
14210,42.867,-78.831,2023-03-05T22:00:00,0,0,,0,9.4,7.3,210,2.027777778,30,,,,,
14210,42.867,-78.831,2023-03-05T23:00:00,-0.3,0,,0,7.6,7.5,225,2.083333333,45,,,,,
14210,42.867,-78.831,2023-03-06T00:00:00,-1.2,0,,0,5.4,6.3,208,1.75,28,,,,,
14210,42.867,-78.831,2023-03-06T01:00:00,-1.2,0,,0,5.4,6.4,202,1.777777778,22,,,,,
14210,42.867,-78.831,2023-03-06T02:00:00,-1.8,0,,0,5.4,0,354,0,6,,,,,
14210,42.867,-78.831,2023-03-06T03:00:00,-1.4,0,,0,3.6,0.2,355,0.055555556,5,,,,,
14210,42.867,-78.831,2023-03-06T04:00:00,-1.8,0,,0,5.4,0.2,356,0.055555556,4,,,,,
14210,42.867,-78.831,2023-03-06T05:00:00,-1.8,0,,0,5.4,0.2,11,0.055555556,11,,,,,
14210,42.867,-78.831,2023-03-06T06:00:00,-1.3,0,,0,5.4,4.6,130,1.277777778,50,,,,,
14210,42.867,-78.831,2023-03-06T07:00:00,-1.3,0,,0,7.6,4.5,149,1.25,31,,,,,
14210,42.867,-78.831,2023-03-06T08:00:00,-0.7,0,,0,9.4,6.3,102,1.75,78,,,,,
14210,42.867,-78.831,2023-03-06T09:00:00,-0.6,0,,0,11.2,1,12,0.277777778,12,,,,,
14210,42.867,-78.831,2023-03-06T10:00:00,0.2,0,,0,14.8,0.9,15,0.25,15,,,,,
14210,42.867,-78.831,2023-03-06T11:00:00,1.7,0,,0,20.5,10.5,57,2.916666667,57,,,,,
14210,42.867,-78.831,2023-03-06T12:00:00,2.2,0,,0,22.3,14.7,62,4.083333333,62,,,,,
14210,42.867,-78.831,2023-03-06T13:00:00,2.9,0,,0,18.4,20.7,62,5.75,62,,,,,
14210,42.867,-78.831,2023-03-06T14:00:00,3.3,0,,0,31.3,15.5,53,4.305555556,53,,,,,
14210,42.867,-78.831,2023-03-06T15:00:00,3.8,0,,0,33.5,15.2,70,4.222222222,70,,,,,
14210,42.867,-78.831,2023-03-06T16:00:00,3.3,0,,0,29.5,18.9,60,5.25,60,,,,,
14210,42.867,-78.831,2023-03-06T17:00:00,2.9,0,,0,35.3,13.3,78,3.694444444,78,,,,,
14210,42.867,-78.831,2023-03-06T18:00:00,2.8,0,,0,33.5,6.1,68,1.694444444,68,,,,,
14210,42.867,-78.831,2023-03-06T19:00:00,2.7,0,,0,27.7,7.7,67,2.138888889,67,,,,,
14210,42.867,-78.831,2023-03-06T20:00:00,2.1,0,,0,27.7,7.9,21,2.194444444,21,,,,,
14210,42.867,-78.831,2023-03-06T21:00:00,1.2,0,,0,25.9,11,61,3.055555556,61,,,,,
14210,42.867,-78.831,2023-03-06T22:00:00,1.2,0,,0,25.9,9.7,68,2.694444444,68,,,,,
14210,42.867,-78.831,2023-03-06T23:00:00,0.7,0,,0,24.1,9.5,87,2.638888889,87,,,,,
14210,42.867,-78.831,2023-03-07T00:00:00,0.7,0,,0,22.3,2.5,9,0.694444444,9,,,,,
14210,42.867,-78.831,2023-03-07T01:00:00,0.2,0,"rain,snow",0.5,22.3,11.7,5,3.25,5,,,,,
14210,42.867,-78.831,2023-03-07T02:00:00,0.2,0,,0,31.3,10.5,10,2.916666667,10,,,,,
14210,42.867,-78.831,2023-03-07T03:00:00,0.8,0,,0,42.5,16.3,5,4.527777778,5,,,,,
14210,42.867,-78.831,2023-03-07T04:00:00,0.1,0,,0,24.1,14.7,11,4.083333333,11,,,,,
14210,42.867,-78.831,2023-03-07T05:00:00,-0.5,0,,0,28.3,15.3,360,4.25,0,,,,,
14210,42.867,-78.831,2023-03-07T06:00:00,-1,0,,0,40.7,12.3,351,3.416666667,9,,,,,
14210,42.867,-78.831,2023-03-07T07:00:00,-1.1,0,,0,24.1,21.7,350,6.027777778,10,,,,,
14210,42.867,-78.831,2023-03-07T08:00:00,-0.6,0,,0,44.1,26.6,340,7.388888889,20,,,,,
14210,42.867,-78.831,2023-03-07T09:00:00,-1,0,,0,51,30,1,8.333333333,1,,,,,
14210,42.867,-78.831,2023-03-07T10:00:00,-1,0,,0,47.2,27.2,351,7.555555556,9,,,,,
14210,42.867,-78.831,2023-03-07T11:00:00,-0.4,0,,0,46,32.3,351,8.972222222,9,,,,,
14210,42.867,-78.831,2023-03-07T12:00:00,0.2,0,,0,49.3,33.8,330,9.388888889,30,,,,,
14210,42.867,-78.831,2023-03-07T13:00:00,0.8,0,,0,45.9,32.9,313,9.138888889,47,,,,,
14210,42.867,-78.831,2023-03-07T14:00:00,1.8,0,,0,48.6,24.2,303,6.722222222,57,,,,,
14210,42.867,-78.831,2023-03-07T15:00:00,1.8,0,,0,51.2,33.7,329,9.361111111,31,,,,,
14210,42.867,-78.831,2023-03-07T16:00:00,1.3,0,,0,53.4,35.9,304,9.972222222,56,,,,,
14210,42.867,-78.831,2023-03-07T17:00:00,1.3,0,,0,58,36,312,10,48,,,,,
14210,42.867,-78.831,2023-03-07T18:00:00,0.8,0,,0,50.5,27.9,313,7.75,47,,,,,
14210,42.867,-78.831,2023-03-07T19:00:00,0.2,0,,0,48,24.1,311,6.694444444,49,,,,,
14210,42.867,-78.831,2023-03-07T20:00:00,0.7,0,,0,52.7,20.3,311,5.638888889,49,,,,,
14210,42.867,-78.831,2023-03-07T21:00:00,0.8,0,,0,35.8,19.3,321,5.361111111,39,,,,,
14210,42.867,-78.831,2023-03-07T22:00:00,1.2,0,,0,33.5,18.5,339,5.138888889,21,,,,,
14210,42.867,-78.831,2023-03-07T23:00:00,0.7,0,,0,43.5,27.3,350,7.583333333,10,,,,,
14210,42.867,-78.831,2023-03-08T00:00:00,0.2,0,,0,42.7,27.7,343,7.694444444,17,,,,,
14210,42.867,-78.831,2023-03-08T01:00:00,0.1,0,,0,48.2,25.4,341,7.055555556,19,,,,,
14210,42.867,-78.831,2023-03-08T02:00:00,-0.5,0,,0,41.9,23.7,343,6.583333333,17,,,,,
14210,42.867,-78.831,2023-03-08T03:00:00,-1,0,,0,39.2,15.6,350,4.333333333,10,,,,,
14210,42.867,-78.831,2023-03-08T04:00:00,-1,0,,0,31.3,16.3,343,4.527777778,17,,,,,
14210,42.867,-78.831,2023-03-08T05:00:00,-1.1,0,,0,37.5,25.6,351,7.111111111,9,,,,,
14210,42.867,-78.831,2023-03-08T06:00:00,-1.6,0,,0,34,22,350,6.111111111,10,,,,,
14210,42.867,-78.831,2023-03-08T07:00:00,-2.1,0,,0,27.7,15.6,358,4.333333333,2,,,,,
14210,42.867,-78.831,2023-03-08T08:00:00,-1.1,0,,0,36.3,19.2,8,5.333333333,8,,,,,
14210,42.867,-78.831,2023-03-08T09:00:00,-1.1,0,,0,37.8,21,360,5.833333333,0,,,,,
14210,42.867,-78.831,2023-03-08T10:00:00,-0.6,0,,0,31.7,14.4,337,4,23,,,,,
14210,42.867,-78.831,2023-03-08T11:00:00,-0.5,0,,0,31.7,17.5,9,4.861111111,9,,,,,
14210,42.867,-78.831,2023-03-08T12:00:00,0.2,0,,0,25.9,12.5,331,3.472222222,29,,,,,
14210,42.867,-78.831,2023-03-08T13:00:00,0.7,0,,0,27.7,15.4,330,4.277777778,30,,,,,
14210,42.867,-78.831,2023-03-08T14:00:00,1.2,0,,0,29.8,21.1,301,5.861111111,59,,,,,
14210,42.867,-78.831,2023-03-08T15:00:00,1.2,0,,0,33.5,17.1,279,4.75,81,,,,,
14210,42.867,-78.831,2023-03-08T16:00:00,1.3,0,,0,24.1,14.7,330,4.083333333,30,,,,,
14210,42.867,-78.831,2023-03-08T17:00:00,1.7,0,,0,24.1,17.7,334,4.916666667,26,,,,,
14210,42.867,-78.831,2023-03-08T18:00:00,0.7,0,,0,14.8,13.1,321,3.638888889,39,,,,,
14210,42.867,-78.831,2023-03-08T19:00:00,-0.1,0,,0,13,9.5,293,2.638888889,67,,,,,
14210,42.867,-78.831,2023-03-08T20:00:00,-0.8,0,,0,35.3,9.7,299,2.694444444,61,,,,,
14210,42.867,-78.831,2023-03-08T21:00:00,-0.6,0,,0,38.9,11.7,286,3.25,74,,,,,
14210,42.867,-78.831,2023-03-08T22:00:00,-1.2,0,,0,14.8,9.9,292,2.75,68,,,,,
14210,42.867,-78.831,2023-03-08T23:00:00,-1.7,0,,0,31.3,9.9,299,2.75,61,,,,,
14210,42.867,-78.831,2023-03-09T00:00:00,-1.6,0,,0,31.3,11.9,277,3.305555556,83,,,,,
14210,42.867,-78.831,2023-03-09T01:00:00,-1.6,0,,0,11.2,11.5,313,3.194444444,47,,,,,
14210,42.867,-78.831,2023-03-09T02:00:00,-2.6,0,,0,7.6,9.5,329,2.638888889,31,,,,,
14210,42.867,-78.831,2023-03-09T03:00:00,-2.7,0,,0,31.3,9.7,329,2.694444444,31,,,,,
14210,42.867,-78.831,2023-03-09T04:00:00,-2.7,0,,0,7.6,9.7,315,2.694444444,45,,,,,
14210,42.867,-78.831,2023-03-09T05:00:00,-2.8,0,,0,31.3,12.3,341,3.416666667,19,,,,,
14210,42.867,-78.831,2023-03-09T06:00:00,-3.3,0,,0,31.3,9.7,342,2.694444444,18,,,,,
14210,42.867,-78.831,2023-03-09T07:00:00,-3.3,0,,0,5.4,7.5,336,2.083333333,24,,,,,
14210,42.867,-78.831,2023-03-09T08:00:00,-1.6,0,,0,9.4,9.9,340,2.75,20,,,,,
14210,42.867,-78.831,2023-03-09T09:00:00,-1.5,0,,0,9.4,9.8,358,2.722222222,2,,,,,
14210,42.867,-78.831,2023-03-09T10:00:00,-0.4,0,,0,9.4,8.3,351,2.305555556,9,,,,,
14210,42.867,-78.831,2023-03-09T11:00:00,0.2,0,,0,9.4,2.4,353,0.666666667,7,,,,,
14210,42.867,-78.831,2023-03-09T12:00:00,2.1,0,,0,9.4,9.8,322,2.722222222,38,,,,,
14210,42.867,-78.831,2023-03-09T13:00:00,2.7,0,,0,14.8,14.3,330,3.972222222,30,,,,,
14210,42.867,-78.831,2023-03-09T14:00:00,3.1,0,,0,14.8,15.7,337,4.361111111,23,,,,,
14210,42.867,-78.831,2023-03-09T15:00:00,3.3,0.003,rain,0,14.8,10,346,2.777777778,14,,,,,
14210,42.867,-78.831,2023-03-09T16:00:00,3.2,0,,0,13,9.2,5,2.555555556,5,,,,,
14210,42.867,-78.831,2023-03-09T17:00:00,2.2,0,,0,13,11.2,337,3.111111111,23,,,,,
14210,42.867,-78.831,2023-03-09T18:00:00,1.2,0,,0,13,9.2,13,2.555555556,13,,,,,
14210,42.867,-78.831,2023-03-09T19:00:00,0,0,,0,13,5.8,13,1.611111111,13,,,,,
14210,42.867,-78.831,2023-03-09T20:00:00,-0.6,0,,0,7.6,6.5,48,1.805555556,48,,,,,
14210,42.867,-78.831,2023-03-09T21:00:00,-1.1,0,,0,7.6,9.1,60,2.527777778,60,,,,,
14210,42.867,-78.831,2023-03-09T22:00:00,-1.2,0,,0,9.4,6.4,92,1.777777778,88,,,,,
14210,42.867,-78.831,2023-03-09T23:00:00,-1.6,0,,0,9.4,6.6,109,1.833333333,71,,,,,
14210,42.867,-78.831,2023-03-10T00:00:00,-2.1,0,,0,9.4,4.7,57,1.305555556,57,,,,,
14210,42.867,-78.831,2023-03-10T01:00:00,-1.6,0,,0,11.2,7.2,71,2,71,,,,,
14210,42.867,-78.831,2023-03-10T02:00:00,-1.5,0,,0,9.4,9.5,46,2.638888889,46,,,,,
14210,42.867,-78.831,2023-03-10T03:00:00,-1.4,0,,0,13,9.2,33,2.555555556,33,,,,,
14210,42.867,-78.831,2023-03-10T04:00:00,-1.8,0,,0,20.5,10,44,2.777777778,44,,,,,
14210,42.867,-78.831,2023-03-10T05:00:00,-1.4,0,,0,22.3,13,45,3.611111111,45,,,,,
14210,42.867,-78.831,2023-03-10T06:00:00,-1,0,,0,31.3,15.2,52,4.222222222,52,,,,,
14210,42.867,-78.831,2023-03-10T07:00:00,-1.1,0,,0,27.7,18.3,44,5.083333333,44,,,,,
14210,42.867,-78.831,2023-03-10T08:00:00,-1,0,,0,40.2,26.3,61,7.305555556,61,,,,,
14210,42.867,-78.831,2023-03-10T09:00:00,-0.5,0,,0,44.5,29.1,71,8.083333333,71,,,,,
14210,42.867,-78.831,2023-03-10T10:00:00,-1,0,,0,43.2,31.9,62,8.861111111,62,,,,,
14210,42.867,-78.831,2023-03-10T11:00:00,-1.1,0.256,"rain,snow",0,47.5,29.3,54,8.138888889,54,,,,,
14210,42.867,-78.831,2023-03-10T12:00:00,-0.6,0.009,"rain,snow",0,52.4,28,61,7.777777778,61,,,,,
14210,42.867,-78.831,2023-03-10T13:00:00,-0.5,0.016,"rain,snow",3.3,52.3,29.2,62,8.111111111,62,,,,,
14210,42.867,-78.831,2023-03-10T14:00:00,-1.1,0.582,"rain,snow",0,51.5,25.6,70,7.111111111,70,,,,,
14210,42.867,-78.831,2023-03-10T15:00:00,-1.1,1.698,"rain,snow",0,45.8,32.7,51,9.083333333,51,,,,,
14210,42.867,-78.831,2023-03-10T16:00:00,-1.1,0.824,"rain,snow",0,47.9,27.1,51,7.527777778,51,,,,,
14210,42.867,-78.831,2023-03-10T17:00:00,-1.2,0.281,"rain,snow",0,44.7,25.5,41,7.083333333,41,,,,,
14210,42.867,-78.831,2023-03-10T18:00:00,-1.6,0.456,"rain,snow",0,44.6,24.9,30,6.916666667,30,,,,,
14210,42.867,-78.831,2023-03-10T19:00:00,-2.1,0,snow,8.9,46.4,31.4,21,8.722222222,21,,,,,
14210,42.867,-78.831,2023-03-10T20:00:00,-2.1,0.469,snow,0,38.3,23.4,20,6.5,20,,,,,
14210,42.867,-78.831,2023-03-10T21:00:00,-2.6,0.683,snow,0,38.6,19.2,11,5.333333333,11,,,,,
14210,42.867,-78.831,2023-03-10T22:00:00,-2.6,0.412,snow,0,31.7,21.1,13,5.861111111,13,,,,,
14210,42.867,-78.831,2023-03-10T23:00:00,-2.6,0.415,snow,0,42.5,15.1,4,4.194444444,4,,,,,
14210,42.867,-78.831,2023-03-11T00:00:00,-2.6,0.254,snow,0,38.9,13,2,3.611111111,2,,,,,
14210,42.867,-78.831,2023-03-11T01:00:00,-2.6,0,snow,2.5,38.9,14.6,327,4.055555556,33,,,,,
14210,42.867,-78.831,2023-03-11T02:00:00,-2.5,0.296,snow,0,31.3,15.4,334,4.277777778,26,,,,,
14210,42.867,-78.831,2023-03-11T03:00:00,-2.1,0.012,snow,0,37.1,15,331,4.166666667,29,,,,,
14210,42.867,-78.831,2023-03-11T04:00:00,-2,0,,0,31.3,13.9,340,3.861111111,20,,,,,
14210,42.867,-78.831,2023-03-11T05:00:00,-2,0.003,"rain,snow",0,42.5,16.1,343,4.472222222,17,,,,,
14210,42.867,-78.831,2023-03-11T06:00:00,-2,0,,0,40.7,14.9,351,4.138888889,9,,,,,
14210,42.867,-78.831,2023-03-11T07:00:00,-2,0,"rain,snow",1.5,27.7,14.7,360,4.083333333,0,,,,,
14210,42.867,-78.831,2023-03-11T08:00:00,-1.9,0,,0,33.5,12.9,1,3.583333333,1,,,,,
14210,42.867,-78.831,2023-03-11T09:00:00,-1.1,0,,0,31.3,13,17,3.611111111,17,,,,,
14210,42.867,-78.831,2023-03-11T10:00:00,-1,0.009,"rain,snow",0,25.9,13.1,39,3.638888889,39,,,,,
14210,42.867,-78.831,2023-03-11T11:00:00,-1,0,,0,22.3,11.5,31,3.194444444,31,,,,,
14210,42.867,-78.831,2023-03-11T12:00:00,-0.5,0,,0,22.3,1.5,3,0.416666667,3,,,,,
14210,42.867,-78.831,2023-03-11T13:00:00,0.1,0,"rain,snow",0.3,22.3,10.3,321,2.861111111,39,,,,,
14210,42.867,-78.831,2023-03-11T14:00:00,0,0,,0,18.4,6,356,1.666666667,4,,,,,
14210,42.867,-78.831,2023-03-11T15:00:00,0,0,,0,18.4,12.8,342,3.555555556,18,,,,,
14210,42.867,-78.831,2023-03-11T16:00:00,0.1,0,,0,16.6,7.1,9,1.972222222,9,,,,,
14210,42.867,-78.831,2023-03-11T17:00:00,-0.6,0,,0,13,10.6,342,2.944444444,18,,,,,
14210,42.867,-78.831,2023-03-11T18:00:00,-1,0,,0,11.2,8.8,328,2.444444444,32,,,,,
14210,42.867,-78.831,2023-03-11T19:00:00,-1.1,0,,0,7.6,9.3,10,2.583333333,10,,,,,
14210,42.867,-78.831,2023-03-11T20:00:00,-1.1,0,,0,7.6,9.2,335,2.555555556,25,,,,,
14210,42.867,-78.831,2023-03-11T21:00:00,-1.1,0,,0,5.4,8,345,2.222222222,15,,,,,
14210,42.867,-78.831,2023-03-11T22:00:00,-1.5,0,,0,3.6,6.3,55,1.75,55,,,,,
14210,42.867,-78.831,2023-03-11T23:00:00,-1.5,0,,0,9.4,0.1,353,0.027777778,7,,,,,
14210,42.867,-78.831,2023-03-12T00:00:00,-2,0,,0,7.6,5.6,342,1.555555556,18,,,,,
14210,42.867,-78.831,2023-03-12T01:00:00,-1.6,0,,0,5.4,1,17,0.277777778,17,,,,,
14210,42.867,-78.831,2023-03-12T03:00:00,-1.6,0,,0,3.6,4.8,56,1.333333333,56,,,,,
14210,42.867,-78.831,2023-03-12T04:00:00,-2.1,0,,0,3.6,5.6,62,1.555555556,62,,,,,
14210,42.867,-78.831,2023-03-12T05:00:00,-2.1,0,,0,5.4,6.5,93,1.805555556,87,,,,,
14210,42.867,-78.831,2023-03-12T06:00:00,-1.6,0,,0,5.4,8.7,107,2.416666667,73,,,,,
14210,42.867,-78.831,2023-03-12T07:00:00,-1.7,0,,0,5.4,5.7,123,1.583333333,57,,,,,
14210,42.867,-78.831,2023-03-12T08:00:00,-1.7,0,,0,7.6,9.1,124,2.527777778,56,,,,,
14210,42.867,-78.831,2023-03-12T09:00:00,-1.6,0,,0,7.6,0.6,8,0.166666667,8,,,,,
14210,42.867,-78.831,2023-03-12T10:00:00,-1.5,0,,0,9.4,1.5,25,0.416666667,25,,,,,
14210,42.867,-78.831,2023-03-12T11:00:00,-1.1,0,,0,9.4,9.5,115,2.638888889,65,,,,,
14210,42.867,-78.831,2023-03-12T12:00:00,-0.6,0,,0,9.4,12.7,96,3.527777778,84,,,,,
14210,42.867,-78.831,2023-03-12T13:00:00,-0.5,0,,0,11.2,14.7,99,4.083333333,81,,,,,
14210,42.867,-78.831,2023-03-12T14:00:00,0.1,0,,0,9.4,10.7,86,2.972222222,86,,,,,
14210,42.867,-78.831,2023-03-12T15:00:00,0.7,0,,0,11.2,12.7,57,3.527777778,57,,,,,
14210,42.867,-78.831,2023-03-12T16:00:00,1.1,0,,0,11.2,13.1,69,3.638888889,69,,,,,
14210,42.867,-78.831,2023-03-12T17:00:00,1.1,0,,0,11.2,14.5,64,4.027777778,64,,,,,
14210,42.867,-78.831,2023-03-12T18:00:00,0.7,0,,0,11.2,14.7,52,4.083333333,52,,,,,
14210,42.867,-78.831,2023-03-12T19:00:00,0.6,0,,0,9.4,15.8,71,4.388888889,71,,,,,
14210,42.867,-78.831,2023-03-12T20:00:00,0.1,0.247,"rain,snow",0.3,9.4,10.6,79,2.944444444,79,,,,,
14210,42.867,-78.831,2023-03-12T21:00:00,0,0.002,"rain,snow",0,13,9.7,59,2.694444444,59,,,,,
14210,42.867,-78.831,2023-03-12T22:00:00,-0.6,0,,0,9.4,12.5,36,3.472222222,36,,,,,
14210,42.867,-78.831,2023-03-12T23:00:00,-0.7,0,,0,9.4,9,38,2.5,38,,,,,
14210,42.867,-78.831,2023-03-13T00:00:00,-0.7,0.005,"rain,snow",0,9.4,5.6,49,1.555555556,49,,,,,
14210,42.867,-78.831,2023-03-13T01:00:00,-0.7,0.005,"rain,snow",0,7.6,7.3,89,2.027777778,89,,,,,
14210,42.867,-78.831,2023-03-13T02:00:00,-0.6,0,,0,7.6,4.6,93,1.277777778,87,,,,,
14210,42.867,-78.831,2023-03-13T03:00:00,-0.6,0,,0,3.6,4.7,119,1.305555556,61,,,,,
14210,42.867,-78.831,2023-03-13T04:00:00,-0.7,0,,0,3.6,5.7,200,1.583333333,20,,,,,
14210,42.867,-78.831,2023-03-13T05:00:00,-0.6,0.247,"rain,snow",0,3.6,5.7,218,1.583333333,38,,,,,
14210,42.867,-78.831,2023-03-13T06:00:00,-0.6,0,,0,3.6,5.6,221,1.555555556,41,,,,,
14210,42.867,-78.831,2023-03-13T07:00:00,-0.6,0.002,"rain,snow",0,3.6,9.3,296,2.583333333,64,,,,,
14210,42.867,-78.831,2023-03-13T08:00:00,-0.6,0,"rain,snow",0.3,5.4,8,289,2.222222222,71,,,,,
14210,42.867,-78.831,2023-03-13T09:00:00,-0.6,0,,0,5.4,8.1,281,2.25,79,,,,,
14210,42.867,-78.831,2023-03-13T10:00:00,0,0,,0,13,6.5,271,1.805555556,89,,,,,
14210,42.867,-78.831,2023-03-13T11:00:00,0,0,,0,14.8,9.7,261,2.694444444,81,,,,,
14210,42.867,-78.831,2023-03-13T12:00:00,0.6,0,,0,16.6,9.2,289,2.555555556,71,,,,,
14210,42.867,-78.831,2023-03-13T13:00:00,0.6,0,,0,20.5,11.3,257,3.138888889,77,,,,,
14210,42.867,-78.831,2023-03-13T14:00:00,0.7,0,"rain,snow",1.3,24.1,17.2,245,4.777777778,65,,,,,
14210,42.867,-78.831,2023-03-13T15:00:00,0.1,0.118,"rain,snow",0,24.1,15.8,244,4.388888889,64,,,,,
14210,42.867,-78.831,2023-03-13T16:00:00,-0.4,0.129,"rain,snow",0,24.1,13.7,250,3.805555556,70,,,,,
14210,42.867,-78.831,2023-03-13T17:00:00,0.1,0.014,"rain,snow",0,24.1,13.8,251,3.833333333,71,,,,,
14210,42.867,-78.831,2023-03-13T18:00:00,-0.5,0.002,"rain,snow",0,22.3,14.9,241,4.138888889,61,,,,,
14210,42.867,-78.831,2023-03-13T19:00:00,-0.5,0.255,"rain,snow",0,20.5,15,248,4.166666667,68,,,,,
14210,42.867,-78.831,2023-03-13T20:00:00,-0.5,0,"rain,snow",0.5,20.5,8.6,256,2.388888889,76,,,,,
14210,42.867,-78.831,2023-03-13T21:00:00,-0.6,0.26,"rain,snow",0,22.3,9.1,268,2.527777778,88,,,,,
14210,42.867,-78.831,2023-03-13T22:00:00,-0.6,0.266,"rain,snow",0,32.6,12.7,291,3.527777778,69,,,,,
14210,42.867,-78.831,2023-03-13T23:00:00,-0.7,0.118,"rain,snow",0,20.5,13.8,297,3.833333333,63,,,,,
14210,42.867,-78.831,2023-03-14T00:00:00,-1.2,0.129,"rain,snow",0,33.5,16.6,323,4.611111111,37,,,,,
14210,42.867,-78.831,2023-03-14T01:00:00,-2,0,,0,35.3,18.6,329,5.166666667,31,,,,,
14210,42.867,-78.831,2023-03-14T02:00:00,-2.1,0,snow,0.8,22.3,17.4,310,4.833333333,50,,,,,
14210,42.867,-78.831,2023-03-14T03:00:00,-2.7,0,,0,37.1,18.8,316,5.222222222,44,,,,,
14210,42.867,-78.831,2023-03-14T04:00:00,-2.7,0,,0,44.3,18,301,5,59,,,,,
14210,42.867,-78.831,2023-03-14T05:00:00,-2.8,0,,0,31.3,22.6,301,6.277777778,59,,,,,
14210,42.867,-78.831,2023-03-14T06:00:00,-3.2,0,,0,35.6,21.8,318,6.055555556,42,,,,,
14210,42.867,-78.831,2023-03-14T07:00:00,-3.2,0,,0,35.6,23,308,6.388888889,52,,,,,
14210,42.867,-78.831,2023-03-14T08:00:00,-3.4,0,snow,0.3,37.1,25.4,301,7.055555556,59,,,,,
14210,42.867,-78.831,2023-03-14T09:00:00,-4.3,0.252,snow,0,37.1,26.1,301,7.25,59,,,,,
14210,42.867,-78.831,2023-03-14T10:00:00,-3.9,0,,0,38.5,26.8,301,7.444444444,59,,,,,
14210,42.867,-78.831,2023-03-14T11:00:00,-3.8,0,,0,40.1,25.6,293,7.111111111,67,,,,,
14210,42.867,-78.831,2023-03-14T12:00:00,-4.1,0,,0,46.6,31.9,292,8.861111111,68,,,,,
14210,42.867,-78.831,2023-03-14T13:00:00,-3.2,0,,0,41.6,21.3,293,5.916666667,67,,,,,
14210,42.867,-78.831,2023-03-14T14:00:00,-3.1,0,snow,0.8,44.6,24.9,291,6.916666667,69,,,,,
14210,42.867,-78.831,2023-03-14T15:00:00,-2,0.12,"rain,snow",0,44.5,26.4,293,7.333333333,67,,,,,
14210,42.867,-78.831,2023-03-14T16:00:00,-1.5,0,,0,43.9,24.3,302,6.75,58,,,,,
14210,42.867,-78.831,2023-03-14T17:00:00,-1.5,0,,0,39.7,20,303,5.555555556,57,,,,,
14210,42.867,-78.831,2023-03-14T18:00:00,-2.1,0,,0,45.9,29,305,8.055555556,55,,,,,
14210,42.867,-78.831,2023-03-14T19:00:00,-2.6,0,,0,53.9,23.8,303,6.611111111,57,,,,,
14210,42.867,-78.831,2023-03-14T20:00:00,-2.6,0,snow,1,50,30.7,304,8.527777778,56,,,,,
14210,42.867,-78.831,2023-03-14T21:00:00,-2.6,0,,0,46.9,26.2,310,7.277777778,50,,,,,
14210,42.867,-78.831,2023-03-14T22:00:00,-2,0,,0,50,30.5,319,8.472222222,41,,,,,
14210,42.867,-78.831,2023-03-14T23:00:00,-1.6,0,,0,50.1,30.2,320,8.388888889,40,,,,,
14210,42.867,-78.831,2023-03-15T00:00:00,-1.6,0,,0,51,25,311,6.944444444,49,,,,,
14210,42.867,-78.831,2023-03-15T01:00:00,-2.1,0,,0,40.4,21.6,331,6,29,,,,,
14210,42.867,-78.831,2023-03-15T02:00:00,-2.6,0,snow,0.3,44.4,27.5,331,7.638888889,29,,,,,
14210,42.867,-78.831,2023-03-15T03:00:00,-3.2,0,,0,43.8,19.8,321,5.5,39,,,,,
14210,42.867,-78.831,2023-03-15T04:00:00,-3.8,0,,0,55.4,22.2,321,6.166666667,39,,,,,
14210,42.867,-78.831,2023-03-15T05:00:00,-4.2,0,,0,35.3,16.6,313,4.611111111,47,,,,,
14210,42.867,-78.831,2023-03-15T06:00:00,-4.8,0,,0,50,18.9,313,5.25,47,,,,,
14210,42.867,-78.831,2023-03-15T07:00:00,-5,0,,0,50,17.7,311,4.916666667,49,,,,,
14210,42.867,-78.831,2023-03-15T08:00:00,-4.9,0,,0,29.5,13.2,303,3.666666667,57,,,,,
14210,42.867,-78.831,2023-03-15T09:00:00,-3.2,0,,0,48.2,15.9,303,4.416666667,57,,,,,
14210,42.867,-78.831,2023-03-15T10:00:00,-1.7,0,,0,39,19.4,311,5.388888889,49,,,,,
14210,42.867,-78.831,2023-03-15T11:00:00,-1.1,0,,0,31.3,25.1,325,6.972222222,35,,,,,
14210,42.867,-78.831,2023-03-15T12:00:00,-0.1,0,,0,31.3,13.1,306,3.638888889,54,,,,,
14210,42.867,-78.831,2023-03-15T13:00:00,0.5,0,,0,29.5,18.8,281,5.222222222,79,,,,,
14210,42.867,-78.831,2023-03-15T14:00:00,1.1,0,,0,27.7,17.1,289,4.75,71,,,,,
14210,42.867,-78.831,2023-03-15T15:00:00,2.2,0,,0,27.7,13.9,273,3.861111111,87,,,,,
14210,42.867,-78.831,2023-03-15T16:00:00,1.1,0,,0,44.6,26.2,242,7.277777778,62,,,,,
14210,42.867,-78.831,2023-03-15T17:00:00,1,0,,0,40.7,27.9,230,7.75,50,,,,,
14210,42.867,-78.831,2023-03-15T18:00:00,1,0,,0,31.3,28.4,238,7.888888889,58,,,,,
14210,42.867,-78.831,2023-03-15T19:00:00,0.3,0,,0,40.7,25.2,227,7,47,,,,,
14210,42.867,-78.831,2023-03-15T20:00:00,0.1,0,,0,40.7,27.4,228,7.611111111,48,,,,,
14210,42.867,-78.831,2023-03-15T21:00:00,0.2,0,,0,38.9,21.2,228,5.888888889,48,,,,,
14210,42.867,-78.831,2023-03-15T22:00:00,0.1,0,,0,25.9,22.8,238,6.333333333,58,,,,,
14210,42.867,-78.831,2023-03-15T23:00:00,0,0,,0,24.1,18.1,226,5.027777778,46,,,,,
14210,42.867,-78.831,2023-03-16T00:00:00,0.1,0,,0,16.6,17.9,220,4.972222222,40,,,,,
14210,42.867,-78.831,2023-03-16T01:00:00,0.1,0,,0,16.6,18.2,221,5.055555556,41,,,,,
14210,42.867,-78.831,2023-03-16T02:00:00,0.2,0,,0,24.1,19.4,219,5.388888889,39,,,,,
14210,42.867,-78.831,2023-03-16T03:00:00,0.8,0,,0,27.7,16.1,220,4.472222222,40,,,,,
14210,42.867,-78.831,2023-03-16T04:00:00,1.7,0,,0,27.7,14.9,230,4.138888889,50,,,,,
14210,42.867,-78.831,2023-03-16T05:00:00,2.1,0,,0,29.5,14.5,230,4.027777778,50,,,,,
14210,42.867,-78.831,2023-03-16T06:00:00,2.7,0,,0,20.5,17.9,228,4.972222222,48,,,,,
14210,42.867,-78.831,2023-03-16T07:00:00,2.6,0,,0,25.9,16.1,227,4.472222222,47,,,,,
14210,42.867,-78.831,2023-03-16T08:00:00,0.9,0,,0,24.1,14.6,205,4.055555556,25,,,,,
14210,42.867,-78.831,2023-03-16T09:00:00,3,0,,0,25.9,17.3,220,4.805555556,40,,,,,
14210,42.867,-78.831,2023-03-16T10:00:00,4.4,0,,0,38.9,23.8,229,6.611111111,49,,,,,
14210,42.867,-78.831,2023-03-16T11:00:00,6.1,0,,0,46.4,30.2,220,8.388888889,40,,,,,
14210,42.867,-78.831,2023-03-16T12:00:00,6.6,0,,0,46,26.8,229,7.444444444,49,,,,,
14210,42.867,-78.831,2023-03-16T13:00:00,7.2,0,,0,52.6,33.3,240,9.25,60,,,,,
14210,42.867,-78.831,2023-03-16T14:00:00,7.3,0,,0,50.9,33.9,238,9.416666667,58,,,,,
14210,42.867,-78.831,2023-03-16T15:00:00,8.8,0,,0,51.2,33.8,239,9.388888889,59,,,,,
14210,42.867,-78.831,2023-03-16T16:00:00,9.3,0,,0,25.9,22.5,244,6.25,64,,,,,
14210,42.867,-78.831,2023-03-16T17:00:00,10.4,0,,0,37.3,23.3,229,6.472222222,49,,,,,
14210,42.867,-78.831,2023-03-16T18:00:00,8.9,0,,0,18.4,14.3,231,3.972222222,51,,,,,
14210,42.867,-78.831,2023-03-16T19:00:00,7.9,0,,0,18.4,10.6,209,2.944444444,29,,,,,
14210,42.867,-78.831,2023-03-16T20:00:00,7.7,0,,0,18.4,6,157,1.666666667,23,,,,,
14210,42.867,-78.831,2023-03-16T21:00:00,6.7,0,,0,22.3,5.8,131,1.611111111,49,,,,,
14210,42.867,-78.831,2023-03-16T22:00:00,6.6,0,,0,25.9,10.1,143,2.805555556,37,,,,,
14210,42.867,-78.831,2023-03-16T23:00:00,7.5,0.014,rain,0,29.5,7.9,174,2.194444444,6,,,,,
14210,42.867,-78.831,2023-03-17T00:00:00,6.6,0.496,rain,0,31.3,20.7,236,5.75,56,,,,,
14210,42.867,-78.831,2023-03-17T01:00:00,4.5,0.922,rain,0,27.7,11.2,170,3.111111111,10,,,,,
14210,42.867,-78.831,2023-03-17T02:00:00,5.1,0.889,rain,0,27.7,15.1,158,4.194444444,22,,,,,
14210,42.867,-78.831,2023-03-17T03:00:00,5.6,1.403,rain,0,31.3,16.9,159,4.694444444,21,,,,,
14210,42.867,-78.831,2023-03-17T04:00:00,5.7,1.495,rain,0,35.3,17.2,161,4.777777778,19,,,,,
14210,42.867,-78.831,2023-03-17T05:00:00,6.2,0.372,rain,0,27.7,17.4,161,4.833333333,19,,,,,
14210,42.867,-78.831,2023-03-17T06:00:00,7.1,0,,0,35.3,22.4,178,6.222222222,2,,,,,
14210,42.867,-78.831,2023-03-17T07:00:00,7.2,0,,0,37.7,23.5,186,6.527777778,6,,,,,
14210,42.867,-78.831,2023-03-17T08:00:00,7.2,0.412,rain,0,47.7,26.2,182,7.277777778,2,,,,,
14210,42.867,-78.831,2023-03-17T09:00:00,7.2,0.746,rain,0,38.6,24.2,180,6.722222222,0,,,,,
14210,42.867,-78.831,2023-03-17T10:00:00,7.7,1.1,rain,0,37.5,21.8,198,6.055555556,18,,,,,
14210,42.867,-78.831,2023-03-17T11:00:00,8.3,1.568,rain,0,51.1,30.3,198,8.416666667,18,,,,,
14210,42.867,-78.831,2023-03-17T12:00:00,8.7,0.58,rain,0,53,32.2,191,8.944444444,11,,,,,
14210,42.867,-78.831,2023-03-17T13:00:00,8.8,0.884,rain,0,51,33.1,200,9.194444444,20,,,,,
14210,42.867,-78.831,2023-03-17T14:00:00,9.8,0.492,rain,0,48.6,33.4,210,9.277777778,30,,,,,
14210,42.867,-78.831,2023-03-17T15:00:00,9.8,0.011,rain,0,53.2,32.3,213,8.972222222,33,,,,,
14210,42.867,-78.831,2023-03-17T16:00:00,4.8,0,,0,65.9,36.6,229,10.16666667,49,,,,,
14210,42.867,-78.831,2023-03-17T17:00:00,3.6,0.251,rain,0,65.3,43.9,231,12.19444444,51,,,,,
14210,42.867,-78.831,2023-03-17T18:00:00,3.6,0,,0,60.2,37.7,236,10.47222222,56,,,,,
14210,42.867,-78.831,2023-03-17T19:00:00,3.1,0,,0,52.2,32.6,244,9.055555556,64,,,,,
14210,42.867,-78.831,2023-03-17T20:00:00,2.9,0,,0,49,29.3,247,8.138888889,67,,,,,
14210,42.867,-78.831,2023-03-17T21:00:00,2.9,0,,0,50.9,25.2,271,7,89,,,,,
14210,42.867,-78.831,2023-03-17T22:00:00,2.8,0,,0,38.7,23,245,6.388888889,65,,,,,
14210,42.867,-78.831,2023-03-17T23:00:00,2.2,0,,0,43.4,20.6,260,5.722222222,80,,,,,
14210,42.867,-78.831,2023-03-18T00:00:00,1.7,0,,0,42.7,21,268,5.833333333,88,,,,,
14210,42.867,-78.831,2023-03-18T01:00:00,1.2,0,,0,47.2,23.7,260,6.583333333,80,,,,,
14210,42.867,-78.831,2023-03-18T02:00:00,0.7,0,,0,44.8,20.9,268,5.805555556,88,,,,,
14210,42.867,-78.831,2023-03-18T03:00:00,0.7,0,,0,28.7,15.9,250,4.416666667,70,,,,,
14210,42.867,-78.831,2023-03-18T04:00:00,0.7,0,,0,43.6,21.5,260,5.972222222,80,,,,,
14210,42.867,-78.831,2023-03-18T05:00:00,0.7,0,,0,31.7,19.9,251,5.527777778,71,,,,,
14210,42.867,-78.831,2023-03-18T06:00:00,0.7,0,,0,60.4,35.6,241,9.888888889,61,,,,,
14210,42.867,-78.831,2023-03-18T07:00:00,0.7,0,,0,56.9,29.6,275,8.222222222,85,,,,,
14210,42.867,-78.831,2023-03-18T08:00:00,0.1,0,"rain,snow",0.8,45.1,22,240,6.111111111,60,,,,,
14210,42.867,-78.831,2023-03-18T09:00:00,0.2,0.42,"rain,snow",0,50.8,31,229,8.611111111,49,,,,,
14210,42.867,-78.831,2023-03-18T10:00:00,0.5,0,,0,57.1,35.4,239,9.833333333,59,,,,,
14210,42.867,-78.831,2023-03-18T11:00:00,1.2,0,,0,74.7,36.2,238,10.05555556,58,,,,,
14210,42.867,-78.831,2023-03-18T12:00:00,1.2,0,,0,71.5,48.1,231,13.36111111,51,,,,,
14210,42.867,-78.831,2023-03-18T13:00:00,1.1,0,,0,68.5,39.3,231,10.91666667,51,,,,,
14210,42.867,-78.831,2023-03-18T14:00:00,0.1,0,"rain,snow",2,70.6,41.3,247,11.47222222,67,,,,,
14210,42.867,-78.831,2023-03-18T15:00:00,1,0,,0,70.6,43.6,247,12.11111111,67,,,,,
14210,42.867,-78.831,2023-03-18T16:00:00,0,0,,0,65.2,41.5,241,11.52777778,61,,,,,
14210,42.867,-78.831,2023-03-18T17:00:00,-1,0,,0,65.8,30.6,247,8.5,67,,,,,
14210,42.867,-78.831,2023-03-18T18:00:00,-1.6,0,,0,73.9,47.4,252,13.16666667,72,,,,,
14210,42.867,-78.831,2023-03-18T19:00:00,-3.4,0,,0,64.7,34.9,271,9.694444444,89,,,,,
14210,42.867,-78.831,2023-03-18T20:00:00,-4.3,0,snow,1.5,56.2,34.5,271,9.583333333,89,,,,,
14210,42.867,-78.831,2023-03-18T21:00:00,-5,0,,0,56.4,27.6,260,7.666666667,80,,,,,
14210,42.867,-78.831,2023-03-18T22:00:00,-5,0,,0,47.1,28.7,266,7.972222222,86,,,,,
14210,42.867,-78.831,2023-03-18T23:00:00,-4.3,0,,0,54.5,28.6,258,7.944444444,78,,,,,
14210,42.867,-78.831,2023-03-19T00:00:00,-4.3,0,,0,63.6,37,268,10.27777778,88,,,,,
14210,42.867,-78.831,2023-03-19T01:00:00,-4.9,0,,0,55.4,35.5,259,9.861111111,79,,,,,
14210,42.867,-78.831,2023-03-19T02:00:00,-5,0,snow,2.3,58.1,38,258,10.55555556,78,,,,,
14210,42.867,-78.831,2023-03-19T03:00:00,-4.9,0,,0,54.5,33.6,250,9.333333333,70,,,,,
14210,42.867,-78.831,2023-03-19T04:00:00,-5,0,,0,64.9,37.5,260,10.41666667,80,,,,,
14210,42.867,-78.831,2023-03-19T05:00:00,-6,0,,0,63.1,40.7,261,11.30555556,81,,,,,
14210,42.867,-78.831,2023-03-19T06:00:00,-5.9,0,,0,45.4,29.4,261,8.166666667,81,,,,,
14210,42.867,-78.831,2023-03-19T07:00:00,-5,0,,0,56.1,33,260,9.166666667,80,,,,,
14210,42.867,-78.831,2023-03-19T08:00:00,-5,0,,0,50.8,32.2,268,8.944444444,88,,,,,
14210,42.867,-78.831,2023-03-19T09:00:00,-4.4,0,,0,56.2,31.6,269,8.777777778,89,,,,,
14210,42.867,-78.831,2023-03-19T10:00:00,-3.3,0,,0,59,37.1,270,10.30555556,90,,,,,
14210,42.867,-78.831,2023-03-19T11:00:00,-2.7,0,,0,53.5,32.9,269,9.138888889,89,,,,,
14210,42.867,-78.831,2023-03-19T12:00:00,-1.7,0,,0,56.6,33.5,261,9.305555556,81,,,,,
14210,42.867,-78.831,2023-03-19T13:00:00,-2.1,0,,0,57.2,36.7,246,10.19444444,66,,,,,
14210,42.867,-78.831,2023-03-19T14:00:00,-1.5,0,,0,58,33.1,262,9.194444444,82,,,,,
14210,42.867,-78.831,2023-03-19T15:00:00,-0.9,0,,0,55.9,36.9,244,10.25,64,,,,,
14210,42.867,-78.831,2023-03-19T16:00:00,-0.9,0,,0,53.2,33.6,248,9.333333333,68,,,,,
14210,42.867,-78.831,2023-03-19T17:00:00,-0.3,0,,0,60.1,37.9,251,10.52777778,71,,,,,
14210,42.867,-78.831,2023-03-19T18:00:00,-0.8,0,,0,60.7,33.3,239,9.25,59,,,,,
14210,42.867,-78.831,2023-03-19T19:00:00,-1,0,,0,62.1,34.1,238,9.472222222,58,,,,,
14210,42.867,-78.831,2023-03-19T20:00:00,-1,0,,0,63.1,33.5,239,9.305555556,59,,,,,
14210,42.867,-78.831,2023-03-19T21:00:00,-0.6,0,,0,56.3,31.6,230,8.777777778,50,,,,,
14210,42.867,-78.831,2023-03-19T22:00:00,0,0,,0,57.1,29.4,238,8.166666667,58,,,,,
14210,42.867,-78.831,2023-03-19T23:00:00,-0.8,0,,0,57,23.9,214,6.638888889,34,,,,,
14210,42.867,-78.831,2023-03-20T00:00:00,0.2,0,,0,56.8,30.8,231,8.555555556,51,,,,,
14210,42.867,-78.831,2023-03-20T01:00:00,0.1,0,,0,56.2,34,232,9.444444444,52,,,,,
14210,42.867,-78.831,2023-03-20T02:00:00,0.2,0,,0,56.5,33.8,240,9.388888889,60,,,,,
14210,42.867,-78.831,2023-03-20T03:00:00,0.1,0,,0,49.4,30.7,231,8.527777778,51,,,,,
14210,42.867,-78.831,2023-03-20T04:00:00,0.1,0,,0,53.9,33.7,231,9.361111111,51,,,,,
14210,42.867,-78.831,2023-03-20T05:00:00,-0.4,0,,0,53.4,34.4,230,9.555555556,50,,,,,
14210,42.867,-78.831,2023-03-20T06:00:00,0.1,0,,0,58.6,35.7,230,9.916666667,50,,,,,
14210,42.867,-78.831,2023-03-20T07:00:00,0.1,0,,0,58.4,30.3,231,8.416666667,51,,,,,
14210,42.867,-78.831,2023-03-20T08:00:00,-0.4,0,,0,57.6,36.6,231,10.16666667,51,,,,,
14210,42.867,-78.831,2023-03-20T09:00:00,0.3,0,,0,53.3,33.9,232,9.416666667,52,,,,,
14210,42.867,-78.831,2023-03-20T10:00:00,0.5,0,,0,57.9,35,224,9.722222222,44,,,,,
14210,42.867,-78.831,2023-03-20T11:00:00,2,0,,0,63.8,36.5,221,10.13888889,41,,,,,
14210,42.867,-78.831,2023-03-20T12:00:00,1.5,0,,0,66.8,40.2,228,11.16666667,48,,,,,
14210,42.867,-78.831,2023-03-20T13:00:00,2.5,0,,0,64.1,39.8,228,11.05555556,48,,,,,
14210,42.867,-78.831,2023-03-20T14:00:00,3.4,0,,0,66.5,37.1,236,10.30555556,56,,,,,
14210,42.867,-78.831,2023-03-20T15:00:00,4,0,,0,73.5,37.8,237,10.5,57,,,,,
14210,42.867,-78.831,2023-03-20T16:00:00,4.5,0,,0,65.3,40.9,238,11.36111111,58,,,,,
14210,42.867,-78.831,2023-03-20T17:00:00,5.2,0,,0,55.6,28.6,230,7.944444444,50,,,,,
14210,42.867,-78.831,2023-03-20T18:00:00,4.6,0,,0,47.3,21.2,230,5.888888889,50,,,,,
14210,42.867,-78.831,2023-03-20T19:00:00,3.2,0,,0,40.5,24.1,240,6.694444444,60,,,,,
14210,42.867,-78.831,2023-03-20T20:00:00,2.6,0,,0,33.5,18.9,224,5.25,44,,,,,
14210,42.867,-78.831,2023-03-20T21:00:00,1.5,0,,0,24.1,13.4,215,3.722222222,35,,,,,
14210,42.867,-78.831,2023-03-20T22:00:00,1.1,0,,0,22.3,11.7,205,3.25,25,,,,,
14210,42.867,-78.831,2023-03-20T23:00:00,1,0,,0,25.9,9.8,203,2.722222222,23,,,,,
14210,42.867,-78.831,2023-03-21T00:00:00,1,0,,0,27.7,10.2,192,2.833333333,12,,,,,
14210,42.867,-78.831,2023-03-21T01:00:00,2.2,0,,0,45.6,20.2,231,5.611111111,51,,,,,
14210,42.867,-78.831,2023-03-21T02:00:00,2.5,0,,0,71.3,22.9,211,6.361111111,31,,,,,
14210,42.867,-78.831,2023-03-21T03:00:00,3.1,0,,0,35.3,16.9,212,4.694444444,32,,,,,
14210,42.867,-78.831,2023-03-21T04:00:00,3,0,,0,33.5,14,211,3.888888889,31,,,,,
14210,42.867,-78.831,2023-03-21T05:00:00,4.3,0,,0,42.5,18.9,220,5.25,40,,,,,
14210,42.867,-78.831,2023-03-21T06:00:00,4.9,0,,0,40.4,26.7,229,7.416666667,49,,,,,
14210,42.867,-78.831,2023-03-21T07:00:00,5,0,,0,40.4,22.5,230,6.25,50,,,,,
14210,42.867,-78.831,2023-03-21T08:00:00,4.9,0,,0,46.4,30.2,229,8.388888889,49,,,,,
14210,42.867,-78.831,2023-03-21T09:00:00,5.5,0,,0,51.5,31.9,231,8.861111111,51,,,,,
14210,42.867,-78.831,2023-03-21T10:00:00,6.1,0,,0,49,31.1,248,8.638888889,68,,,,,
14210,42.867,-78.831,2023-03-21T11:00:00,6.7,0,,0,55.4,33,248,9.166666667,68,,,,,
14210,42.867,-78.831,2023-03-21T12:00:00,6.9,0,,0,55.9,33,239,9.166666667,59,,,,,
14210,42.867,-78.831,2023-03-21T13:00:00,7.1,0,,0,55.2,26.4,232,7.333333333,52,,,,,
14210,42.867,-78.831,2023-03-21T14:00:00,8.1,0,,0,51.3,22.9,238,6.361111111,58,,,,,
14210,42.867,-78.831,2023-03-21T15:00:00,9,0,,0,31.7,14.1,231,3.916666667,51,,,,,
14210,42.867,-78.831,2023-03-21T16:00:00,9.5,0,,0,33.5,21.5,245,5.972222222,65,,,,,
14210,42.867,-78.831,2023-03-21T17:00:00,9.6,0,,0,24.1,20.2,224,5.611111111,44,,,,,
14210,42.867,-78.831,2023-03-21T18:00:00,8.6,0,,0,18.4,11.3,221,3.138888889,41,,,,,
14210,42.867,-78.831,2023-03-21T19:00:00,7.2,0,,0,14.8,12.7,181,3.527777778,1,,,,,
14210,42.867,-78.831,2023-03-21T20:00:00,5.1,0,,0,9.4,10.6,178,2.944444444,2,,,,,
14210,42.867,-78.831,2023-03-21T21:00:00,4.3,0,,0,9.4,9.3,173,2.583333333,7,,,,,
14210,42.867,-78.831,2023-03-21T22:00:00,3.8,0,,0,9.4,7.2,62,2,62,,,,,
14210,42.867,-78.831,2023-03-21T23:00:00,4,0,,0,9.4,15,105,4.166666667,75,,,,,
14210,42.867,-78.831,2023-03-22T00:00:00,3.3,0,,0,9.4,8,91,2.222222222,89,,,,,
14210,42.867,-78.831,2023-03-22T01:00:00,3.3,0,,0,9.4,11,107,3.055555556,73,,,,,
14210,42.867,-78.831,2023-03-22T02:00:00,3.3,0,,0,9.4,11.8,97,3.277777778,83,,,,,
14210,42.867,-78.831,2023-03-22T03:00:00,3.1,0,,0,9.4,8.4,111,2.333333333,69,,,,,
14210,42.867,-78.831,2023-03-22T04:00:00,2.7,0,,0,9.4,11.3,59,3.138888889,59,,,,,
14210,42.867,-78.831,2023-03-22T05:00:00,2.2,0,,0,9.4,9.8,61,2.722222222,61,,,,,
14210,42.867,-78.831,2023-03-22T06:00:00,2.8,0,,0,11.2,7.3,47,2.027777778,47,,,,,
14210,42.867,-78.831,2023-03-22T07:00:00,2.6,0,,0,13,1.1,33,0.305555556,33,,,,,
14210,42.867,-78.831,2023-03-22T08:00:00,3.1,0,,0,14.8,7.9,98,2.194444444,82,,,,,
14210,42.867,-78.831,2023-03-22T09:00:00,5.3,0,,0,16.6,8.1,77,2.25,77,,,,,
14210,42.867,-78.831,2023-03-22T10:00:00,9,0,,0,18.4,17.2,216,4.777777778,36,,,,,
14210,42.867,-78.831,2023-03-22T11:00:00,10.5,0,,0,20.5,14.3,195,3.972222222,15,,,,,
14210,42.867,-78.831,2023-03-22T12:00:00,11.7,0,,0,24.1,11.4,187,3.166666667,7,,,,,
14210,42.867,-78.831,2023-03-22T13:00:00,13.1,0,,0,37.1,24.6,168,6.833333333,12,,,,,
14210,42.867,-78.831,2023-03-22T14:00:00,11.6,0,,0,42.2,27,207,7.5,27,,,,,
14210,42.867,-78.831,2023-03-22T15:00:00,11,0,,0,27.7,21.5,231,5.972222222,51,,,,,
14210,42.867,-78.831,2023-03-22T16:00:00,10.5,0,,0,24.1,14,217,3.888888889,37,,,,,
14210,42.867,-78.831,2023-03-22T17:00:00,10.5,0,,0,22.3,9.5,214,2.638888889,34,,,,,
14210,42.867,-78.831,2023-03-22T18:00:00,9.9,0,,0,22.3,12.7,191,3.527777778,11,,,,,
14210,42.867,-78.831,2023-03-22T19:00:00,9.9,0.002,rain,0,22.3,9,180,2.5,0,,,,,
14210,42.867,-78.831,2023-03-22T20:00:00,9.8,0,,0,25.9,7.4,220,2.055555556,40,,,,,
14210,42.867,-78.831,2023-03-22T21:00:00,9.7,0,,0,25.9,5.8,184,1.611111111,4,,,,,
14210,42.867,-78.831,2023-03-22T22:00:00,9.7,0,,0,13,10.7,232,2.972222222,52,,,,,
14210,42.867,-78.831,2023-03-22T23:00:00,8.7,0,,0,14.8,7.2,190,2,10,,,,,
14210,42.867,-78.831,2023-03-23T00:00:00,8.3,0,,0,16.6,11,191,3.055555556,11,,,,,
14210,42.867,-78.831,2023-03-23T01:00:00,8,0,,0,24.1,7.3,189,2.027777778,9,,,,,
14210,42.867,-78.831,2023-03-23T02:00:00,8.3,0,,0,25.9,9.6,194,2.666666667,14,,,,,
14210,42.867,-78.831,2023-03-23T03:00:00,7.3,0.268,rain,0,24.1,6.4,198,1.777777778,18,,,,,
14210,42.867,-78.831,2023-03-23T04:00:00,7.9,0.259,rain,0,25.9,10.1,200,2.805555556,20,,,,,
14210,42.867,-78.831,2023-03-23T05:00:00,8.3,0,,0,27.7,11.7,208,3.25,28,,,,,
14210,42.867,-78.831,2023-03-23T06:00:00,8.4,0.261,rain,0,29.5,12.7,198,3.527777778,18,,,,,
14210,42.867,-78.831,2023-03-23T07:00:00,9.2,0.129,rain,0,29.5,16.8,209,4.666666667,29,,,,,
14210,42.867,-78.831,2023-03-23T08:00:00,9.3,0.412,rain,0,25.9,16.5,202,4.583333333,22,,,,,
14210,42.867,-78.831,2023-03-23T09:00:00,9.3,0.412,rain,0,31.3,18.4,213,5.111111111,33,,,,,
14210,42.867,-78.831,2023-03-23T10:00:00,9.9,0.247,rain,0,35.3,19.6,215,5.444444444,35,,,,,
14210,42.867,-78.831,2023-03-23T11:00:00,9.9,0.883,rain,0,37.1,17.2,253,4.777777778,73,,,,,
14210,42.867,-78.831,2023-03-23T12:00:00,9.4,4.651,rain,0,25.9,17.9,254,4.972222222,74,,,,,
14210,42.867,-78.831,2023-03-23T13:00:00,9.4,0.197,rain,0,22.3,13.8,274,3.833333333,86,,,,,
14210,42.867,-78.831,2023-03-23T14:00:00,9.3,0.653,rain,0,18.4,10.3,295,2.861111111,65,,,,,
14210,42.867,-78.831,2023-03-23T15:00:00,7.9,1.34,rain,0,31.3,20.9,309,5.805555556,51,,,,,
14210,42.867,-78.831,2023-03-23T16:00:00,7.3,0.247,rain,0,22.3,12.3,308,3.416666667,52,,,,,
14210,42.867,-78.831,2023-03-23T17:00:00,7.1,0.412,rain,0,22.3,19.9,302,5.527777778,58,,,,,
14210,42.867,-78.831,2023-03-23T18:00:00,6.6,0,,0,31.3,16.3,291,4.527777778,69,,,,,
14210,42.867,-78.831,2023-03-23T19:00:00,4.9,0,,0,22.3,17,297,4.722222222,63,,,,,
14210,42.867,-78.831,2023-03-23T20:00:00,4.4,0,,0,24.1,15.2,291,4.222222222,69,,,,,
14210,42.867,-78.831,2023-03-23T21:00:00,3.7,0,,0,37.1,18.5,291,5.138888889,69,,,,,
14210,42.867,-78.831,2023-03-23T22:00:00,2.7,0,,0,38.9,15.5,290,4.305555556,70,,,,,
14210,42.867,-78.831,2023-03-23T23:00:00,1.7,0,,0,22.3,12.3,282,3.416666667,78,,,,,
14210,42.867,-78.831,2023-03-24T00:00:00,34,0,,0,21.9,8.2,284,2.277777778,76,,,,,
14210,42.867,-78.831,2023-03-24T01:00:00,33.3,0,,0,20.8,5.6,295,1.555555556,65,,,,,
14210,42.867,-78.831,2023-03-24T02:00:00,32.2,0,,0,8.1,1.1,348,0.305555556,12,,,,,
14210,42.867,-78.831,2023-03-24T03:00:00,32.1,0,,0,6.9,3.4,283,0.944444444,77,,,,,
14210,42.867,-78.831,2023-03-24T04:00:00,31.8,0,,0,5.8,3.4,277,0.944444444,83,,,,,
14210,42.867,-78.831,2023-03-24T05:00:00,31.8,0,,0,5.8,4.7,287,1.305555556,73,,,,,
14210,42.867,-78.831,2023-03-24T06:00:00,32,0,,0,5.8,3.6,297,1,63,,,,,
14210,42.867,-78.831,2023-03-24T07:00:00,31,0,,0,5.8,3.6,322,1,38,,,,,
14210,42.867,-78.831,2023-03-24T08:00:00,31,0,,0,5.8,5.8,348,1.611111111,12,,,,,
14210,42.867,-78.831,2023-03-24T09:00:00,32.3,0,,0,6.9,5.7,321,1.583333333,39,,,,,
14210,42.867,-78.831,2023-03-24T10:00:00,34.2,0,,0,6.9,7.9,359,2.194444444,1,,,,,
14210,42.867,-78.831,2023-03-24T11:00:00,35.2,0,,0,8.1,6.1,354,1.694444444,6,,,,,
14210,42.867,-78.831,2023-03-24T12:00:00,37.4,0,,0,8.1,9.1,350,2.527777778,10,,,,,
14210,42.867,-78.831,2023-03-24T13:00:00,38.1,0,,0,8.1,4.1,323,1.138888889,37,,,,,
14210,42.867,-78.831,2023-03-24T14:00:00,40.8,0,,0,8.1,6,25,1.666666667,25,,,,,
14210,42.867,-78.831,2023-03-24T15:00:00,42.6,0,,0,8.1,0.9,1,0.25,1,,,,,
14210,42.867,-78.831,2023-03-24T16:00:00,42.8,0,,0,8.1,5.8,333,1.611111111,27,,,,,
14210,42.867,-78.831,2023-03-24T17:00:00,42.8,0,,0,8.1,6.5,22,1.805555556,22,,,,,
14210,42.867,-78.831,2023-03-24T18:00:00,41.7,0,,0,9.2,4.9,4,1.361111111,4,,,,,
14210,42.867,-78.831,2023-03-24T19:00:00,39.6,0,,0,10.3,7.7,22,2.138888889,22,,,,,
14210,42.867,-78.831,2023-03-24T20:00:00,37.1,0,,0,11.4,8.5,32,2.361111111,32,,,,,
14210,42.867,-78.831,2023-03-24T21:00:00,35.1,0,,0,11.4,7.8,43,2.166666667,43,,,,,
14210,42.867,-78.831,2023-03-24T22:00:00,35.1,0,,0,12.8,9.1,60,2.527777778,60,,,,,
14210,42.867,-78.831,2023-03-24T23:00:00,34.1,0,,0,16.1,10,71,2.777777778,71,,,,,
14210,42.867,-78.831,2023-03-25T00:00:00,34.1,0,,0,15,10,80,2.777777778,80,,,,,
14210,42.867,-78.831,2023-03-25T01:00:00,33.9,0,,0,16.1,9.1,81,2.527777778,81,,,,,
14210,42.867,-78.831,2023-03-25T02:00:00,34,0,,0,17.2,9.1,89,2.527777778,89,,,,,
14210,42.867,-78.831,2023-03-25T03:00:00,34.1,0,,0,19.5,12.6,71,3.5,71,,,,,
14210,42.867,-78.831,2023-03-25T04:00:00,35.1,0,,0,23,12.8,66,3.555555556,66,,,,,
14210,42.867,-78.831,2023-03-25T05:00:00,35.1,0,,0,20.8,12.6,73,3.5,73,,,,,
14210,42.867,-78.831,2023-03-25T06:00:00,35.9,0,,0,23.2,13,73,3.611111111,73,,,,,
14210,42.867,-78.831,2023-03-25T07:00:00,35.8,0.039,rain,0,23.5,11,81,3.055555556,81,,,,,
14210,42.867,-78.831,2023-03-25T08:00:00,38.2,0.102,rain,0,27.7,15.7,106,4.361111111,74,,,,,
14210,42.867,-78.831,2023-03-25T09:00:00,39.3,0.085,rain,0,29.3,16.1,117,4.472222222,63,,,,,
14210,42.867,-78.831,2023-03-25T10:00:00,41.1,0.075,rain,0,34.8,15.1,128,4.194444444,52,,,,,
14210,42.867,-78.831,2023-03-25T11:00:00,42.1,0.02,rain,0,30.6,18.7,128,5.194444444,52,,,,,
14210,42.867,-78.831,2023-03-25T12:00:00,44.6,0.001,rain,0,32.7,18.6,145,5.166666667,35,,,,,
14210,42.867,-78.831,2023-03-25T13:00:00,47,0.01,rain,0,40,21.6,157,6,23,,,,,
14210,42.867,-78.831,2023-03-25T14:00:00,47.2,0.008,rain,0,37.9,18.2,159,5.055555556,21,,,,,
14210,42.867,-78.831,2023-03-25T15:00:00,47.9,0.029,rain,0,34,20.4,162,5.666666667,18,,,,,
14210,42.867,-78.831,2023-03-25T16:00:00,49.9,0.004,rain,0,32.7,19,165,5.277777778,15,,,,,
14210,42.867,-78.831,2023-03-25T17:00:00,48.2,0.08,rain,0,29.5,17.5,172,4.861111111,8,,,,,
14210,42.867,-78.831,2023-03-25T18:00:00,48.2,0.045,rain,0,34.3,11.3,194,3.138888889,14,,,,,
14210,42.867,-78.831,2023-03-25T19:00:00,46.1,0.043,rain,0,39.4,21.5,230,5.972222222,50,,,,,
14210,42.867,-78.831,2023-03-25T20:00:00,41.4,0,,0,47.5,27,230,7.5,50,,,,,
14210,42.867,-78.831,2023-03-25T21:00:00,41.1,0,,0,52.4,30.2,233,8.388888889,53,,,,,
14210,42.867,-78.831,2023-03-25T22:00:00,39.9,0,,0,54.7,31.4,231,8.722222222,51,,,,,
14210,42.867,-78.831,2023-03-25T23:00:00,39,0,,0,60.1,31.4,231,8.722222222,51,,,,,
14210,42.867,-78.831,2023-03-26T00:00:00,38.2,0,,0,64,31.7,231,8.805555556,51,,,,,
14210,42.867,-78.831,2023-03-26T01:00:00,38.1,0,,0,60.2,31.1,232,8.638888889,52,,,,,
14210,42.867,-78.831,2023-03-26T02:00:00,37.2,0,,0,53.9,30.3,241,8.416666667,61,,,,,
14210,42.867,-78.831,2023-03-26T03:00:00,37.3,0,,0,49.7,29.9,240,8.305555556,60,,,,,
14210,42.867,-78.831,2023-03-26T04:00:00,37.3,0,,0,49.3,23.7,241,6.583333333,61,,,,,
14210,42.867,-78.831,2023-03-26T05:00:00,37.3,0,,0,47.4,23.6,243,6.555555556,63,,,,,
14210,42.867,-78.831,2023-03-26T06:00:00,37.3,0,,0,46.6,26.6,242,7.388888889,62,,,,,
14210,42.867,-78.831,2023-03-26T07:00:00,37.1,0,,0,42.9,28.6,242,7.944444444,62,,,,,
14210,42.867,-78.831,2023-03-26T08:00:00,36.1,0,,0,39.9,18.7,241,5.194444444,61,,,,,
14210,42.867,-78.831,2023-03-26T09:00:00,37.3,0,,0,39.3,26.8,240,7.444444444,60,,,,,
14210,42.867,-78.831,2023-03-26T10:00:00,39.3,0,,0,38.9,23.7,241,6.583333333,61,,,,,
14210,42.867,-78.831,2023-03-26T11:00:00,40.3,0,,0,41.2,25.8,250,7.166666667,70,,,,,
14210,42.867,-78.831,2023-03-26T12:00:00,41.6,0,,0,38.7,19.1,243,5.305555556,63,,,,,
14210,42.867,-78.831,2023-03-26T13:00:00,41.9,0,,0,36.2,20.7,250,5.75,70,,,,,
14210,42.867,-78.831,2023-03-26T14:00:00,43.1,0,,0,32.6,20,234,5.555555556,54,,,,,
14210,42.867,-78.831,2023-03-26T15:00:00,43,0,,0,32.2,18.2,229,5.055555556,49,,,,,
14210,42.867,-78.831,2023-03-26T16:00:00,43.8,0,,0,31.3,18,237,5,57,,,,,
14210,42.867,-78.831,2023-03-26T17:00:00,43.9,0,,0,30.5,19.1,230,5.305555556,50,,,,,
14210,42.867,-78.831,2023-03-26T18:00:00,43.7,0,,0,23.3,16.2,237,4.5,57,,,,,
14210,42.867,-78.831,2023-03-26T19:00:00,42.6,0,,0,18.3,12.6,238,3.5,58,,,,,
14210,42.867,-78.831,2023-03-26T20:00:00,39.6,0,,0,19.5,8.1,220,2.25,40,,,,,
14210,42.867,-78.831,2023-03-26T21:00:00,39.6,0,,0,11.4,7.8,221,2.166666667,41,,,,,
14210,42.867,-78.831,2023-03-26T22:00:00,38.3,0,,0,9.2,6.6,214,1.833333333,34,,,,,
14210,42.867,-78.831,2023-03-26T23:00:00,37.2,0,,0,6.9,4.8,197,1.333333333,17,,,,,
14210,42.867,-78.831,2023-03-27T00:00:00,37.1,0,,0,5.8,3.3,188,0.916666667,8,,,,,
14210,42.867,-78.831,2023-03-27T01:00:00,36.1,0,,0,5.8,4.1,84,1.138888889,84,,,,,
14210,42.867,-78.831,2023-03-27T02:00:00,35.9,0,,0,5.8,5.4,128,1.5,52,,,,,
14210,42.867,-78.831,2023-03-27T03:00:00,36.2,0,,0,4.7,5.7,100,1.583333333,80,,,,,
14210,42.867,-78.831,2023-03-27T04:00:00,37.2,0,,0,5.8,5.4,121,1.5,59,,,,,
14210,42.867,-78.831,2023-03-27T05:00:00,37.3,0,,0,6.9,3.4,75,0.944444444,75,,,,,
14210,42.867,-78.831,2023-03-27T06:00:00,38.4,0,,0,6.9,1.2,10,0.333333333,10,,,,,
14210,42.867,-78.831,2023-03-27T07:00:00,38.5,0.001,rain,0,8.1,6.1,36,1.694444444,36,,,,,
14210,42.867,-78.831,2023-03-27T08:00:00,39.7,0,,0,10.3,10.4,50,2.888888889,50,,,,,
14210,42.867,-78.831,2023-03-27T09:00:00,39.7,0,,0,11.4,13,42,3.611111111,42,,,,,
14210,42.867,-78.831,2023-03-27T10:00:00,40.6,0,,0,23,11,61,3.055555556,61,,,,,
14210,42.867,-78.831,2023-03-27T11:00:00,42.5,0,,0,13.9,10.4,85,2.888888889,85,,,,,
14210,42.867,-78.831,2023-03-27T12:00:00,41.6,0.01,rain,0,26.4,10.3,69,2.861111111,69,,,,,
14210,42.867,-78.831,2023-03-27T13:00:00,40.5,0.002,rain,0,27.5,11.9,51,3.305555556,51,,,,,
14210,42.867,-78.831,2023-03-27T14:00:00,39.3,0.013,rain,0,15,11.8,50,3.277777778,50,,,,,
14210,42.867,-78.831,2023-03-27T15:00:00,37.7,0.003,rain,0,27.5,13.4,42,3.722222222,42,,,,,
14210,42.867,-78.831,2023-03-27T16:00:00,35.8,0.036,rain,0,25.3,14.1,49,3.916666667,49,,,,,
14210,42.867,-78.831,2023-03-27T17:00:00,35.9,0.016,rain,0,18.3,10.8,43,3,43,,,,,
14210,42.867,-78.831,2023-03-27T18:00:00,35.2,0.012,"rain,snow",0,21.9,10.7,34,2.972222222,34,,,,,
14210,42.867,-78.831,2023-03-27T19:00:00,34.2,0.019,"rain,snow",0,16.1,8.4,39,2.333333333,39,,,,,
14210,42.867,-78.831,2023-03-27T20:00:00,34.4,0.005,"rain,snow",0,10.3,6.1,12,1.694444444,12,,,,,
14210,42.867,-78.831,2023-03-27T21:00:00,34.4,0,,0,9.2,8,24,2.222222222,24,,,,,
14210,42.867,-78.831,2023-03-27T22:00:00,34.4,0,,0,9.2,6.2,40,1.722222222,40,,,,,
14210,42.867,-78.831,2023-03-27T23:00:00,34.4,0,,0,8.1,3.8,8,1.055555556,8,,,,,
14210,42.867,-78.831,2023-03-28T00:00:00,34.3,0,,0,8.1,0.6,5,0.166666667,5,,,,,
14210,42.867,-78.831,2023-03-28T01:00:00,35.2,0,,0,8.1,2.9,8,0.805555556,8,,,,,
14210,42.867,-78.831,2023-03-28T02:00:00,35.1,0,,0,8.1,3.5,1,0.972222222,1,,,,,
14210,42.867,-78.831,2023-03-28T03:00:00,35,0,,0,6.9,0.7,36,0.194444444,36,,,,,
14210,42.867,-78.831,2023-03-28T04:00:00,35,0,,0,5.8,0.6,314,0.166666667,46,,,,,
14210,42.867,-78.831,2023-03-28T05:00:00,34.1,0,,0,5.8,0.6,333,0.166666667,27,,,,,
14210,42.867,-78.831,2023-03-28T06:00:00,34.2,0,,0,5.8,3.3,320,0.916666667,40,,,,,
14210,42.867,-78.831,2023-03-28T07:00:00,34.2,0,,0,5.8,0.2,346,0.055555556,14,,,,,
14210,42.867,-78.831,2023-03-28T08:00:00,35.1,0,,0,5.8,6.8,213,1.888888889,33,,,,,
14210,42.867,-78.831,2023-03-28T09:00:00,36.2,0,,0,4.7,8,221,2.222222222,41,,,,,
14210,42.867,-78.831,2023-03-28T10:00:00,37.4,0.016,rain,0,5.8,9.8,215,2.722222222,35,,,,,
14210,42.867,-78.831,2023-03-28T11:00:00,38.3,0,,0,6.9,10.9,221,3.027777778,41,,,,,
14210,42.867,-78.831,2023-03-28T12:00:00,39.5,0,,0,8.1,6.3,245,1.75,65,,,,,
14210,42.867,-78.831,2023-03-28T13:00:00,42.2,0.002,rain,0,9.2,10.2,235,2.833333333,55,,,,,
14210,42.867,-78.831,2023-03-28T14:00:00,39.8,0.043,rain,0,10.3,8.1,244,2.25,64,,,,,
14210,42.867,-78.831,2023-03-28T15:00:00,41.3,0.016,rain,0,10.3,9.3,241,2.583333333,61,,,,,
14210,42.867,-78.831,2023-03-28T16:00:00,42.4,0,,0,10.3,9.8,231,2.722222222,51,,,,,
14210,42.867,-78.831,2023-03-28T17:00:00,41.4,0,,0,11.4,11.8,248,3.277777778,68,,,,,
14210,42.867,-78.831,2023-03-28T18:00:00,37.9,0,,0,10.3,9.9,226,2.75,46,,,,,
14210,42.867,-78.831,2023-03-28T19:00:00,36,0,,0,8.1,9.9,219,2.75,39,,,,,
14210,42.867,-78.831,2023-03-28T20:00:00,34.7,0,,0,6.9,9.7,224,2.694444444,44,,,,,
14210,42.867,-78.831,2023-03-28T21:00:00,33.5,0,,0,6.9,6.7,197,1.861111111,17,,,,,
14210,42.867,-78.831,2023-03-28T22:00:00,33.4,0,,0,8.1,7.6,198,2.111111111,18,,,,,
14210,42.867,-78.831,2023-03-28T23:00:00,33.3,0,,0,8.1,8.5,208,2.361111111,28,,,,,
14210,42.867,-78.831,2023-03-29T00:00:00,34.9,0,,0,9.2,11.3,226,3.138888889,46,,,,,
14210,42.867,-78.831,2023-03-29T01:00:00,33.3,0,,0,9.2,7.4,198,2.055555556,18,,,,,
14210,42.867,-78.831,2023-03-29T02:00:00,32.3,0,,0,9.2,7.6,199,2.111111111,19,,,,,
14210,42.867,-78.831,2023-03-29T03:00:00,33.2,0,,0,9.2,8.6,218,2.388888889,38,,,,,
14210,42.867,-78.831,2023-03-29T04:00:00,31.3,0,,0,9.2,8.6,201,2.388888889,21,,,,,
14210,42.867,-78.831,2023-03-29T05:00:00,31.4,0,,0,10.3,8,194,2.222222222,14,,,,,
14210,42.867,-78.831,2023-03-29T06:00:00,30.7,0,,0,12.8,8.3,210,2.305555556,30,,,,,
14210,42.867,-78.831,2023-03-29T07:00:00,30.7,0,,0,16.1,8.1,200,2.25,20,,,,,
14210,42.867,-78.831,2023-03-29T08:00:00,33.5,0,,0,18.3,7.9,209,2.194444444,29,,,,,
14210,42.867,-78.831,2023-03-29T09:00:00,37.3,0,,0,21.9,11.5,200,3.194444444,20,,,,,
14210,42.867,-78.831,2023-03-29T10:00:00,41,0,,0,24.9,15.8,218,4.388888889,38,,,,,
14210,42.867,-78.831,2023-03-29T11:00:00,44.2,0,,0,31,21.5,219,5.972222222,39,,,,,
14210,42.867,-78.831,2023-03-29T12:00:00,45.1,0,,0,41.4,28.2,220,7.833333333,40,,,,,
14210,42.867,-78.831,2023-03-29T13:00:00,46.3,0,,0,38.8,22,230,6.111111111,50,,,,,
14210,42.867,-78.831,2023-03-29T14:00:00,47.1,0,,0,40.9,26,238,7.222222222,58,,,,,
14210,42.867,-78.831,2023-03-29T15:00:00,46.2,0,,0,45.8,24.8,240,6.888888889,60,,,,,
14210,42.867,-78.831,2023-03-29T16:00:00,44.6,0,,0,50.6,29.3,258,8.138888889,78,,,,,
14210,42.867,-78.831,2023-03-29T17:00:00,36,0.001,rain,0,53.9,30.8,297,8.555555556,63,,,,,
14210,42.867,-78.831,2023-03-29T18:00:00,31,0.005,"rain,snow",0,36.8,15.1,293,4.194444444,67,,,,,
14210,42.867,-78.831,2023-03-29T19:00:00,31.1,0,,0,34.6,21.3,282,5.916666667,78,,,,,
14210,42.867,-78.831,2023-03-29T20:00:00,30.1,0,"rain,snow",0.79,34.6,16.2,292,4.5,68,,,,,
14210,42.867,-78.831,2023-03-29T21:00:00,29.2,0,,0,27.5,18,286,5,74,,,,,
14210,42.867,-78.831,2023-03-29T22:00:00,28.3,0,,0,25.9,15,292,4.166666667,68,,,,,
14210,42.867,-78.831,2023-03-29T23:00:00,27.2,0,,0,25.3,11.2,292,3.111111111,68,,,,,
14210,42.867,-78.831,2023-03-30T00:00:00,27,0,,0,21.3,14.6,300,4.055555556,60,,,,,
14210,42.867,-78.831,2023-03-30T01:00:00,26.2,0,,0,27.2,9.2,285,2.555555556,75,,,,,
14210,42.867,-78.831,2023-03-30T02:00:00,25.3,0,,0,19.5,9.4,302,2.611111111,58,,,,,
14210,42.867,-78.831,2023-03-30T03:00:00,25.2,0,,0,25.3,11.5,300,3.194444444,60,,,,,
14210,42.867,-78.831,2023-03-30T04:00:00,24.3,0,,0,23,9.3,301,2.583333333,59,,,,,
14210,42.867,-78.831,2023-03-30T05:00:00,24.3,0,,0,10.3,6.4,302,1.777777778,58,,,,,
14210,42.867,-78.831,2023-03-30T06:00:00,23.3,0,,0,20.8,4.2,284,1.166666667,76,,,,,
14210,42.867,-78.831,2023-03-30T07:00:00,21.8,0,,0,19.5,6.2,248,1.722222222,68,,,,,
14210,42.867,-78.831,2023-03-30T08:00:00,24.1,0,,0,8.1,6,244,1.666666667,64,,,,,
14210,42.867,-78.831,2023-03-30T09:00:00,27.2,0,,0,11.4,7.9,280,2.194444444,80,,,,,
14210,42.867,-78.831,2023-03-30T10:00:00,28.3,0,,0,15,6.1,316,1.694444444,44,,,,,
14210,42.867,-78.831,2023-03-30T11:00:00,29.3,0,,0,17.2,6.7,278,1.861111111,82,,,,,
14210,42.867,-78.831,2023-03-30T12:00:00,30.8,0,,0,12.8,8.1,240,2.25,60,,,,,
14210,42.867,-78.831,2023-03-30T13:00:00,32.2,0,,0,15,6,260,1.666666667,80,,,,,
14210,42.867,-78.831,2023-03-30T14:00:00,31.4,0,,0,21.9,16.1,240,4.472222222,60,,,,,
14210,42.867,-78.831,2023-03-30T15:00:00,32.5,0,,0,21.1,13.7,220,3.805555556,40,,,,,
14210,42.867,-78.831,2023-03-30T16:00:00,33.6,0,,0,24.2,10.5,236,2.916666667,56,,,,,
14210,42.867,-78.831,2023-03-30T17:00:00,34.4,0,,0,15,11,226,3.055555556,46,,,,,
14210,42.867,-78.831,2023-03-30T18:00:00,34.3,0,,0,21.9,13,236,3.611111111,56,,,,,
14210,42.867,-78.831,2023-03-30T19:00:00,33.5,0,,0,5.8,8.4,229,2.333333333,49,,,,,
14210,42.867,-78.831,2023-03-30T20:00:00,31.2,0,,0,4.7,7.4,220,2.055555556,40,,,,,
14210,42.867,-78.831,2023-03-30T21:00:00,30.1,0,,0,6.9,5.7,199,1.583333333,19,,,,,
14210,42.867,-78.831,2023-03-30T22:00:00,30.1,0,,0,6.9,5.8,164,1.611111111,16,,,,,
14210,42.867,-78.831,2023-03-30T23:00:00,29.2,0,,0,6.9,3.7,145,1.027777778,35,,,,,
14210,42.867,-78.831,2023-03-31T00:00:00,29.8,0,,0,6.9,3.5,89,0.972222222,89,,,,,
14210,42.867,-78.831,2023-03-31T01:00:00,29,0,,0,5.8,4.9,93,1.361111111,87,,,,,
14210,42.867,-78.831,2023-03-31T02:00:00,29.7,0,,0,4.7,6.5,122,1.805555556,58,,,,,
14210,42.867,-78.831,2023-03-31T03:00:00,30.7,0,,0,5.8,4.5,115,1.25,65,,,,,
14210,42.867,-78.831,2023-03-31T04:00:00,31.8,0,,0,5.8,6.4,123,1.777777778,57,,,,,
14210,42.867,-78.831,2023-03-31T05:00:00,33.8,0,,0,5.8,5.4,122,1.5,58,,,,,
14210,42.867,-78.831,2023-03-31T06:00:00,34.7,0,,0,6.9,6.6,87,1.833333333,87,,,,,
14210,42.867,-78.831,2023-03-31T07:00:00,34.9,0.001,"rain,snow",0,8.1,5.9,150,1.638888889,30,,,,,
14210,42.867,-78.831,2023-03-31T08:00:00,35.8,0.01,rain,0,9.2,8.7,101,2.416666667,79,,,,,
14210,42.867,-78.831,2023-03-31T09:00:00,36.8,0.001,rain,0,15,7.7,147,2.138888889,33,,,,,
14210,42.867,-78.831,2023-03-31T10:00:00,38.7,0,,0,18.3,8.7,122,2.416666667,58,,,,,
14210,42.867,-78.831,2023-03-31T11:00:00,43.5,0,,0,21.9,9.8,125,2.722222222,55,,,,,
14210,42.867,-78.831,2023-03-31T12:00:00,44.3,0.002,rain,0,23,5.4,147,1.5,33,,,,,
14210,42.867,-78.831,2023-03-31T13:00:00,42.8,0.071,rain,0,23,7.8,155,2.166666667,25,,,,,
14210,42.867,-78.831,2023-03-31T14:00:00,42.3,0.048,rain,0,23,11.6,161,3.222222222,19,,,,,
14210,42.867,-78.831,2023-03-31T15:00:00,46.6,0.01,rain,0,30.4,18.4,199,5.111111111,19,,,,,
14210,42.867,-78.831,2023-03-31T16:00:00,47.5,0,,0,33.3,17.7,201,4.916666667,21,,,,,
14210,42.867,-78.831,2023-03-31T17:00:00,47.7,0,,0,24.2,13,208,3.611111111,28,,,,,
14210,42.867,-78.831,2023-03-31T18:00:00,47.7,0.017,rain,0,27.5,13.1,198,3.638888889,18,,,,,
14210,42.867,-78.831,2023-03-31T19:00:00,47.9,0.027,rain,0,26.4,11.1,199,3.083333333,19,,,,,
14210,42.867,-78.831,2023-03-31T20:00:00,48.7,0.037,rain,0,25.3,10.9,201,3.027777778,21,,,,,
14210,42.867,-78.831,2023-03-31T21:00:00,48.8,0.017,rain,0,24.2,11.3,189,3.138888889,9,,,,,
14210,42.867,-78.831,2023-03-31T22:00:00,49.7,0.01,rain,0,24.2,13.9,197,3.861111111,17,,,,,
14210,42.867,-78.831,2023-03-31T23:00:00,50.8,0,,0,23,12.8,192,3.555555556,12,,,,,
14210,42.867,-78.831,2023-04-01T00:00:00,51.8,0,,0,23,9.8,190,2.722222222,10,,,,,
14210,42.867,-78.831,2023-04-01T01:00:00,52.4,0.025,rain,0,24.2,10.6,194,2.944444444,14,,,,,
14210,42.867,-78.831,2023-04-01T02:00:00,51.6,0.189,rain,0,23,10.1,132,2.805555556,48,,,,,
14210,42.867,-78.831,2023-04-01T03:00:00,52.2,0.141,rain,0,30,0.8,21,0.222222222,21,,,,,
14210,42.867,-78.831,2023-04-01T04:00:00,53,0.196,rain,0,35.6,8.1,141,2.25,39,,,,,
14210,42.867,-78.831,2023-04-01T05:00:00,56.7,0.04,rain,0,34.1,23.1,219,6.416666667,39,,,,,
14210,42.867,-78.831,2023-04-01T06:00:00,52.8,0,,0,43.6,20,228,5.555555556,48,,,,,
14210,42.867,-78.831,2023-04-01T07:00:00,55.9,0,,0,31.5,17,221,4.722222222,41,,,,,
14210,42.867,-78.831,2023-04-01T08:00:00,55.7,0,,0,41.9,25,230,6.944444444,50,,,,,
14210,42.867,-78.831,2023-04-01T09:00:00,53.1,0,,0,46.2,21.4,231,5.944444444,51,,,,,
14210,42.867,-78.831,2023-04-01T10:00:00,55,0,,0,38.5,20.9,238,5.805555556,58,,,,,
14210,42.867,-78.831,2023-04-01T11:00:00,56.9,0,,0,41.1,22.5,238,6.25,58,,,,,
14210,42.867,-78.831,2023-04-01T12:00:00,56.9,0,,0,33.7,18.4,248,5.111111111,68,,,,,
14210,42.867,-78.831,2023-04-01T13:00:00,60,0,,0,32.1,19.4,268,5.388888889,88,,,,,
14210,42.867,-78.831,2023-04-01T14:00:00,61.4,0,,0,29.8,10,297,2.777777778,63,,,,,
14210,42.867,-78.831,2023-04-01T15:00:00,48.9,0.042,rain,0,41.8,23.5,239,6.527777778,59,,,,,
14210,42.867,-78.831,2023-04-01T16:00:00,46.7,0.171,rain,0,34.4,18.4,209,5.111111111,29,,,,,
14210,42.867,-78.831,2023-04-01T17:00:00,45.4,0,,0,46.8,29.2,229,8.111111111,49,,,,,
14210,42.867,-78.831,2023-04-01T18:00:00,44.3,0.001,rain,0,41.3,19.5,255,5.416666667,75,,,,,
14210,42.867,-78.831,2023-04-01T19:00:00,40.3,0.058,rain,0,40.4,22.6,254,6.277777778,74,,,,,
14210,42.867,-78.831,2023-04-01T20:00:00,37.4,0.04,rain,0,36.7,17.7,310,4.916666667,50,,,,,
14210,42.867,-78.831,2023-04-01T21:00:00,36.9,0.01,rain,0,36.1,23.6,292,6.555555556,68,,,,,
14210,42.867,-78.831,2023-04-01T22:00:00,34.2,0,,0,35.9,22.1,310,6.138888889,50,,,,,
14210,42.867,-78.831,2023-04-01T23:00:00,33.3,0,,0,31.6,15.5,305,4.305555556,55,,,,,
14210,42.867,-78.831,2023-04-02T00:00:00,33.3,0,,0,29.5,18.8,314,5.222222222,46,,,,,
14210,42.867,-78.831,2023-04-02T01:00:00,32.2,0,,0,30.8,18.2,321,5.055555556,39,,,,,
14210,42.867,-78.831,2023-04-02T02:00:00,30.9,0,,0,25.1,12.1,321,3.361111111,39,,,,,
14210,42.867,-78.831,2023-04-02T03:00:00,29.9,0,,0,22.2,10.4,321,2.888888889,39,,,,,
14210,42.867,-78.831,2023-04-02T04:00:00,28.3,0,,0,18.8,10.7,341,2.972222222,19,,,,,
14210,42.867,-78.831,2023-04-02T05:00:00,27.2,0,,0,18.3,13.8,351,3.833333333,9,,,,,
14210,42.867,-78.831,2023-04-02T06:00:00,26.3,0,,0,22.8,15.3,351,4.25,9,,,,,
14210,42.867,-78.831,2023-04-02T07:00:00,25.3,0,,0,22.2,11.6,1,3.222222222,1,,,,,
14210,42.867,-78.831,2023-04-02T08:00:00,26.3,0,,0,15,9.3,354,2.583333333,6,,,,,
14210,42.867,-78.831,2023-04-02T09:00:00,28.3,0,,0,13.9,8.4,12,2.333333333,12,,,,,
14210,42.867,-78.831,2023-04-02T10:00:00,29.2,0,,0,12.8,8.2,18,2.277777778,18,,,,,
14210,42.867,-78.831,2023-04-02T11:00:00,31,0,,0,10.3,6.7,40,1.861111111,40,,,,,
14210,42.867,-78.831,2023-04-02T12:00:00,33.1,0,,0,17.2,7.4,19,2.055555556,19,,,,,
14210,42.867,-78.831,2023-04-02T13:00:00,34.2,0,,0,9.2,5.8,78,1.611111111,78,,,,,
14210,42.867,-78.831,2023-04-02T14:00:00,35.9,0,,0,9.2,3.1,38,0.861111111,38,,,,,
14210,42.867,-78.831,2023-04-02T15:00:00,37.2,0,,0,10.3,0.7,351,0.194444444,9,,,,,
14210,42.867,-78.831,2023-04-02T16:00:00,38,0,,0,10.3,5.1,164,1.416666667,16,,,,,
14210,42.867,-78.831,2023-04-02T17:00:00,39.1,0,,0,10.3,4.6,25,1.277777778,25,,,,,
14210,42.867,-78.831,2023-04-02T18:00:00,40.8,0,,0,6.9,4.8,295,1.333333333,65,,,,,
14210,42.867,-78.831,2023-04-02T19:00:00,39.5,0,,0,4.7,1.4,337,0.388888889,23,,,,,
14210,42.867,-78.831,2023-04-02T20:00:00,38.5,0,,0,2.2,3.4,177,0.944444444,3,,,,,
14210,42.867,-78.831,2023-04-02T21:00:00,35.6,0,,0,4.7,0.8,7,0.222222222,7,,,,,
14210,42.867,-78.831,2023-04-02T22:00:00,36.5,0,,0,5.8,3.3,184,0.916666667,4,,,,,
14210,42.867,-78.831,2023-04-02T23:00:00,34.2,0,,0,6.9,5.6,163,1.555555556,17,,,,,
14210,42.867,-78.831,2023-04-03T00:00:00,34.2,0,,0,9.2,3.6,196,1,16,,,,,
14210,42.867,-78.831,2023-04-03T01:00:00,34.4,0,,0,11.4,5.8,145,1.611111111,35,,,,,
14210,42.867,-78.831,2023-04-03T02:00:00,35.2,0,,0,13.9,4.4,129,1.222222222,51,,,,,
14210,42.867,-78.831,2023-04-03T03:00:00,36.1,0,,0,13.9,0.7,48,0.194444444,48,,,,,
14210,42.867,-78.831,2023-04-03T04:00:00,38,0,,0,15,10.1,171,2.805555556,9,,,,,
14210,42.867,-78.831,2023-04-03T05:00:00,38.3,0,,0,16.1,6.1,199,1.694444444,19,,,,,
14210,42.867,-78.831,2023-04-03T06:00:00,39.6,0,,0,20.8,11.2,189,3.111111111,9,,,,,
14210,42.867,-78.831,2023-04-03T07:00:00,40.8,0,,0,24.2,13.3,199,3.694444444,19,,,,,
14210,42.867,-78.831,2023-04-03T08:00:00,43.9,0,,0,23,16.7,198,4.638888889,18,,,,,
14210,42.867,-78.831,2023-04-03T09:00:00,45.9,0,,0,27.5,17.8,198,4.944444444,18,,,,,
14210,42.867,-78.831,2023-04-03T10:00:00,51,0,,0,26.4,17,191,4.722222222,11,,,,,
14210,42.867,-78.831,2023-04-03T11:00:00,55,0,,0,37.6,22,220,6.111111111,40,,,,,
14210,42.867,-78.831,2023-04-03T12:00:00,56.2,0,,0,39.8,23,237,6.388888889,57,,,,,
14210,42.867,-78.831,2023-04-03T13:00:00,55.7,0,,0,39.9,22.8,222,6.333333333,42,,,,,
14210,42.867,-78.831,2023-04-03T14:00:00,54.1,0,,0,35.6,19.4,240,5.388888889,60,,,,,
14210,42.867,-78.831,2023-04-03T15:00:00,55.4,0,,0,30.7,15.9,241,4.416666667,61,,,,,
14210,42.867,-78.831,2023-04-03T16:00:00,57.3,0,,0,24.3,14.7,251,4.083333333,71,,,,,
14210,42.867,-78.831,2023-04-03T17:00:00,52.1,0,,0,24.2,12.1,220,3.361111111,40,,,,,
14210,42.867,-78.831,2023-04-03T18:00:00,49,0,,0,18.3,10.1,251,2.805555556,71,,,,,
14210,42.867,-78.831,2023-04-03T19:00:00,49.4,0,,0,12.8,6.1,297,1.694444444,63,,,,,
14210,42.867,-78.831,2023-04-03T20:00:00,49.2,0.001,rain,0,3.4,7.1,318,1.972222222,42,,,,,
14210,42.867,-78.831,2023-04-03T21:00:00,47.6,0.026,rain,0,4.7,5,96,1.388888889,84,,,,,
14210,42.867,-78.831,2023-04-03T22:00:00,47.4,0,,0,4.7,8.8,153,2.444444444,27,,,,,
14210,42.867,-78.831,2023-04-03T23:00:00,47,0,,0,5.8,6.9,137,1.916666667,43,,,,,
14210,42.867,-78.831,2023-04-04T00:00:00,47,0.001,rain,0,6.9,7.8,174,2.166666667,6,,,,,
14210,42.867,-78.831,2023-04-04T01:00:00,47,0.011,rain,0,5.8,5.1,149,1.416666667,31,,,,,
14210,42.867,-78.831,2023-04-04T02:00:00,46.1,0.027,rain,0,5.8,5.8,156,1.611111111,24,,,,,
14210,42.867,-78.831,2023-04-04T03:00:00,46,0.149,rain,0,5.8,3,57,0.833333333,57,,,,,
14210,42.867,-78.831,2023-04-04T04:00:00,46.2,0.118,rain,0,5.8,5.4,116,1.5,64,,,,,
14210,42.867,-78.831,2023-04-04T05:00:00,46.2,0.151,rain,0,5.8,7,123,1.944444444,57,,,,,
14210,42.867,-78.831,2023-04-04T06:00:00,46.2,0.05,rain,0,5.8,7.2,120,2,60,,,,,
14210,42.867,-78.831,2023-04-04T07:00:00,46.2,0.037,rain,0,5.8,5.7,359,1.583333333,1,,,,,
14210,42.867,-78.831,2023-04-04T08:00:00,46.2,0.031,rain,0,6.9,0.7,12,0.194444444,12,,,,,
14210,42.867,-78.831,2023-04-04T09:00:00,46.9,0.028,rain,0,10.3,3.8,34,1.055555556,34,,,,,
14210,42.867,-78.831,2023-04-04T10:00:00,47,0.027,rain,0,12.8,7.9,29,2.194444444,29,,,,,
14210,42.867,-78.831,2023-04-04T11:00:00,48.4,0,,0,9.2,5.8,55,1.611111111,55,,,,,
14210,42.867,-78.831,2023-04-04T12:00:00,52.3,0,,0,11.4,6.9,53,1.916666667,53,,,,,
14210,42.867,-78.831,2023-04-04T13:00:00,57,0,,0,10.3,10.3,2,2.861111111,2,,,,,
14210,42.867,-78.831,2023-04-04T14:00:00,56.1,0,,0,19.7,13,29,3.611111111,29,,,,,
14210,42.867,-78.831,2023-04-04T15:00:00,54.3,0,,0,15,13.9,33,3.861111111,33,,,,,
14210,42.867,-78.831,2023-04-04T16:00:00,52.1,0,,0,26.4,15.6,41,4.333333333,41,,,,,
14210,42.867,-78.831,2023-04-04T17:00:00,49.8,0,,0,20.8,17.5,61,4.861111111,61,,,,,
14210,42.867,-78.831,2023-04-04T18:00:00,47.1,0,,0,23,16.9,71,4.694444444,71,,,,,
14210,42.867,-78.831,2023-04-04T19:00:00,47.1,0,,0,28.3,15.9,71,4.416666667,71,,,,,
14210,42.867,-78.831,2023-04-04T20:00:00,46.3,0,,0,27.7,16,63,4.444444444,63,,,,,
14210,42.867,-78.831,2023-04-04T21:00:00,46.2,0,,0,20.3,14,71,3.888888889,71,,,,,
14210,42.867,-78.831,2023-04-04T22:00:00,45.2,0,,0,24.3,16.1,73,4.472222222,73,,,,,
14210,42.867,-78.831,2023-04-04T23:00:00,45.2,0,,0,28.7,13,64,3.611111111,64,,,,,
14210,42.867,-78.831,2023-04-05T00:00:00,45.1,0,,0,24.8,12.4,80,3.444444444,80,,,,,
14210,42.867,-78.831,2023-04-05T01:00:00,44.1,0,,0,23.5,13.4,83,3.722222222,83,,,,,
14210,42.867,-78.831,2023-04-05T02:00:00,43.2,0,,0,26.4,13.2,91,3.666666667,89,,,,,
14210,42.867,-78.831,2023-04-05T03:00:00,43.2,0,,0,22.4,14.6,81,4.055555556,81,,,,,
14210,42.867,-78.831,2023-04-05T04:00:00,43.2,0,,0,25.3,14.3,62,3.972222222,62,,,,,
14210,42.867,-78.831,2023-04-05T05:00:00,43.9,0,,0,25.3,16,62,4.444444444,62,,,,,
14210,42.867,-78.831,2023-04-05T06:00:00,43.9,0,,0,23.9,15,55,4.166666667,55,,,,,
14210,42.867,-78.831,2023-04-05T07:00:00,43.9,0,,0,20.8,11,73,3.055555556,73,,,,,
14210,42.867,-78.831,2023-04-05T08:00:00,45.7,0,,0,17.2,7.5,81,2.083333333,81,,,,,
14210,42.867,-78.831,2023-04-05T09:00:00,45.8,0,,0,34.4,12.3,11,3.416666667,11,,,,,
14210,42.867,-78.831,2023-04-05T10:00:00,48.5,0,,0,16.1,8.5,83,2.361111111,83,,,,,
14210,42.867,-78.831,2023-04-05T11:00:00,57.8,0,,0,19.5,0.3,3,0.083333333,3,,,,,
14210,42.867,-78.831,2023-04-05T12:00:00,71.3,0,,0,27.6,15.1,231,4.194444444,51,,,,,
14210,42.867,-78.831,2023-04-05T13:00:00,72.6,0.001,rain,0,26.8,12.7,251,3.527777778,71,,,,,
14210,42.867,-78.831,2023-04-05T14:00:00,60.7,0.1,rain,0,32.1,9.9,256,2.75,76,,,,,
14210,42.867,-78.831,2023-04-05T15:00:00,57.4,0.034,rain,0,25.3,8.1,35,2.25,35,,,,,
14210,42.867,-78.831,2023-04-05T16:00:00,57.8,0.03,rain,0,24.2,5,61,1.388888889,61,,,,,
14210,42.867,-78.831,2023-04-05T17:00:00,56.9,0.005,rain,0,36,15.6,320,4.333333333,40,,,,,
14210,42.867,-78.831,2023-04-05T18:00:00,55.1,0.057,rain,0,15,5.6,262,1.555555556,82,,,,,
14210,42.867,-78.831,2023-04-05T19:00:00,56.4,0.006,rain,0,19.5,0.4,13,0.111111111,13,,,,,
14210,42.867,-78.831,2023-04-05T20:00:00,56.9,0.011,rain,0,25.3,6,173,1.666666667,7,,,,,
14210,42.867,-78.831,2023-04-05T21:00:00,57.6,0.097,rain,0,25.1,16.5,164,4.583333333,16,,,,,
14210,42.867,-78.831,2023-04-05T22:00:00,61,0.097,rain,0,31.9,12.3,207,3.416666667,27,,,,,
14210,42.867,-78.831,2023-04-05T23:00:00,61.1,0.051,rain,0,25.3,13.3,179,3.694444444,1,,,,,
14210,42.867,-78.831,2023-04-06T00:00:00,60.9,0.012,rain,0,23.8,10.4,199,2.888888889,19,,,,,
14210,42.867,-78.831,2023-04-06T01:00:00,62.4,0,,0,25,17.1,221,4.75,41,,,,,
14210,42.867,-78.831,2023-04-06T02:00:00,60.9,0.003,rain,0,36.9,17.9,246,4.972222222,66,,,,,
14210,42.867,-78.831,2023-04-06T03:00:00,57.1,0,,0,34.1,18.2,239,5.055555556,59,,,,,
14210,42.867,-78.831,2023-04-06T04:00:00,55.4,0,,0,25.9,13.6,236,3.777777778,56,,,,,
14210,42.867,-78.831,2023-04-06T05:00:00,50.6,0,,0,27.5,12.7,224,3.527777778,44,,,,,
14210,42.867,-78.831,2023-04-06T06:00:00,46.8,0,,0,23,13.4,240,3.722222222,60,,,,,
14210,42.867,-78.831,2023-04-06T07:00:00,44.8,0,,0,22.8,9.9,239,2.75,59,,,,,
14210,42.867,-78.831,2023-04-06T08:00:00,44.5,0.078,rain,0,20.8,8.8,228,2.444444444,48,,,,,
14210,42.867,-78.831,2023-04-06T09:00:00,43.8,0,,0,21.9,13,225,3.611111111,45,,,,,
14210,42.867,-78.831,2023-04-06T10:00:00,44,0,,0,24.2,14.3,235,3.972222222,55,,,,,
14210,42.867,-78.831,2023-04-06T11:00:00,44,0,,0,26.4,16.1,225,4.472222222,45,,,,,
14210,42.867,-78.831,2023-04-06T12:00:00,46,0,,0,29.3,20.9,230,5.805555556,50,,,,,
14210,42.867,-78.831,2023-04-06T13:00:00,45.1,0,,0,32.9,24.6,241,6.833333333,61,,,,,
14210,42.867,-78.831,2023-04-06T14:00:00,45.5,0,,0,34,17.7,232,4.916666667,52,,,,,
14210,42.867,-78.831,2023-04-06T15:00:00,43.1,0,,0,35.2,19.8,229,5.5,49,,,,,
14210,42.867,-78.831,2023-04-06T16:00:00,42.8,0,,0,37,20.6,228,5.722222222,48,,,,,
14210,42.867,-78.831,2023-04-06T17:00:00,43.4,0,,0,35.5,19.4,228,5.388888889,48,,,,,
14210,42.867,-78.831,2023-04-06T18:00:00,41.7,0,,0,31.5,15.9,228,4.416666667,48,,,,,
14210,42.867,-78.831,2023-04-06T19:00:00,40.6,0,,0,29.2,16.8,228,4.666666667,48,,,,,
14210,42.867,-78.831,2023-04-06T20:00:00,40.4,0,,0,29.3,16,221,4.444444444,41,,,,,
14210,42.867,-78.831,2023-04-06T21:00:00,40.3,0,,0,24,15.6,229,4.333333333,49,,,,,
14210,42.867,-78.831,2023-04-06T22:00:00,41.3,0,,0,24.2,15.6,238,4.333333333,58,,,,,
14210,42.867,-78.831,2023-04-06T23:00:00,41.2,0,,0,24.2,15.2,238,4.222222222,58,,,,,
14210,42.867,-78.831,2023-04-07T00:00:00,41,0,,0,24.2,14.1,240,3.916666667,60,,,,,
14210,42.867,-78.831,2023-04-07T01:00:00,39.9,0,,0,17.2,9.1,240,2.527777778,60,,,,,
14210,42.867,-78.831,2023-04-07T02:00:00,39.8,0,,0,17.2,10.4,258,2.888888889,78,,,,,
14210,42.867,-78.831,2023-04-07T03:00:00,39.9,0,,0,24.2,10.8,260,3,80,,,,,
14210,42.867,-78.831,2023-04-07T04:00:00,39.8,0,,0,23,14,260,3.888888889,80,,,,,
14210,42.867,-78.831,2023-04-07T05:00:00,38.8,0,,0,18.3,12.8,270,3.555555556,90,,,,,
14210,42.867,-78.831,2023-04-07T06:00:00,37.9,0,,0,23.1,11.7,273,3.25,87,,,,,
14210,42.867,-78.831,2023-04-07T07:00:00,36.7,0,,0,26.4,10.7,305,2.972222222,55,,,,,
14210,42.867,-78.831,2023-04-07T08:00:00,35.1,0,,0,18.3,14.9,317,4.138888889,43,,,,,
14210,42.867,-78.831,2023-04-07T09:00:00,36,0,,0,24.2,16.3,285,4.527777778,75,,,,,
14210,42.867,-78.831,2023-04-07T10:00:00,37.2,0,,0,26.8,15.1,302,4.194444444,58,,,,,
14210,42.867,-78.831,2023-04-07T11:00:00,38.1,0,,0,22.7,11.7,319,3.25,41,,,,,
14210,42.867,-78.831,2023-04-07T12:00:00,38.2,0,,0,22.1,14.5,327,4.027777778,33,,,,,
14210,42.867,-78.831,2023-04-07T13:00:00,40,0,,0,18.1,11.9,281,3.305555556,79,,,,,
14210,42.867,-78.831,2023-04-07T14:00:00,40.1,0,,0,20,9.3,270,2.583333333,90,,,,,
14210,42.867,-78.831,2023-04-07T15:00:00,43.1,0,,0,21.1,11.1,310,3.083333333,50,,,,,
14210,42.867,-78.831,2023-04-07T16:00:00,43.2,0,,0,19.7,10.5,327,2.916666667,33,,,,,
14210,42.867,-78.831,2023-04-07T17:00:00,42.4,0,,0,13.9,6.8,268,1.888888889,88,,,,,
14210,42.867,-78.831,2023-04-07T18:00:00,40.4,0,,0,12.8,12.2,227,3.388888889,47,,,,,
14210,42.867,-78.831,2023-04-07T19:00:00,39.5,0,,0,11.4,13.5,259,3.75,79,,,,,
14210,42.867,-78.831,2023-04-07T20:00:00,37.5,0,,0,9.2,10.1,243,2.805555556,63,,,,,
14210,42.867,-78.831,2023-04-07T21:00:00,36.3,0,,0,21.9,9.9,251,2.75,71,,,,,
14210,42.867,-78.831,2023-04-07T22:00:00,36.1,0,,0,24.2,7.6,260,2.111111111,80,,,,,
14210,42.867,-78.831,2023-04-07T23:00:00,35.2,0,,0,9.2,8.3,309,2.305555556,51,,,,,
14210,42.867,-78.831,2023-04-08T00:00:00,34,0,,0,9.2,9.8,352,2.722222222,8,,,,,
14210,42.867,-78.831,2023-04-08T01:00:00,32,0,,0,8.1,5.9,360,1.638888889,0,,,,,
14210,42.867,-78.831,2023-04-08T02:00:00,30.8,0,,0,8.1,4.9,8,1.361111111,8,,,,,
14210,42.867,-78.831,2023-04-08T03:00:00,29.9,0,,0,3.4,0.7,357,0.194444444,3,,,,,
14210,42.867,-78.831,2023-04-08T04:00:00,29.9,0,,0,3.4,0.6,351,0.166666667,9,,,,,
14210,42.867,-78.831,2023-04-08T05:00:00,29,0,,0,3.4,0.2,358,0.055555556,2,,,,,
14210,42.867,-78.831,2023-04-08T06:00:00,28.1,0,,0,3.4,0.1,357,0.027777778,3,,,,,
14210,42.867,-78.831,2023-04-08T07:00:00,27,0,,0,3.4,0.2,2,0.055555556,2,,,,,
14210,42.867,-78.831,2023-04-08T08:00:00,30.8,0,,0,3.4,0.1,1,0.027777778,1,,,,,
14210,42.867,-78.831,2023-04-08T09:00:00,33.4,0,,0,3.4,3.6,60,1,60,,,,,
14210,42.867,-78.831,2023-04-08T10:00:00,34.5,0,,0,3.4,3.5,116,0.972222222,64,,,,,
14210,42.867,-78.831,2023-04-08T11:00:00,37.4,0,,0,5.8,3.6,54,1,54,,,,,
14210,42.867,-78.831,2023-04-08T12:00:00,39.2,0,,0,4.7,4.8,97,1.333333333,83,,,,,
14210,42.867,-78.831,2023-04-08T13:00:00,43.1,0,,0,3.4,4.6,343,1.277777778,17,,,,,
14210,42.867,-78.831,2023-04-08T14:00:00,44.8,0,,0,4.7,5.1,13,1.416666667,13,,,,,
14210,42.867,-78.831,2023-04-08T15:00:00,46.1,0,,0,5.8,3.7,311,1.027777778,49,,,,,
14210,42.867,-78.831,2023-04-08T16:00:00,46.8,0,,0,6.9,1.4,6,0.388888889,6,,,,,
14210,42.867,-78.831,2023-04-08T17:00:00,46.7,0,,0,8.1,4.6,2,1.277777778,2,,,,,
14210,42.867,-78.831,2023-04-08T18:00:00,46.2,0,,0,20.8,11.3,344,3.138888889,16,,,,,
14210,42.867,-78.831,2023-04-08T19:00:00,42.5,0,,0,8.1,9.6,6,2.666666667,6,,,,,
14210,42.867,-78.831,2023-04-08T20:00:00,39.6,0,,0,8.1,6.8,31,1.888888889,31,,,,,
14210,42.867,-78.831,2023-04-08T21:00:00,38,0,,0,6.9,2.8,47,0.777777778,47,,,,,
14210,42.867,-78.831,2023-04-08T22:00:00,37.8,0,,0,6.9,4.8,98,1.333333333,82,,,,,
14210,42.867,-78.831,2023-04-08T23:00:00,36.6,0,,0,5.8,4.6,94,1.277777778,86,,,,,
14210,42.867,-78.831,2023-04-09T00:00:00,35.5,0,,0,5.8,3,54,0.833333333,54,,,,,
14210,42.867,-78.831,2023-04-09T01:00:00,33.9,0,,0,4.7,2.9,38,0.805555556,38,,,,,
14210,42.867,-78.831,2023-04-09T02:00:00,32,0,,0,3.4,2.8,64,0.777777778,64,,,,,
14210,42.867,-78.831,2023-04-09T03:00:00,31.9,0,,0,5.8,2.9,36,0.805555556,36,,,,,
14210,42.867,-78.831,2023-04-09T04:00:00,31.9,0,,0,4.7,0.6,19,0.166666667,19,,,,,
14210,42.867,-78.831,2023-04-09T05:00:00,31.7,0,,0,4.7,0.1,1,0.027777778,1,,,,,
14210,42.867,-78.831,2023-04-09T06:00:00,30.7,0,,0,4.7,0.1,2,0.027777778,2,,,,,
14210,42.867,-78.831,2023-04-09T07:00:00,29.1,0,,0,4.7,2.8,36,0.777777778,36,,,,,
14210,42.867,-78.831,2023-04-09T08:00:00,32.9,0,,0,2.2,0.1,7,0.027777778,7,,,,,
14210,42.867,-78.831,2023-04-09T09:00:00,39.2,0,,0,3.4,3.4,51,0.944444444,51,,,,,
14210,42.867,-78.831,2023-04-09T10:00:00,42.4,0,,0,5.8,5.7,90,1.583333333,90,,,,,
14210,42.867,-78.831,2023-04-09T11:00:00,45.2,0,,0,5.8,3.6,83,1,83,,,,,
14210,42.867,-78.831,2023-04-09T12:00:00,46.9,0,,0,5.8,1,4,0.277777778,4,,,,,
14210,42.867,-78.831,2023-04-09T13:00:00,48.7,0,,0,6.9,4.1,16,1.138888889,16,,,,,
14210,42.867,-78.831,2023-04-09T14:00:00,51,0,,0,6.9,4,84,1.111111111,84,,,,,
14210,42.867,-78.831,2023-04-09T15:00:00,51.9,0,,0,6.9,1,345,0.277777778,15,,,,,
14210,42.867,-78.831,2023-04-09T16:00:00,52.8,0,,0,8.1,6.2,4,1.722222222,4,,,,,
14210,42.867,-78.831,2023-04-09T17:00:00,53.5,0,,0,9.2,1.2,356,0.333333333,4,,,,,
14210,42.867,-78.831,2023-04-09T18:00:00,52.6,0,,0,9.2,12.8,348,3.555555556,12,,,,,
14210,42.867,-78.831,2023-04-09T19:00:00,49.9,0,,0,8.1,8.4,24,2.333333333,24,,,,,
14210,42.867,-78.831,2023-04-09T20:00:00,47,0,,0,3.4,5.3,35,1.472222222,35,,,,,
14210,42.867,-78.831,2023-04-09T21:00:00,44.9,0,,0,6.9,6.2,116,1.722222222,64,,,,,
14210,42.867,-78.831,2023-04-09T22:00:00,43.8,0,,0,5.8,5.8,114,1.611111111,66,,,,,
14210,42.867,-78.831,2023-04-09T23:00:00,41.9,0,,0,5.8,5.4,151,1.5,29,,,,,
14210,42.867,-78.831,2023-04-10T00:00:00,40.5,0,,0,4.7,4.4,170,1.222222222,10,,,,,
14210,42.867,-78.831,2023-04-10T01:00:00,38.2,0,,0,4.7,5.6,210,1.555555556,30,,,,,
14210,42.867,-78.831,2023-04-10T02:00:00,38.8,0,,0,5.8,4.4,200,1.222222222,20,,,,,
14210,42.867,-78.831,2023-04-10T03:00:00,36.1,0,,0,4.7,5.3,196,1.472222222,16,,,,,
14210,42.867,-78.831,2023-04-10T04:00:00,35.1,0,,0,4.7,4.9,198,1.361111111,18,,,,,
14210,42.867,-78.831,2023-04-10T05:00:00,35.1,0,,0,4.7,5.3,172,1.472222222,8,,,,,
14210,42.867,-78.831,2023-04-10T06:00:00,34.3,0,,0,4.7,5.3,186,1.472222222,6,,,,,
14210,42.867,-78.831,2023-04-10T07:00:00,33.5,0,,0,4.7,4.9,195,1.361111111,15,,,,,
14210,42.867,-78.831,2023-04-10T08:00:00,37.3,0,,0,4.7,5.4,186,1.5,6,,,,,
14210,42.867,-78.831,2023-04-10T09:00:00,42.3,0,,0,5.8,7.1,211,1.972222222,31,,,,,
14210,42.867,-78.831,2023-04-10T10:00:00,47.3,0,,0,6.9,8.1,213,2.25,33,,,,,
14210,42.867,-78.831,2023-04-10T11:00:00,51.4,0,,0,8.1,10.2,226,2.833333333,46,,,,,
14210,42.867,-78.831,2023-04-10T12:00:00,53.6,0,,0,10.3,11.3,209,3.138888889,29,,,,,
14210,42.867,-78.831,2023-04-10T13:00:00,55.6,0,,0,11.4,13.5,225,3.75,45,,,,,
14210,42.867,-78.831,2023-04-10T14:00:00,57.4,0,,0,15,11.1,228,3.083333333,48,,,,,
14210,42.867,-78.831,2023-04-10T15:00:00,57.7,0,,0,15,11.1,228,3.083333333,48,,,,,
14210,42.867,-78.831,2023-04-10T16:00:00,59.4,0,,0,10.3,9.3,221,2.583333333,41,,,,,
14210,42.867,-78.831,2023-04-10T17:00:00,59.6,0,,0,9.2,9.2,219,2.555555556,39,,,,,
14210,42.867,-78.831,2023-04-10T18:00:00,60.5,0,,0,9.2,9.8,235,2.722222222,55,,,,,
14210,42.867,-78.831,2023-04-10T19:00:00,54.7,0,,0,8.1,8.1,228,2.25,48,,,,,
14210,42.867,-78.831,2023-04-10T20:00:00,48.8,0,,0,6.9,9.8,206,2.722222222,26,,,,,
14210,42.867,-78.831,2023-04-10T21:00:00,46.4,0,,0,8.1,8,216,2.222222222,36,,,,,
14210,42.867,-78.831,2023-04-10T22:00:00,45.9,0,,0,8.1,8.7,218,2.416666667,38,,,,,
14210,42.867,-78.831,2023-04-10T23:00:00,43.8,0,,0,8.1,7.3,209,2.027777778,29,,,,,
14210,42.867,-78.831,2023-04-11T00:00:00,43.1,0,,0,8.1,8.2,199,2.277777778,19,,,,,
14210,42.867,-78.831,2023-04-11T01:00:00,43.1,0,,0,8.1,6.8,202,1.888888889,22,,,,,
14210,42.867,-78.831,2023-04-11T02:00:00,42.2,0,,0,9.2,7,212,1.944444444,32,,,,,
14210,42.867,-78.831,2023-04-11T03:00:00,42.8,0,,0,10.3,6.2,211,1.722222222,31,,,,,
14210,42.867,-78.831,2023-04-11T04:00:00,42.2,0,,0,12.8,7,209,1.944444444,29,,,,,
14210,42.867,-78.831,2023-04-11T05:00:00,43.1,0,,0,13.9,7.1,214,1.972222222,34,,,,,
14210,42.867,-78.831,2023-04-11T06:00:00,44.2,0,,0,15,8.2,220,2.277777778,40,,,,,
14210,42.867,-78.831,2023-04-11T07:00:00,45,0,,0,17.2,9.1,231,2.527777778,51,,,,,
14210,42.867,-78.831,2023-04-11T08:00:00,49.7,0,,0,19.5,13.4,230,3.722222222,50,,,,,
14210,42.867,-78.831,2023-04-11T09:00:00,51.4,0,,0,26.4,14.7,230,4.083333333,50,,,,,
14210,42.867,-78.831,2023-04-11T10:00:00,53.6,0,,0,32.7,19.9,229,5.527777778,49,,,,,
14210,42.867,-78.831,2023-04-11T11:00:00,55.8,0,,0,32.9,19,230,5.277777778,50,,,,,
14210,42.867,-78.831,2023-04-11T12:00:00,57.1,0,,0,37,24.7,238,6.861111111,58,,,,,
14210,42.867,-78.831,2023-04-11T13:00:00,58,0,,0,38.7,23.7,236,6.583333333,56,,,,,
14210,42.867,-78.831,2023-04-11T14:00:00,57.3,0,,0,38,25.9,229,7.194444444,49,,,,,
14210,42.867,-78.831,2023-04-11T15:00:00,54.4,0,,0,33.3,20.5,229,5.694444444,49,,,,,
14210,42.867,-78.831,2023-04-11T16:00:00,52.6,0,,0,31.2,17,221,4.722222222,41,,,,,
14210,42.867,-78.831,2023-04-11T17:00:00,51.9,0,,0,31.8,17.5,230,4.861111111,50,,,,,
14210,42.867,-78.831,2023-04-11T18:00:00,53.6,0,,0,30.8,17.4,230,4.833333333,50,,,,,
14210,42.867,-78.831,2023-04-11T19:00:00,54.4,0,,0,25.3,16.4,231,4.555555556,51,,,,,
14210,42.867,-78.831,2023-04-11T20:00:00,54.2,0,,0,24.2,14.7,230,4.083333333,50,,,,,
14210,42.867,-78.831,2023-04-11T21:00:00,54.2,0,,0,31.1,14.7,230,4.083333333,50,,,,,
14210,42.867,-78.831,2023-04-11T22:00:00,54.9,0,,0,27.5,13.7,230,3.805555556,50,,,,,
14210,42.867,-78.831,2023-04-11T23:00:00,51.7,0,,0,25.3,10.6,224,2.944444444,44,,,,,
14210,42.867,-78.831,2023-04-12T00:00:00,51.6,0,,0,23,11.1,225,3.083333333,45,,,,,
14210,42.867,-78.831,2023-04-12T01:00:00,50.1,0,,0,19.5,11.8,221,3.277777778,41,,,,,
14210,42.867,-78.831,2023-04-12T02:00:00,49.2,0,,0,18.3,12.7,212,3.527777778,32,,,,,
14210,42.867,-78.831,2023-04-12T03:00:00,48,0,,0,17.2,11.7,208,3.25,28,,,,,
14210,42.867,-78.831,2023-04-12T04:00:00,46.8,0,,0,17,10.4,215,2.888888889,35,,,,,
14210,42.867,-78.831,2023-04-12T05:00:00,46.8,0,,0,28.6,12.6,208,3.5,28,,,,,
14210,42.867,-78.831,2023-04-12T06:00:00,47.1,0,,0,16.1,13.3,214,3.694444444,34,,,,,
14210,42.867,-78.831,2023-04-12T07:00:00,47.6,0,,0,16.1,13.6,214,3.777777778,34,,,,,
14210,42.867,-78.831,2023-04-12T08:00:00,50.9,0,,0,28.6,13.7,214,3.805555556,34,,,,,
14210,42.867,-78.831,2023-04-12T09:00:00,53.3,0,,0,27.7,18.5,209,5.138888889,29,,,,,
14210,42.867,-78.831,2023-04-12T10:00:00,53.3,0,,0,29.2,17.7,219,4.916666667,39,,,,,
14210,42.867,-78.831,2023-04-12T11:00:00,54.1,0,,0,26.4,17.8,225,4.944444444,45,,,,,
14210,42.867,-78.831,2023-04-12T12:00:00,55,0,,0,24.2,18.2,216,5.055555556,36,,,,,
14210,42.867,-78.831,2023-04-12T13:00:00,57.7,0,,0,30.6,20,217,5.555555556,37,,,,,
14210,42.867,-78.831,2023-04-12T14:00:00,57.1,0,,0,33.9,23.2,224,6.444444444,44,,,,,
14210,42.867,-78.831,2023-04-12T15:00:00,58.6,0,,0,35.7,23.2,226,6.444444444,46,,,,,
14210,42.867,-78.831,2023-04-12T16:00:00,60.6,0,,0,28.8,20,227,5.555555556,47,,,,,
14210,42.867,-78.831,2023-04-12T17:00:00,61.1,0,,0,32.4,17,229,4.722222222,49,,,,,
14210,42.867,-78.831,2023-04-12T18:00:00,63.6,0,,0,37.5,20.3,238,5.638888889,58,,,,,
14210,42.867,-78.831,2023-04-12T19:00:00,62.5,0,,0,38.1,19.7,240,5.472222222,60,,,,,
14210,42.867,-78.831,2023-04-12T20:00:00,62.1,0,,0,28.4,18,239,5,59,,,,,
14210,42.867,-78.831,2023-04-12T21:00:00,61,0,,0,27.7,13.8,238,3.833333333,58,,,,,
14210,42.867,-78.831,2023-04-12T22:00:00,58.9,0,,0,29.3,11.9,229,3.305555556,49,,,,,
14210,42.867,-78.831,2023-04-12T23:00:00,57.1,0,,0,25.3,8.9,229,2.472222222,49,,,,,
14210,42.867,-78.831,2023-04-13T00:00:00,54.9,0,,0,18.3,9.6,221,2.666666667,41,,,,,
14210,42.867,-78.831,2023-04-13T01:00:00,55.6,0,,0,17.2,12.5,220,3.472222222,40,,,,,
14210,42.867,-78.831,2023-04-13T02:00:00,59.5,0,,0,28.7,15.6,236,4.333333333,56,,,,,
14210,42.867,-78.831,2023-04-13T03:00:00,58.4,0,,0,23,13.8,228,3.833333333,48,,,,,
14210,42.867,-78.831,2023-04-13T04:00:00,55.4,0,,0,21.9,14.1,219,3.916666667,39,,,,,
14210,42.867,-78.831,2023-04-13T05:00:00,53.6,0,,0,23,14.8,212,4.111111111,32,,,,,
14210,42.867,-78.831,2023-04-13T06:00:00,52.4,0,,0,25.1,16.6,220,4.611111111,40,,,,,
14210,42.867,-78.831,2023-04-13T07:00:00,52.5,0,,0,29.8,15.1,220,4.194444444,40,,,,,
14210,42.867,-78.831,2023-04-13T08:00:00,53,0,,0,27.7,17.7,220,4.916666667,40,,,,,
14210,42.867,-78.831,2023-04-13T09:00:00,55.3,0,,0,29.3,18.9,228,5.25,48,,,,,
14210,42.867,-78.831,2023-04-13T10:00:00,58.1,0,,0,31.5,19.9,219,5.527777778,39,,,,,
14210,42.867,-78.831,2023-04-13T11:00:00,61,0,,0,33.1,20.3,220,5.638888889,40,,,,,
14210,42.867,-78.831,2023-04-13T12:00:00,62.9,0,,0,36.8,25.9,227,7.194444444,47,,,,,
14210,42.867,-78.831,2023-04-13T13:00:00,63.8,0,,0,35.7,25.3,235,7.027777778,55,,,,,
14210,42.867,-78.831,2023-04-13T14:00:00,66.2,0,,0,31.3,16.7,227,4.638888889,47,,,,,
14210,42.867,-78.831,2023-04-13T15:00:00,64.9,0,,0,26.2,16.7,218,4.638888889,38,,,,,
14210,42.867,-78.831,2023-04-13T16:00:00,67.1,0,,0,30.9,17.1,223,4.75,43,,,,,
14210,42.867,-78.831,2023-04-13T17:00:00,66.4,0,,0,24.9,12.1,223,3.361111111,43,,,,,
14210,42.867,-78.831,2023-04-13T18:00:00,63.5,0,,0,33.1,12.8,230,3.555555556,50,,,,,
14210,42.867,-78.831,2023-04-13T19:00:00,61.6,0,,0,29,14.3,223,3.972222222,43,,,,,
14210,42.867,-78.831,2023-04-13T20:00:00,60,0,,0,15.7,11.8,220,3.277777778,40,,,,,
14210,42.867,-78.831,2023-04-13T21:00:00,57.7,0,,0,13.6,9.9,209,2.75,29,,,,,
14210,42.867,-78.831,2023-04-13T22:00:00,59,0,,0,11.6,9.2,216,2.555555556,36,,,,,
14210,42.867,-78.831,2023-04-13T23:00:00,58,0,,0,11.6,10.1,217,2.805555556,37,,,,,
14210,42.867,-78.831,2023-04-14T00:00:00,55.6,0,,0,9.8,8.5,207,2.361111111,27,,,,,
14210,42.867,-78.831,2023-04-14T01:00:00,55,0,,0,8.1,5,210,1.388888889,30,,,,,
14210,42.867,-78.831,2023-04-14T02:00:00,54.8,0,,0,6.3,5.5,201,1.527777778,21,,,,,
14210,42.867,-78.831,2023-04-14T03:00:00,56.2,0,,0,5.4,4.6,164,1.277777778,16,,,,,
14210,42.867,-78.831,2023-04-14T04:00:00,53,0,,0,5.4,4,132,1.111111111,48,,,,,
14210,42.867,-78.831,2023-04-14T05:00:00,54.7,0,,0,5.4,6.3,146,1.75,34,,,,,
14210,42.867,-78.831,2023-04-14T06:00:00,52.6,0,,0,5.4,4.9,141,1.361111111,39,,,,,
14210,42.867,-78.831,2023-04-14T07:00:00,51.4,0,,0,5.4,6.8,132,1.888888889,48,,,,,
14210,42.867,-78.831,2023-04-14T08:00:00,55,0,,0,5.4,4.9,151,1.361111111,29,,,,,
14210,42.867,-78.831,2023-04-14T09:00:00,62.1,0,,0,5.4,5.1,195,1.416666667,15,,,,,
14210,42.867,-78.831,2023-04-14T10:00:00,68.9,0,,0,7.2,9.7,226,2.694444444,46,,,,,
14210,42.867,-78.831,2023-04-14T11:00:00,72,0,,0,7.2,8.7,225,2.416666667,45,,,,,
14210,42.867,-78.831,2023-04-14T12:00:00,74.4,0,,0,7.2,9,233,2.5,53,,,,,
14210,42.867,-78.831,2023-04-14T13:00:00,76.3,0,,0,7.2,9.1,219,2.527777778,39,,,,,
14210,42.867,-78.831,2023-04-14T14:00:00,78.4,0,,0,7.2,7.4,212,2.055555556,32,,,,,
14210,42.867,-78.831,2023-04-14T15:00:00,80.7,0,,0,6.5,6.6,259,1.833333333,79,,,,,
14210,42.867,-78.831,2023-04-14T16:00:00,81.8,0,,0,9.2,5.4,200,1.5,20,,,,,
14210,42.867,-78.831,2023-04-14T17:00:00,81.9,0,,0,8.1,5.6,284,1.555555556,76,,,,,
14210,42.867,-78.831,2023-04-14T18:00:00,82.7,0,,0,8.1,3.9,1,1.083333333,1,,,,,
14210,42.867,-78.831,2023-04-14T19:00:00,79.6,0,,0,8.1,3.5,319,0.972222222,41,,,,,
14210,42.867,-78.831,2023-04-14T20:00:00,75.2,0,,0,6.9,6.6,33,1.833333333,33,,,,,
14210,42.867,-78.831,2023-04-14T21:00:00,70.5,0,,0,4.7,5.8,59,1.611111111,59,,,,,
14210,42.867,-78.831,2023-04-14T22:00:00,69.2,0,,0,4.7,5.4,80,1.5,80,,,,,
14210,42.867,-78.831,2023-04-14T23:00:00,66.2,0,,0,4.7,4.8,54,1.333333333,54,,,,,
14210,42.867,-78.831,2023-04-15T00:00:00,65.8,0,,0,4.7,6.3,80,1.75,80,,,,,
14210,42.867,-78.831,2023-04-15T01:00:00,64.6,0,,0,4.7,7.4,68,2.055555556,68,,,,,
14210,42.867,-78.831,2023-04-15T02:00:00,63.3,0,,0,4.7,5.3,60,1.472222222,60,,,,,
14210,42.867,-78.831,2023-04-15T03:00:00,61.4,0,,0,5.8,3.6,47,1,47,,,,,
14210,42.867,-78.831,2023-04-15T04:00:00,61.1,0,,0,5.8,3.7,54,1.027777778,54,,,,,
14210,42.867,-78.831,2023-04-15T05:00:00,60.3,0,,0,5.8,4.6,49,1.277777778,49,,,,,
14210,42.867,-78.831,2023-04-15T06:00:00,59.5,0,,0,5.8,3.9,30,1.083333333,30,,,,,
14210,42.867,-78.831,2023-04-15T07:00:00,59.2,0,,0,4.7,4.6,91,1.277777778,89,,,,,
14210,42.867,-78.831,2023-04-15T08:00:00,59.6,0,,0,4.7,6.6,47,1.833333333,47,,,,,
14210,42.867,-78.831,2023-04-15T09:00:00,64.5,0,,0,3.4,4.7,25,1.305555556,25,,,,,
14210,42.867,-78.831,2023-04-15T10:00:00,68.4,0,,0,3.4,3.8,41,1.055555556,41,,,,,
14210,42.867,-78.831,2023-04-15T11:00:00,72.1,0,,0,4.7,0.5,7,0.138888889,7,,,,,
14210,42.867,-78.831,2023-04-15T12:00:00,74.9,0,,0,12.8,6.4,350,1.777777778,10,,,,,
14210,42.867,-78.831,2023-04-15T13:00:00,77.6,0,,0,16.1,6.2,307,1.722222222,53,,,,,
14210,42.867,-78.831,2023-04-15T14:00:00,78,0,,0,17.2,5.2,2,1.444444444,2,,,,,
14210,42.867,-78.831,2023-04-15T15:00:00,78.7,0,,0,16.1,6.4,317,1.777777778,43,,,,,
14210,42.867,-78.831,2023-04-15T16:00:00,73.5,0,,0,15,9.6,231,2.666666667,51,,,,,
14210,42.867,-78.831,2023-04-15T17:00:00,68,0,,0,13.9,9.2,248,2.555555556,68,,,,,
14210,42.867,-78.831,2023-04-15T18:00:00,66,0,,0,8.1,10.6,231,2.944444444,51,,,,,
14210,42.867,-78.831,2023-04-15T19:00:00,65.5,0,,0,6.9,10.2,232,2.833333333,52,,,,,
14210,42.867,-78.831,2023-04-15T20:00:00,59.6,0,,0,9.2,8.2,210,2.277777778,30,,,,,
14210,42.867,-78.831,2023-04-15T21:00:00,57.4,0,,0,5.8,7.5,221,2.083333333,41,,,,,
14210,42.867,-78.831,2023-04-15T22:00:00,55.7,0,,0,4.7,3.5,170,0.972222222,10,,,,,
14210,42.867,-78.831,2023-04-15T23:00:00,55.3,0,,0,4.7,6.2,107,1.722222222,73,,,,,
14210,42.867,-78.831,2023-04-16T00:00:00,55.1,0,,0,3.4,9.5,238,2.638888889,58,,,,,
14210,42.867,-78.831,2023-04-16T01:00:00,55.8,0,,0,3.4,8.7,219,2.416666667,39,,,,,
14210,42.867,-78.831,2023-04-16T02:00:00,53,0,,0,3.4,4.9,163,1.361111111,17,,,,,
14210,42.867,-78.831,2023-04-16T03:00:00,52.9,0,,0,8.1,4.6,162,1.277777778,18,,,,,
14210,42.867,-78.831,2023-04-16T04:00:00,55.2,0,,0,6.9,6.2,159,1.722222222,21,,,,,
14210,42.867,-78.831,2023-04-16T05:00:00,54.5,0,,0,6.9,0.2,8,0.055555556,8,,,,,
14210,42.867,-78.831,2023-04-16T06:00:00,53.2,0,,0,5.8,3.3,134,0.916666667,46,,,,,
14210,42.867,-78.831,2023-04-16T07:00:00,53.3,0,,0,6.9,4,148,1.111111111,32,,,,,
14210,42.867,-78.831,2023-04-16T08:00:00,58.4,0,,0,6.9,4.1,111,1.138888889,69,,,,,
14210,42.867,-78.831,2023-04-16T09:00:00,64.7,0,,0,6.9,4.7,171,1.305555556,9,,,,,
14210,42.867,-78.831,2023-04-16T10:00:00,69.8,0,,0,8.1,6.8,203,1.888888889,23,,,,,
14210,42.867,-78.831,2023-04-16T11:00:00,73.4,0,,0,9.2,5,177,1.388888889,3,,,,,
14210,42.867,-78.831,2023-04-16T12:00:00,75.4,0,,0,6.9,3.6,262,1,82,,,,,
14210,42.867,-78.831,2023-04-16T13:00:00,79.3,0,,0,5.8,5.1,345,1.416666667,15,,,,,
14210,42.867,-78.831,2023-04-16T14:00:00,81.3,0,,0,8.1,3.6,328,1,32,,,,,
14210,42.867,-78.831,2023-04-16T15:00:00,82.4,0,,0,9.2,0.9,353,0.25,7,,,,,
14210,42.867,-78.831,2023-04-16T16:00:00,82.8,0,,0,9.2,8.9,101,2.472222222,79,,,,,
14210,42.867,-78.831,2023-04-16T17:00:00,81.9,0,,0,11.4,12.6,116,3.5,64,,,,,
14210,42.867,-78.831,2023-04-16T18:00:00,81.7,0,,0,12.8,11.9,113,3.305555556,67,,,,,
14210,42.867,-78.831,2023-04-16T19:00:00,79.8,0,,0,16.1,10.2,143,2.833333333,37,,,,,
14210,42.867,-78.831,2023-04-16T20:00:00,78.4,0.002,rain,0,18.3,8.3,135,2.305555556,45,,,,,
14210,42.867,-78.831,2023-04-16T21:00:00,52.5,0.182,rain,0,45.7,23.4,230,6.5,50,,,,,
14210,42.867,-78.831,2023-04-16T22:00:00,49.9,0.049,rain,0,38.2,27.7,230,7.694444444,50,,,,,
14210,42.867,-78.831,2023-04-16T23:00:00,47.6,0.109,rain,0,35.7,20.3,230,5.638888889,50,,,,,
14210,42.867,-78.831,2023-04-17T00:00:00,46.8,0.064,rain,0,33.6,19.9,230,5.527777778,50,,,,,
14210,42.867,-78.831,2023-04-17T01:00:00,45.5,0.01,rain,0,34.2,18.2,228,5.055555556,48,,,,,
14210,42.867,-78.831,2023-04-17T02:00:00,46.4,0,,0,29,16.6,231,4.611111111,51,,,,,
14210,42.867,-78.831,2023-04-17T03:00:00,46.4,0,,0,24.2,12.3,248,3.416666667,68,,,,,
14210,42.867,-78.831,2023-04-17T04:00:00,46.3,0,,0,27.5,12.8,240,3.555555556,60,,,,,
14210,42.867,-78.831,2023-04-17T05:00:00,45.3,0,,0,24.2,11.5,240,3.194444444,60,,,,,
14210,42.867,-78.831,2023-04-17T06:00:00,45.3,0,,0,20.8,13.2,230,3.666666667,50,,,,,
14210,42.867,-78.831,2023-04-17T07:00:00,44.4,0,,0,17.2,8.1,230,2.25,50,,,,,
14210,42.867,-78.831,2023-04-17T08:00:00,45.1,0,,0,13.9,6,209,1.666666667,29,,,,,
14210,42.867,-78.831,2023-04-17T09:00:00,43.3,0.01,rain,0,18.3,6.8,237,1.888888889,57,,,,,
14210,42.867,-78.831,2023-04-17T10:00:00,42.4,0.002,rain,0,16.1,4.9,187,1.361111111,7,,,,,
14210,42.867,-78.831,2023-04-17T11:00:00,46.3,0,,0,18.3,5.7,180,1.583333333,0,,,,,
14210,42.867,-78.831,2023-04-17T12:00:00,49.8,0,,0,20.8,13.5,203,3.75,23,,,,,
14210,42.867,-78.831,2023-04-17T13:00:00,49.6,0,,0,21.9,14.3,193,3.972222222,13,,,,,
14210,42.867,-78.831,2023-04-17T14:00:00,44.2,0,,0,33.2,19.1,248,5.305555556,68,,,,,
14210,42.867,-78.831,2023-04-17T15:00:00,44.3,0.01,rain,0,25.7,16.2,247,4.5,67,,,,,
14210,42.867,-78.831,2023-04-17T16:00:00,41.4,0,,0,25.3,14.8,239,4.111111111,59,,,,,
14210,42.867,-78.831,2023-04-17T17:00:00,39.9,0.044,rain,0,27.1,17.9,231,4.972222222,51,,,,,
14210,42.867,-78.831,2023-04-17T18:00:00,38.3,0.031,rain,0,30.7,14.9,236,4.138888889,56,,,,,
14210,42.867,-78.831,2023-04-17T19:00:00,38.3,0.005,rain,0,36.4,21.7,238,6.027777778,58,,,,,
14210,42.867,-78.831,2023-04-17T20:00:00,39,0,,0,40.5,21.1,239,5.861111111,59,,,,,
14210,42.867,-78.831,2023-04-17T21:00:00,38.1,0,,0,37.5,19.5,238,5.416666667,58,,,,,
14210,42.867,-78.831,2023-04-17T22:00:00,38.2,0,,0,35.6,19.7,230,5.472222222,50,,,,,
14210,42.867,-78.831,2023-04-17T23:00:00,39.1,0,,0,35,17.3,231,4.805555556,51,,,,,
14210,42.867,-78.831,2023-04-18T00:00:00,36.5,0,,0,27.8,14.3,213,3.972222222,33,,,,,
14210,42.867,-78.831,2023-04-18T01:00:00,39,0.001,rain,0,34.9,17.2,224,4.777777778,44,,,,,
14210,42.867,-78.831,2023-04-18T02:00:00,39.1,0.001,rain,0,34.4,22,232,6.111111111,52,,,,,
14210,42.867,-78.831,2023-04-18T03:00:00,39,0,,0,34.8,19.8,241,5.5,61,,,,,
14210,42.867,-78.831,2023-04-18T04:00:00,39,0,,0,30.5,17.3,241,4.805555556,61,,,,,
14210,42.867,-78.831,2023-04-18T05:00:00,38.9,0,,0,30.5,17.9,242,4.972222222,62,,,,,
14210,42.867,-78.831,2023-04-18T06:00:00,37.3,0.005,rain,0,29.4,17.4,258,4.833333333,78,,,,,
14210,42.867,-78.831,2023-04-18T07:00:00,35.6,0.021,"rain,snow",0,28.9,12.4,265,3.444444444,85,,,,,
14210,42.867,-78.831,2023-04-18T08:00:00,37.4,0,,0,24.2,13.2,268,3.666666667,88,,,,,
14210,42.867,-78.831,2023-04-18T09:00:00,37.4,0.01,rain,0,24.5,14.1,275,3.916666667,85,,,,,
14210,42.867,-78.831,2023-04-18T10:00:00,37.6,0.01,rain,0,23.6,14.6,259,4.055555556,79,,,,,
14210,42.867,-78.831,2023-04-18T11:00:00,39.3,0,,0,24.6,16.2,251,4.5,71,,,,,
14210,42.867,-78.831,2023-04-18T12:00:00,39.2,0,,0,36.3,21,245,5.833333333,65,,,,,
14210,42.867,-78.831,2023-04-18T13:00:00,38.6,0,,0,32.7,19.5,242,5.416666667,62,,,,,
14210,42.867,-78.831,2023-04-18T14:00:00,39.2,0,,0,36.8,22.9,248,6.361111111,68,,,,,
14210,42.867,-78.831,2023-04-18T15:00:00,39,0,,0,39.4,25.5,234,7.083333333,54,,,,,
14210,42.867,-78.831,2023-04-18T16:00:00,37.6,0,,0,35.5,21.6,243,6,63,,,,,
14210,42.867,-78.831,2023-04-18T17:00:00,36.2,0,,0,36.1,16.5,261,4.583333333,81,,,,,
14210,42.867,-78.831,2023-04-18T18:00:00,37.4,0,,0,31.1,16.9,258,4.694444444,78,,,,,
14210,42.867,-78.831,2023-04-18T19:00:00,37.5,0,,0,26,15.5,242,4.305555556,62,,,,,
14210,42.867,-78.831,2023-04-18T20:00:00,38.2,0,,0,29.9,13.4,252,3.722222222,72,,,,,
14210,42.867,-78.831,2023-04-18T21:00:00,37.9,0,,0,24.2,14.4,260,4,80,,,,,
14210,42.867,-78.831,2023-04-18T22:00:00,37.1,0,,0,30.9,15.9,270,4.416666667,90,,,,,
14210,42.867,-78.831,2023-04-18T23:00:00,36.3,0,,0,20.8,13.2,252,3.666666667,72,,,,,
14210,42.867,-78.831,2023-04-19T00:00:00,36.3,0,,0,24.2,13.2,259,3.666666667,79,,,,,
14210,42.867,-78.831,2023-04-19T01:00:00,37.3,0,,0,25.3,15.3,261,4.25,81,,,,,
14210,42.867,-78.831,2023-04-19T02:00:00,37.3,0,,0,23,12.8,261,3.555555556,81,,,,,
14210,42.867,-78.831,2023-04-19T03:00:00,37.3,0,,0,21.5,13.1,270,3.638888889,90,,,,,
14210,42.867,-78.831,2023-04-19T04:00:00,37.2,0,,0,27,19,273,5.277777778,87,,,,,
14210,42.867,-78.831,2023-04-19T05:00:00,37.1,0,,0,30.5,18.9,290,5.25,70,,,,,
14210,42.867,-78.831,2023-04-19T06:00:00,36.1,0,,0,29.9,16.3,287,4.527777778,73,,,,,
14210,42.867,-78.831,2023-04-19T07:00:00,36.2,0,,0,23.9,12.8,262,3.555555556,82,,,,,
14210,42.867,-78.831,2023-04-19T08:00:00,36.1,0,,0,26.4,17,271,4.722222222,89,,,,,
14210,42.867,-78.831,2023-04-19T09:00:00,36,0,,0,27.7,15.2,283,4.222222222,77,,,,,
14210,42.867,-78.831,2023-04-19T10:00:00,36.3,0,,0,24.6,15.1,282,4.194444444,78,,,,,
14210,42.867,-78.831,2023-04-19T11:00:00,37.4,0,,0,21.9,14,275,3.888888889,85,,,,,
14210,42.867,-78.831,2023-04-19T12:00:00,38.5,0,,0,24.2,13,273,3.611111111,87,,,,,
14210,42.867,-78.831,2023-04-19T13:00:00,40.1,0,,0,26.4,9.3,271,2.583333333,89,,,,,
14210,42.867,-78.831,2023-04-19T14:00:00,41.7,0,,0,23.7,14.6,226,4.055555556,46,,,,,
14210,42.867,-78.831,2023-04-19T15:00:00,41.6,0,,0,25.3,12.9,242,3.583333333,62,,,,,
14210,42.867,-78.831,2023-04-19T16:00:00,42.8,0,,0,25.3,15.5,238,4.305555556,58,,,,,
14210,42.867,-78.831,2023-04-19T17:00:00,44.2,0,,0,23,13,214,3.611111111,34,,,,,
14210,42.867,-78.831,2023-04-19T18:00:00,45.1,0,,0,20.8,10.9,212,3.027777778,32,,,,,
14210,42.867,-78.831,2023-04-19T19:00:00,44.4,0,,0,16.1,6,224,1.666666667,44,,,,,
14210,42.867,-78.831,2023-04-19T20:00:00,42.4,0,,0,6.9,3.8,243,1.055555556,63,,,,,
14210,42.867,-78.831,2023-04-19T21:00:00,42.5,0,,0,4.7,3.8,207,1.055555556,27,,,,,
14210,42.867,-78.831,2023-04-19T22:00:00,43.2,0,,0,3.4,0.8,321,0.222222222,39,,,,,
14210,42.867,-78.831,2023-04-19T23:00:00,43.1,0,,0,3.4,0.6,323,0.166666667,37,,,,,
14210,42.867,-78.831,2023-04-20T00:00:00,44,0,,0,3.4,0.5,33,0.138888889,33,,,,,
14210,42.867,-78.831,2023-04-20T01:00:00,44.1,0,,0,4.7,3.3,41,0.916666667,41,,,,,
14210,42.867,-78.831,2023-04-20T02:00:00,43.3,0,,0,17.2,7.8,55,2.166666667,55,,,,,
14210,42.867,-78.831,2023-04-20T03:00:00,43.2,0,,0,21.9,5.3,43,1.472222222,43,,,,,
14210,42.867,-78.831,2023-04-20T04:00:00,42.3,0,,0,26.4,9.7,61,2.694444444,61,,,,,
14210,42.867,-78.831,2023-04-20T05:00:00,42.2,0,,0,13.9,11.6,60,3.222222222,60,,,,,
14210,42.867,-78.831,2023-04-20T06:00:00,42.2,0,,0,24.2,10.3,50,2.861111111,50,,,,,
14210,42.867,-78.831,2023-04-20T07:00:00,41,0,,0,24.2,11.4,53,3.166666667,53,,,,,
14210,42.867,-78.831,2023-04-20T08:00:00,41,0.01,rain,0,16.1,9.6,69,2.666666667,69,,,,,
14210,42.867,-78.831,2023-04-20T09:00:00,41.3,0,,0,19.5,12.8,55,3.555555556,55,,,,,
14210,42.867,-78.831,2023-04-20T10:00:00,45.4,0,,0,23,16,71,4.444444444,71,,,,,
14210,42.867,-78.831,2023-04-20T11:00:00,51.1,0,,0,13.9,10.6,69,2.944444444,69,,,,,
14210,42.867,-78.831,2023-04-20T12:00:00,54.9,0,,0,24.2,12.3,76,3.416666667,76,,,,,
14210,42.867,-78.831,2023-04-20T13:00:00,57.4,0,,0,24.2,13,61,3.611111111,61,,,,,
14210,42.867,-78.831,2023-04-20T14:00:00,58.8,0,,0,12.8,13.1,44,3.638888889,44,,,,,
14210,42.867,-78.831,2023-04-20T15:00:00,61.5,0,,0,20.1,12.4,62,3.444444444,62,,,,,
14210,42.867,-78.831,2023-04-20T16:00:00,63.5,0,,0,31.1,11.1,79,3.083333333,79,,,,,
14210,42.867,-78.831,2023-04-20T17:00:00,63.5,0,,0,16.1,16.8,54,4.666666667,54,,,,,
14210,42.867,-78.831,2023-04-20T18:00:00,62.2,0,,0,31.1,14.5,56,4.027777778,56,,,,,
14210,42.867,-78.831,2023-04-20T19:00:00,57.3,0,,0,28.6,14.8,30,4.111111111,30,,,,,
14210,42.867,-78.831,2023-04-20T20:00:00,54.4,0,,0,11.4,14,52,3.888888889,52,,,,,
14210,42.867,-78.831,2023-04-20T21:00:00,50.9,0,,0,25.3,10.5,73,2.916666667,73,,,,,
14210,42.867,-78.831,2023-04-20T22:00:00,51.9,0,,0,8.1,12.4,99,3.444444444,81,,,,,
14210,42.867,-78.831,2023-04-20T23:00:00,51.8,0,,0,6.9,9,53,2.5,53,,,,,
14210,42.867,-78.831,2023-04-21T00:00:00,51.5,0,,0,23,9.4,39,2.611111111,39,,,,,
14210,42.867,-78.831,2023-04-21T01:00:00,49.6,0,,0,23,10.1,25,2.805555556,25,,,,,
14210,42.867,-78.831,2023-04-21T02:00:00,47.8,0,,0,6.9,7.2,44,2,44,,,,,
14210,42.867,-78.831,2023-04-21T03:00:00,46.9,0,,0,26.4,6,38,1.666666667,38,,,,,
14210,42.867,-78.831,2023-04-21T04:00:00,47,0,,0,24.2,6.8,40,1.888888889,40,,,,,
14210,42.867,-78.831,2023-04-21T05:00:00,47.6,0,,0,8.1,4.7,86,1.305555556,86,,,,,
14210,42.867,-78.831,2023-04-21T06:00:00,46.8,0,,0,8.1,4.5,37,1.25,37,,,,,
14210,42.867,-78.831,2023-04-21T07:00:00,46.9,0,,0,8.1,3.4,51,0.944444444,51,,,,,
14210,42.867,-78.831,2023-04-21T08:00:00,55,0,,0,9.2,4,139,1.111111111,41,,,,,
14210,42.867,-78.831,2023-04-21T09:00:00,61.5,0,,0,10.3,5.6,224,1.555555556,44,,,,,
14210,42.867,-78.831,2023-04-21T10:00:00,70.6,0,,0,20.8,9.3,240,2.583333333,60,,,,,
14210,42.867,-78.831,2023-04-21T11:00:00,72.3,0,,0,27.7,16.3,224,4.527777778,44,,,,,
14210,42.867,-78.831,2023-04-21T12:00:00,73.5,0,,0,12.8,12.7,241,3.527777778,61,,,,,
14210,42.867,-78.831,2023-04-21T13:00:00,74,0,,0,15,12.8,274,3.555555556,86,,,,,
14210,42.867,-78.831,2023-04-21T14:00:00,75.6,0,,0,26.4,9,253,2.5,73,,,,,
14210,42.867,-78.831,2023-04-21T15:00:00,72.9,0,,0,19.5,10.6,255,2.944444444,75,,,,,
14210,42.867,-78.831,2023-04-21T16:00:00,69.4,0,,0,12.8,10.3,237,2.861111111,57,,,,,
14210,42.867,-78.831,2023-04-21T17:00:00,62.3,0,,0,11.4,15.5,229,4.305555556,49,,,,,
14210,42.867,-78.831,2023-04-21T18:00:00,61.1,0,,0,26,12.5,231,3.472222222,51,,,,,
14210,42.867,-78.831,2023-04-21T19:00:00,59.8,0,,0,19.5,6.8,262,1.888888889,82,,,,,
14210,42.867,-78.831,2023-04-21T20:00:00,58,0,,0,19.7,5.8,255,1.611111111,75,,,,,
14210,42.867,-78.831,2023-04-21T21:00:00,56.3,0,,0,9.2,5.8,228,1.611111111,48,,,,,
14210,42.867,-78.831,2023-04-21T22:00:00,56.5,0,,0,9.2,9.8,337,2.722222222,23,,,,,
14210,42.867,-78.831,2023-04-21T23:00:00,54.8,0,,0,10.3,6.8,52,1.888888889,52,,,,,
14210,42.867,-78.831,2023-04-22T00:00:00,53.7,0,,0,11.4,6,4,1.666666667,4,,,,,
14210,42.867,-78.831,2023-04-22T01:00:00,52.1,0.017,rain,0,11.4,4.9,29,1.361111111,29,,,,,
14210,42.867,-78.831,2023-04-22T02:00:00,51.9,0,,0,11.4,6.1,76,1.694444444,76,,,,,
14210,42.867,-78.831,2023-04-22T03:00:00,51.8,0,,0,10.3,5.8,66,1.611111111,66,,,,,
14210,42.867,-78.831,2023-04-22T04:00:00,52.4,0.017,rain,0,11.4,3.7,36,1.027777778,36,,,,,
14210,42.867,-78.831,2023-04-22T05:00:00,52.4,0.033,rain,0,11.4,3.7,336,1.027777778,24,,,,,
14210,42.867,-78.831,2023-04-22T06:00:00,52.5,0.171,rain,0,8.1,11.4,286,3.166666667,74,,,,,
14210,42.867,-78.831,2023-04-22T07:00:00,53.7,0.144,rain,0,9.2,9.1,76,2.527777778,76,,,,,
14210,42.867,-78.831,2023-04-22T08:00:00,55,0,,0,9.2,11.1,74,3.083333333,74,,,,,
14210,42.867,-78.831,2023-04-22T09:00:00,56.8,0,,0,11.4,13.3,73,3.694444444,73,,,,,
14210,42.867,-78.831,2023-04-22T10:00:00,57.4,0,,0,38,9.9,68,2.75,68,,,,,
14210,42.867,-78.831,2023-04-22T11:00:00,59.7,0,,0,18.3,8.4,57,2.333333333,57,,,,,
14210,42.867,-78.831,2023-04-22T12:00:00,63.2,0.007,rain,0,42.9,22.9,220,6.361111111,40,,,,,
14210,42.867,-78.831,2023-04-22T13:00:00,52,0.011,rain,0,40.2,22.2,224,6.166666667,44,,,,,
14210,42.867,-78.831,2023-04-22T14:00:00,48.7,0.026,rain,0,40.3,21.4,221,5.944444444,41,,,,,
14210,42.867,-78.831,2023-04-22T15:00:00,45.7,0,,0,44,27.8,218,7.722222222,38,,,,,
14210,42.867,-78.831,2023-04-22T16:00:00,46.8,0,,0,39.6,22.1,219,6.138888889,39,,,,,
14210,42.867,-78.831,2023-04-22T17:00:00,46.7,0,,0,32,17.8,230,4.944444444,50,,,,,
14210,42.867,-78.831,2023-04-22T18:00:00,45.5,0,,0,26.8,12.7,227,3.527777778,47,,,,,
14210,42.867,-78.831,2023-04-22T19:00:00,47.2,0,,0,18.3,12.8,219,3.555555556,39,,,,,
14210,42.867,-78.831,2023-04-22T20:00:00,46.4,0,,0,15,10.3,227,2.861111111,47,,,,,
14210,42.867,-78.831,2023-04-22T21:00:00,46.3,0,,0,13.9,10.4,219,2.888888889,39,,,,,
14210,42.867,-78.831,2023-04-22T22:00:00,46.3,0,,0,12.8,10.1,218,2.805555556,38,,,,,
14210,42.867,-78.831,2023-04-22T23:00:00,46.4,0,,0,13.9,11.7,229,3.25,49,,,,,
14210,42.867,-78.831,2023-04-23T00:00:00,47,0,,0,13.9,9.7,213,2.694444444,33,,,,,
14210,42.867,-78.831,2023-04-23T01:00:00,47,0,,0,13.9,10.6,221,2.944444444,41,,,,,
14210,42.867,-78.831,2023-04-23T02:00:00,45.9,0,,0,26.4,15.5,235,4.305555556,55,,,,,
14210,42.867,-78.831,2023-04-23T03:00:00,44,0,,0,20.8,12,221,3.333333333,41,,,,,
14210,42.867,-78.831,2023-04-23T04:00:00,42.4,0,,0,13.9,10.6,211,2.944444444,31,,,,,
14210,42.867,-78.831,2023-04-23T05:00:00,42.2,0,,0,13.9,8,220,2.222222222,40,,,,,
14210,42.867,-78.831,2023-04-23T06:00:00,42.4,0,,0,17.2,11.2,220,3.111111111,40,,,,,
14210,42.867,-78.831,2023-04-23T07:00:00,42.3,0,,0,16.1,13.3,220,3.694444444,40,,,,,
14210,42.867,-78.831,2023-04-23T08:00:00,42.5,0,,0,20.8,11.4,239,3.166666667,59,,,,,
14210,42.867,-78.831,2023-04-23T09:00:00,43.3,0,,0,23,13.8,242,3.833333333,62,,,,,
14210,42.867,-78.831,2023-04-23T10:00:00,43.3,0,,0,21.9,13.9,236,3.861111111,56,,,,,
14210,42.867,-78.831,2023-04-23T11:00:00,44.4,0,,0,23,12.4,234,3.444444444,54,,,,,
14210,42.867,-78.831,2023-04-23T12:00:00,43.9,0,,0,23,14.6,224,4.055555556,44,,,,,
14210,42.867,-78.831,2023-04-23T13:00:00,44.7,0,,0,24.9,13.9,238,3.861111111,58,,,,,
14210,42.867,-78.831,2023-04-23T14:00:00,43.7,0,,0,28.4,17.9,236,4.972222222,56,,,,,
14210,42.867,-78.831,2023-04-23T15:00:00,45.2,0,,0,29.1,18.9,228,5.25,48,,,,,
14210,42.867,-78.831,2023-04-23T16:00:00,45.4,0,,0,27.5,16.7,232,4.638888889,52,,,,,
14210,42.867,-78.831,2023-04-23T17:00:00,44.4,0,,0,29.8,18.3,224,5.083333333,44,,,,,
14210,42.867,-78.831,2023-04-23T18:00:00,44.3,0,,0,26.2,16.8,247,4.666666667,67,,,,,
14210,42.867,-78.831,2023-04-23T19:00:00,43.4,0,,0,23.9,12.7,242,3.527777778,62,,,,,
14210,42.867,-78.831,2023-04-23T20:00:00,42.6,0,,0,20.8,11.9,232,3.305555556,52,,,,,
14210,42.867,-78.831,2023-04-23T21:00:00,42.5,0,,0,17.2,9.3,233,2.583333333,53,,,,,
14210,42.867,-78.831,2023-04-23T22:00:00,42.5,0,,0,15,8.2,234,2.277777778,54,,,,,
14210,42.867,-78.831,2023-04-23T23:00:00,42.2,0,,0,13.9,6.5,234,1.805555556,54,,,,,
14210,42.867,-78.831,2023-04-24T00:00:00,42.3,0,,0,13.9,7.7,228,2.138888889,48,,,,,
14210,42.867,-78.831,2023-04-24T01:00:00,42.3,0,,0,13.9,10.6,231,2.944444444,51,,,,,
14210,42.867,-78.831,2023-04-24T02:00:00,42.3,0,,0,15,8.8,249,2.444444444,69,,,,,
14210,42.867,-78.831,2023-04-24T03:00:00,42.1,0,,0,16.1,7.8,232,2.166666667,52,,,,,
14210,42.867,-78.831,2023-04-24T04:00:00,40,0,,0,16.1,5.6,261,1.555555556,81,,,,,
14210,42.867,-78.831,2023-04-24T05:00:00,39.9,0,,0,15,3.6,242,1,62,,,,,
14210,42.867,-78.831,2023-04-24T06:00:00,40.8,0,,0,12.8,7.3,225,2.027777778,45,,,,,
14210,42.867,-78.831,2023-04-24T07:00:00,40,0,,0,17.2,10.2,213,2.833333333,33,,,,,
14210,42.867,-78.831,2023-04-24T08:00:00,41.2,0,,0,9.2,6.8,238,1.888888889,58,,,,,
14210,42.867,-78.831,2023-04-24T09:00:00,41.6,0,,0,11.4,11.7,270,3.25,90,,,,,
14210,42.867,-78.831,2023-04-24T10:00:00,42.6,0.01,rain,0,16.1,7.6,241,2.111111111,61,,,,,
14210,42.867,-78.831,2023-04-24T11:00:00,43.1,0,,0,17.2,11.5,235,3.194444444,55,,,,,
14210,42.867,-78.831,2023-04-24T12:00:00,44.2,0,,0,18.3,12.2,250,3.388888889,70,,,,,
14210,42.867,-78.831,2023-04-24T13:00:00,40.8,0,,0,23,12,322,3.333333333,38,,,,,
14210,42.867,-78.831,2023-04-24T14:00:00,41.9,0.006,rain,0,23,10.2,279,2.833333333,81,,,,,
14210,42.867,-78.831,2023-04-24T15:00:00,39.2,0.018,rain,0,20.8,8.9,294,2.472222222,66,,,,,
14210,42.867,-78.831,2023-04-24T16:00:00,40,0.043,rain,0,24.2,3.8,222,1.055555556,42,,,,,
14210,42.867,-78.831,2023-04-24T17:00:00,40.3,0.068,rain,0,25.3,7.8,288,2.166666667,72,,,,,
14210,42.867,-78.831,2023-04-24T18:00:00,41.4,0.049,rain,0,23,6.6,298,1.833333333,62,,,,,
14210,42.867,-78.831,2023-04-24T19:00:00,39.5,0.017,rain,0,30,8.6,227,2.388888889,47,,,,,
14210,42.867,-78.831,2023-04-24T20:00:00,40.7,0,,0,17.2,7.8,271,2.166666667,89,,,,,
14210,42.867,-78.831,2023-04-24T21:00:00,38.3,0,,0,16.1,3.6,269,1,89,,,,,
14210,42.867,-78.831,2023-04-24T22:00:00,39.9,0.002,rain,0,13.9,8.7,240,2.416666667,60,,,,,
14210,42.867,-78.831,2023-04-24T23:00:00,39.8,0.012,rain,0,13.9,8.8,232,2.444444444,52,,,,,
14210,42.867,-78.831,2023-04-25T00:00:00,39.8,0,,0,12.8,10.3,241,2.861111111,61,,,,,
14210,42.867,-78.831,2023-04-25T01:00:00,39.7,0,,0,11.4,7.6,277,2.111111111,83,,,,,
14210,42.867,-78.831,2023-04-25T02:00:00,39.7,0,,0,11.4,8.7,271,2.416666667,89,,,,,
14210,42.867,-78.831,2023-04-25T03:00:00,38.9,0,,0,16.1,5.6,269,1.555555556,89,,,,,
14210,42.867,-78.831,2023-04-25T04:00:00,38.9,0,,0,13.9,6.6,256,1.833333333,76,,,,,
14210,42.867,-78.831,2023-04-25T05:00:00,38.9,0,,0,12.8,4.8,251,1.333333333,71,,,,,
14210,42.867,-78.831,2023-04-25T06:00:00,38.9,0,,0,12.8,5.7,185,1.583333333,5,,,,,
14210,42.867,-78.831,2023-04-25T07:00:00,38.8,0,,0,12.8,9.4,207,2.611111111,27,,,,,
14210,42.867,-78.831,2023-04-25T08:00:00,40.3,0,,0,16.1,10.1,195,2.805555556,15,,,,,
14210,42.867,-78.831,2023-04-25T09:00:00,43.3,0,,0,20.8,14.4,230,4,50,,,,,
14210,42.867,-78.831,2023-04-25T10:00:00,44.5,0.002,rain,0,33.3,11.5,230,3.194444444,50,,,,,
14210,42.867,-78.831,2023-04-25T11:00:00,41.5,0.009,rain,0,32.1,9,305,2.5,55,,,,,
14210,42.867,-78.831,2023-04-25T12:00:00,47,0,,0,25.8,15.9,237,4.416666667,57,,,,,
14210,42.867,-78.831,2023-04-25T13:00:00,47.7,0,,0,28.8,19.3,241,5.361111111,61,,,,,
14210,42.867,-78.831,2023-04-25T14:00:00,49,0,,0,27.7,15.8,240,4.388888889,60,,,,,
14210,42.867,-78.831,2023-04-25T15:00:00,48.6,0,,0,28.4,16.1,233,4.472222222,53,,,,,
14210,42.867,-78.831,2023-04-25T16:00:00,47.7,0,,0,25.8,16,256,4.444444444,76,,,,,
14210,42.867,-78.831,2023-04-25T17:00:00,48.7,0,,0,19.7,11.2,270,3.111111111,90,,,,,
14210,42.867,-78.831,2023-04-25T18:00:00,45.4,0,,0,27,17.1,232,4.75,52,,,,,
14210,42.867,-78.831,2023-04-25T19:00:00,44.5,0,,0,9.2,13.7,239,3.805555556,59,,,,,
14210,42.867,-78.831,2023-04-25T20:00:00,43.2,0,,0,8.1,11.3,238,3.138888889,58,,,,,
14210,42.867,-78.831,2023-04-25T21:00:00,41.3,0.001,rain,0,6.9,6.4,227,1.777777778,47,,,,,
14210,42.867,-78.831,2023-04-25T22:00:00,41.2,0.01,rain,0,6.9,6.3,191,1.75,11,,,,,
14210,42.867,-78.831,2023-04-25T23:00:00,40,0.011,rain,0,5.8,7.8,189,2.166666667,9,,,,,
14210,42.867,-78.831,2023-04-26T00:00:00,39.1,0.038,rain,0,5.8,8.8,201,2.444444444,21,,,,,
14210,42.867,-78.831,2023-04-26T01:00:00,38.5,0.089,rain,0,5.8,4.3,244,1.194444444,64,,,,,
14210,42.867,-78.831,2023-04-26T02:00:00,39.1,0.031,rain,0,5.8,0.9,316,0.25,44,,,,,
14210,42.867,-78.831,2023-04-26T03:00:00,37.4,0.062,rain,0,2.2,6.5,154,1.805555556,26,,,,,
14210,42.867,-78.831,2023-04-26T04:00:00,35.8,0.016,rain,0,2.2,5.5,190,1.527777778,10,,,,,
14210,42.867,-78.831,2023-04-26T05:00:00,36.6,0,,0,2.2,3.5,208,0.972222222,28,,,,,
14210,42.867,-78.831,2023-04-26T06:00:00,37.4,0,,0,2.2,0.5,331,0.138888889,29,,,,,
14210,42.867,-78.831,2023-04-26T07:00:00,37.6,0,,0,3.4,3.5,167,0.972222222,13,,,,,
14210,42.867,-78.831,2023-04-26T08:00:00,38.6,0,,0,3.4,0.8,327,0.222222222,33,,,,,
14210,42.867,-78.831,2023-04-26T09:00:00,40.2,0,,0,4.7,2.9,360,0.805555556,0,,,,,
14210,42.867,-78.831,2023-04-26T10:00:00,41.3,0,,0,4.7,4.8,280,1.333333333,80,,,,,
14210,42.867,-78.831,2023-04-26T11:00:00,43.4,0,,0,5.8,6.6,272,1.833333333,88,,,,,
14210,42.867,-78.831,2023-04-26T12:00:00,44.7,0,,0,6.9,6.9,261,1.916666667,81,,,,,
14210,42.867,-78.831,2023-04-26T13:00:00,47.2,0,,0,9.2,3.9,304,1.083333333,56,,,,,
14210,42.867,-78.831,2023-04-26T14:00:00,48.3,0,,0,10.3,8.2,252,2.277777778,72,,,,,
14210,42.867,-78.831,2023-04-26T15:00:00,49.2,0,,0,11.4,8,289,2.222222222,71,,,,,
14210,42.867,-78.831,2023-04-26T16:00:00,50,0,,0,10.3,6.4,313,1.777777778,47,,,,,
14210,42.867,-78.831,2023-04-26T17:00:00,50,0,,0,10.3,8.5,262,2.361111111,82,,,,,
14210,42.867,-78.831,2023-04-26T18:00:00,49.9,0,,0,8.1,6.7,286,1.861111111,74,,,,,
14210,42.867,-78.831,2023-04-26T19:00:00,47.9,0,,0,6.9,10,234,2.777777778,54,,,,,
14210,42.867,-78.831,2023-04-26T20:00:00,46.2,0,,0,6.9,7.8,254,2.166666667,74,,,,,
14210,42.867,-78.831,2023-04-26T21:00:00,45.2,0,,0,6.9,6,254,1.666666667,74,,,,,
14210,42.867,-78.831,2023-04-26T22:00:00,43.1,0,,0,5.8,6.7,225,1.861111111,45,,,,,
14210,42.867,-78.831,2023-04-26T23:00:00,42.1,0,,0,5.8,4.6,188,1.277777778,8,,,,,
14210,42.867,-78.831,2023-04-27T00:00:00,39.9,0,,0,5.8,4,144,1.111111111,36,,,,,
14210,42.867,-78.831,2023-04-27T01:00:00,38.1,0,,0,4.7,6.3,165,1.75,15,,,,,
14210,42.867,-78.831,2023-04-27T02:00:00,37.3,0,,0,4.7,5.8,114,1.611111111,66,,,,,
14210,42.867,-78.831,2023-04-27T03:00:00,36.4,0,,0,3.4,2.9,164,0.805555556,16,,,,,
14210,42.867,-78.831,2023-04-27T04:00:00,35.1,0,,0,3.4,5.5,122,1.527777778,58,,,,,
14210,42.867,-78.831,2023-04-27T05:00:00,35.1,0,,0,2.2,2.8,114,0.777777778,66,,,,,
14210,42.867,-78.831,2023-04-27T06:00:00,33.2,0,,0,2.2,0.1,358,0.027777778,2,,,,,
14210,42.867,-78.831,2023-04-27T07:00:00,34.1,0,,0,2.2,4,112,1.111111111,68,,,,,
14210,42.867,-78.831,2023-04-27T08:00:00,38.2,0,,0,2.2,0.1,360,0.027777778,0,,,,,
14210,42.867,-78.831,2023-04-27T09:00:00,43.2,0,,0,1.1,0.1,6,0.027777778,6,,,,,
14210,42.867,-78.831,2023-04-27T10:00:00,47.9,0,,0,2.2,3.3,166,0.916666667,14,,,,,
14210,42.867,-78.831,2023-04-27T11:00:00,50.3,0,,0,2.2,1.1,23,0.305555556,23,,,,,
14210,42.867,-78.831,2023-04-27T12:00:00,52.9,0,,0,5.8,6.8,41,1.888888889,41,,,,,
14210,42.867,-78.831,2023-04-27T13:00:00,53.9,0,,0,4.7,3.6,116,1,64,,,,,
14210,42.867,-78.831,2023-04-27T14:00:00,55.9,0,,0,3.4,7.9,103,2.194444444,77,,,,,
14210,42.867,-78.831,2023-04-27T15:00:00,57.6,0,,0,6.9,9.4,63,2.611111111,63,,,,,
14210,42.867,-78.831,2023-04-27T16:00:00,58.4,0,,0,8.1,10,46,2.777777778,46,,,,,
14210,42.867,-78.831,2023-04-27T17:00:00,60.1,0,,0,10.3,6.5,23,1.805555556,23,,,,,
14210,42.867,-78.831,2023-04-27T18:00:00,57.3,0,,0,21.9,16.1,38,4.472222222,38,,,,,
14210,42.867,-78.831,2023-04-27T19:00:00,53.8,0,,0,21.3,16.3,32,4.527777778,32,,,,,
14210,42.867,-78.831,2023-04-27T20:00:00,51.6,0,,0,15,14.4,41,4,41,,,,,
14210,42.867,-78.831,2023-04-27T21:00:00,49.4,0,,0,23,12.2,50,3.388888889,50,,,,,
14210,42.867,-78.831,2023-04-27T22:00:00,46.9,0,,0,20.8,11.2,61,3.111111111,61,,,,,
14210,42.867,-78.831,2023-04-27T23:00:00,46.2,0,,0,11.4,11.3,71,3.138888889,71,,,,,
14210,42.867,-78.831,2023-04-28T00:00:00,46.1,0,,0,10.3,8.3,82,2.305555556,82,,,,,
14210,42.867,-78.831,2023-04-28T01:00:00,44.8,0,,0,10.3,5.3,82,1.472222222,82,,,,,
14210,42.867,-78.831,2023-04-28T02:00:00,43.9,0,,0,10.3,8.3,72,2.305555556,72,,,,,
14210,42.867,-78.831,2023-04-28T03:00:00,43.6,0,,0,10.3,6.8,72,1.888888889,72,,,,,
14210,42.867,-78.831,2023-04-28T04:00:00,46.2,0,,0,11.4,7.5,105,2.083333333,75,,,,,
14210,42.867,-78.831,2023-04-28T05:00:00,48.6,0,,0,12.8,9.6,123,2.666666667,57,,,,,
14210,42.867,-78.831,2023-04-28T06:00:00,48.8,0,,0,13.9,8.4,113,2.333333333,67,,,,,
14210,42.867,-78.831,2023-04-28T07:00:00,49.9,0,,0,15,8.2,129,2.277777778,51,,,,,
14210,42.867,-78.831,2023-04-28T08:00:00,51.6,0,,0,18.3,5.7,105,1.583333333,75,,,,,
14210,42.867,-78.831,2023-04-28T09:00:00,55.8,0,,0,19.5,9.8,115,2.722222222,65,,,,,
14210,42.867,-78.831,2023-04-28T10:00:00,58.7,0,,0,19.5,8.6,141,2.388888889,39,,,,,
14210,42.867,-78.831,2023-04-28T11:00:00,60.2,0,,0,21.9,13.3,130,3.694444444,50,,,,,
14210,42.867,-78.831,2023-04-28T12:00:00,61,0,,0,21.9,13.7,112,3.805555556,68,,,,,
14210,42.867,-78.831,2023-04-28T13:00:00,62.2,0,,0,23,11.3,142,3.138888889,38,,,,,
14210,42.867,-78.831,2023-04-28T14:00:00,61.1,0,,0,24.2,14.1,154,3.916666667,26,,,,,
14210,42.867,-78.831,2023-04-28T15:00:00,60.1,0,,0,24.9,12.9,136,3.583333333,44,,,,,
14210,42.867,-78.831,2023-04-28T16:00:00,58,0,,0,31.1,16.2,140,4.5,40,,,,,
14210,42.867,-78.831,2023-04-28T17:00:00,56.2,0.001,rain,0,24.9,15.9,122,4.416666667,58,,,,,
14210,42.867,-78.831,2023-04-28T18:00:00,54.2,0.013,rain,0,24.3,11.4,102,3.166666667,78,,,,,
14210,42.867,-78.831,2023-04-28T19:00:00,52.3,0.084,rain,0,19.5,12.3,73,3.416666667,73,,,,,
14210,42.867,-78.831,2023-04-28T20:00:00,52.2,0.065,rain,0,24.2,15.8,90,4.388888889,90,,,,,
14210,42.867,-78.831,2023-04-28T21:00:00,50.2,0.001,rain,0,19.8,12,90,3.333333333,90,,,,,
14210,42.867,-78.831,2023-04-28T22:00:00,50,0.001,rain,0,23.1,14,98,3.888888889,82,,,,,
14210,42.867,-78.831,2023-04-28T23:00:00,50,0,,0,26.4,14.2,115,3.944444444,65,,,,,
14210,42.867,-78.831,2023-04-29T00:00:00,49.9,0,,0,21.9,12.5,118,3.472222222,62,,,,,
14210,42.867,-78.831,2023-04-29T01:00:00,48.9,0,,0,19.7,12.6,127,3.5,53,,,,,
14210,42.867,-78.831,2023-04-29T02:00:00,48.8,0,,0,21.9,9.3,108,2.583333333,72,,,,,
14210,42.867,-78.831,2023-04-29T03:00:00,47.9,0,,0,21.9,7.2,80,2,80,,,,,
14210,42.867,-78.831,2023-04-29T04:00:00,47.9,0,,0,21.9,8.3,70,2.305555556,70,,,,,
14210,42.867,-78.831,2023-04-29T05:00:00,47.9,0,,0,13.9,8.3,89,2.305555556,89,,,,,
14210,42.867,-78.831,2023-04-29T06:00:00,47.8,0,,0,24.2,8.2,108,2.277777778,72,,,,,
14210,42.867,-78.831,2023-04-29T07:00:00,48.6,0,,0,19.5,9.3,107,2.583333333,73,,,,,
14210,42.867,-78.831,2023-04-29T08:00:00,48.8,0,,0,16.1,8.1,128,2.25,52,,,,,
14210,42.867,-78.831,2023-04-29T09:00:00,48.2,0,,0,15,7.4,111,2.055555556,69,,,,,
14210,42.867,-78.831,2023-04-29T10:00:00,50.1,0.01,rain,0,15,8.1,130,2.25,50,,,,,
14210,42.867,-78.831,2023-04-29T11:00:00,52.2,0,,0,16.1,6.9,148,1.916666667,32,,,,,
14210,42.867,-78.831,2023-04-29T12:00:00,56.3,0,,0,26.4,19.5,160,5.416666667,20,,,,,
14210,42.867,-78.831,2023-04-29T13:00:00,56.9,0,,0,20.8,15.5,170,4.305555556,10,,,,,
14210,42.867,-78.831,2023-04-29T14:00:00,58.8,0,,0,24.2,13.2,187,3.666666667,7,,,,,
14210,42.867,-78.831,2023-04-29T15:00:00,58.7,0,,0,19.5,13.7,188,3.805555556,8,,,,,
14210,42.867,-78.831,2023-04-29T16:00:00,59.5,0,,0,19.5,10.9,178,3.027777778,2,,,,,
14210,42.867,-78.831,2023-04-29T17:00:00,55.9,0,,0,16.1,14.1,224,3.916666667,44,,,,,
14210,42.867,-78.831,2023-04-29T18:00:00,51.4,0.001,rain,0,13.9,12.7,232,3.527777778,52,,,,,
14210,42.867,-78.831,2023-04-29T19:00:00,50.2,0.013,rain,0,12.8,6.9,223,1.916666667,43,,,,,
14210,42.867,-78.831,2023-04-29T20:00:00,50.1,0.029,rain,0,11.4,6.9,205,1.916666667,25,,,,,
14210,42.867,-78.831,2023-04-29T21:00:00,50.1,0.021,rain,0,10.3,7.1,172,1.972222222,8,,,,,
14210,42.867,-78.831,2023-04-29T22:00:00,50.1,0.005,rain,0,10.3,7.7,130,2.138888889,50,,,,,
14210,42.867,-78.831,2023-04-29T23:00:00,50,0,,0,11.4,7.6,127,2.111111111,53,,,,,
14210,42.867,-78.831,2023-04-30T00:00:00,51,0,,0,11.4,4.7,120,1.305555556,60,,,,,
14210,42.867,-78.831,2023-04-30T01:00:00,49.9,0,,0,12.8,5.8,130,1.611111111,50,,,,,
14210,42.867,-78.831,2023-04-30T02:00:00,49,0,,0,13.9,4.9,130,1.361111111,50,,,,,
14210,42.867,-78.831,2023-04-30T03:00:00,50,0,,0,13.9,7,149,1.944444444,31,,,,,
14210,42.867,-78.831,2023-04-30T04:00:00,50.1,0,,0,12.8,9.1,149,2.527777778,31,,,,,
14210,42.867,-78.831,2023-04-30T05:00:00,50.7,0,,0,12.8,9.1,131,2.527777778,49,,,,,
14210,42.867,-78.831,2023-04-30T06:00:00,49.7,0,,0,12.8,8,140,2.222222222,40,,,,,
14210,42.867,-78.831,2023-04-30T07:00:00,51.9,0,,0,12.8,8.5,139,2.361111111,41,,,,,
14210,42.867,-78.831,2023-04-30T08:00:00,53,0,,0,15,7.5,139,2.083333333,41,,,,,
14210,42.867,-78.831,2023-04-30T09:00:00,55.1,0,,0,16.1,10.9,124,3.027777778,56,,,,,
14210,42.867,-78.831,2023-04-30T10:00:00,57,0,,0,20.8,11.7,132,3.25,48,,,,,
14210,42.867,-78.831,2023-04-30T11:00:00,56.4,0,,0,18.3,7.1,99,1.972222222,81,,,,,
14210,42.867,-78.831,2023-04-30T12:00:00,59.6,0.019,rain,0,20.8,8.2,133,2.277777778,47,,,,,
14210,42.867,-78.831,2023-04-30T13:00:00,60.2,0,,0,29.9,17.2,148,4.777777778,32,,,,,
14210,42.867,-78.831,2023-04-30T14:00:00,56.8,0.005,rain,0,29.8,7.8,243,2.166666667,63,,,,,
14210,42.867,-78.831,2023-04-30T15:00:00,53.4,0.098,rain,0,17.2,11.6,207,3.222222222,27,,,,,
14210,42.867,-78.831,2023-04-30T16:00:00,48,0.045,rain,0,23,14.6,226,4.055555556,46,,,,,
14210,42.867,-78.831,2023-04-30T17:00:00,46.9,0.049,rain,0,26.4,16.4,222,4.555555556,42,,,,,
14210,42.867,-78.831,2023-04-30T18:00:00,45.8,0.026,rain,0,30,15.4,229,4.277777778,49,,,,,
14210,42.867,-78.831,2023-04-30T19:00:00,44.7,0.026,rain,0,32.2,15.2,228,4.222222222,48,,,,,
14210,42.867,-78.831,2023-04-30T20:00:00,44.5,0.034,rain,0,20.8,9.9,228,2.75,48,,,,,
14210,42.867,-78.831,2023-04-30T21:00:00,44.5,0,,0,20.8,12.5,226,3.472222222,46,,,,,
14210,42.867,-78.831,2023-04-30T22:00:00,44.5,0,,0,20.8,8.4,246,2.333333333,66,,,,,
14210,42.867,-78.831,2023-04-30T23:00:00,45.1,0,,0,20.8,7.3,229,2.027777778,49,,,,,
14210,42.867,-78.831,2023-05-01T00:00:00,45.1,0,,0,20.8,5.7,240,1.583333333,60,,,,,
14210,42.867,-78.831,2023-05-01T01:00:00,45.1,0,,0,18.3,6.8,231,1.888888889,51,,,,,
14210,42.867,-78.831,2023-05-01T02:00:00,45.1,0,,0,18.3,7.8,240,2.166666667,60,,,,,
14210,42.867,-78.831,2023-05-01T03:00:00,44.3,0,,0,19.5,8.9,220,2.472222222,40,,,,,
14210,42.867,-78.831,2023-05-01T04:00:00,44.2,0,,0,20.8,7.8,221,2.166666667,41,,,,,
14210,42.867,-78.831,2023-05-01T05:00:00,44.2,0,,0,24.2,11.1,230,3.083333333,50,,,,,
14210,42.867,-78.831,2023-05-01T06:00:00,43.1,0,,0,28.9,17.8,230,4.944444444,50,,,,,
14210,42.867,-78.831,2023-05-01T07:00:00,43.4,0,,0,29.2,17,238,4.722222222,58,,,,,
14210,42.867,-78.831,2023-05-01T08:00:00,43.5,0,,0,34.9,17.4,230,4.833333333,50,,,,,
14210,42.867,-78.831,2023-05-01T09:00:00,43.3,0.01,rain,0,31.8,22.1,230,6.138888889,50,,,,,
14210,42.867,-78.831,2023-05-01T10:00:00,43.8,0,,0,35.5,22.2,238,6.166666667,58,,,,,
14210,42.867,-78.831,2023-05-01T11:00:00,45.2,0,,0,35.1,18.3,229,5.083333333,49,,,,,
14210,42.867,-78.831,2023-05-01T12:00:00,44.6,0,,0,34.6,19.9,228,5.527777778,48,,,,,
14210,42.867,-78.831,2023-05-01T13:00:00,46.4,0,,0,33.9,22.3,238,6.194444444,58,,,,,
14210,42.867,-78.831,2023-05-01T14:00:00,46.5,0,,0,40.4,24.1,229,6.694444444,49,,,,,
14210,42.867,-78.831,2023-05-01T15:00:00,44,0,,0,39.7,22.2,236,6.166666667,56,,,,,
14210,42.867,-78.831,2023-05-01T16:00:00,45.7,0,,0,37.3,24.1,222,6.694444444,42,,,,,
14210,42.867,-78.831,2023-05-01T17:00:00,47.6,0,,0,32.4,18,230,5,50,,,,,
14210,42.867,-78.831,2023-05-01T18:00:00,46.5,0,,0,31.3,19.6,237,5.444444444,57,,,,,
14210,42.867,-78.831,2023-05-01T19:00:00,45.3,0,,0,31.6,18.6,227,5.166666667,47,,,,,
14210,42.867,-78.831,2023-05-01T20:00:00,43.4,0,,0,31.7,21.8,221,6.055555556,41,,,,,
14210,42.867,-78.831,2023-05-01T21:00:00,43.2,0,,0,30.8,17.7,218,4.916666667,38,,,,,
14210,42.867,-78.831,2023-05-01T22:00:00,42.4,0,,0,24.8,14.8,193,4.111111111,13,,,,,
14210,42.867,-78.831,2023-05-01T23:00:00,41.5,0,,0,19.5,12.7,191,3.527777778,11,,,,,
14210,42.867,-78.831,2023-05-02T00:00:00,41.5,0,,0,20,12.8,191,3.555555556,11,,,,,
14210,42.867,-78.831,2023-05-02T01:00:00,41.4,0,,0,22.3,11.6,192,3.222222222,12,,,,,
14210,42.867,-78.831,2023-05-02T02:00:00,41.5,0,,0,18.3,13.1,191,3.638888889,11,,,,,
14210,42.867,-78.831,2023-05-02T03:00:00,41.3,0.01,rain,0,24.5,14.5,201,4.027777778,21,,,,,
14210,42.867,-78.831,2023-05-02T04:00:00,39.5,0.026,rain,0,23,14.9,217,4.138888889,37,,,,,
14210,42.867,-78.831,2023-05-02T05:00:00,40,0.01,rain,0,28.9,13.6,220,3.777777778,40,,,,,
14210,42.867,-78.831,2023-05-02T06:00:00,39.2,0.001,rain,0,22.4,11.8,229,3.277777778,49,,,,,
14210,42.867,-78.831,2023-05-02T07:00:00,38.3,0.022,rain,0,18.3,10.4,227,2.888888889,47,,,,,
14210,42.867,-78.831,2023-05-02T08:00:00,39,0.029,rain,0,18.3,11.1,204,3.083333333,24,,,,,
14210,42.867,-78.831,2023-05-02T09:00:00,40.3,0,,0,24.2,12.1,215,3.361111111,35,,,,,
14210,42.867,-78.831,2023-05-02T10:00:00,39.2,0.029,rain,0,21.9,11.6,230,3.222222222,50,,,,,
14210,42.867,-78.831,2023-05-02T11:00:00,40.5,0.014,rain,0,26.4,13.7,232,3.805555556,52,,,,,
14210,42.867,-78.831,2023-05-02T12:00:00,43.3,0,,0,27.5,16.1,239,4.472222222,59,,,,,
14210,42.867,-78.831,2023-05-02T13:00:00,43.2,0.002,rain,0,19.7,15.2,229,4.222222222,49,,,,,
14210,42.867,-78.831,2023-05-02T14:00:00,43.4,0,,0,22.7,16.8,228,4.666666667,48,,,,,
14210,42.867,-78.831,2023-05-02T15:00:00,41.5,0.01,rain,0,28,15.6,229,4.333333333,49,,,,,
14210,42.867,-78.831,2023-05-02T16:00:00,41.6,0.01,rain,0,24.2,14.6,228,4.055555556,48,,,,,
14210,42.867,-78.831,2023-05-02T17:00:00,41.4,0,,0,24.2,13.8,229,3.833333333,49,,,,,
14210,42.867,-78.831,2023-05-02T18:00:00,41.2,0.013,rain,0,20,11.7,221,3.25,41,,,,,
14210,42.867,-78.831,2023-05-02T19:00:00,40.1,0.018,rain,0,24.2,14,241,3.888888889,61,,,,,
14210,42.867,-78.831,2023-05-02T20:00:00,40,0.018,rain,0,24.2,10.2,237,2.833333333,57,,,,,
14210,42.867,-78.831,2023-05-02T21:00:00,39.8,0.011,rain,0,21.9,8.9,255,2.472222222,75,,,,,
14210,42.867,-78.831,2023-05-02T22:00:00,39,0.001,rain,0,19.5,5.9,243,1.638888889,63,,,,,
14210,42.867,-78.831,2023-05-02T23:00:00,39,0.016,rain,0,16.1,3.8,250,1.055555556,70,,,,,
14210,42.867,-78.831,2023-05-03T00:00:00,39,0.022,rain,0,10.3,3.7,246,1.027777778,66,,,,,
14210,42.867,-78.831,2023-05-03T01:00:00,37.4,0.022,rain,0,8.1,5,230,1.388888889,50,,,,,
14210,42.867,-78.831,2023-05-03T02:00:00,37.3,0.028,rain,0,6.9,5,274,1.388888889,86,,,,,
14210,42.867,-78.831,2023-05-03T03:00:00,37.3,0.01,rain,0,5.8,0.7,330,0.194444444,30,,,,,
14210,42.867,-78.831,2023-05-03T04:00:00,37.4,0,,0,4.7,0.5,328,0.138888889,32,,,,,
14210,42.867,-78.831,2023-05-03T05:00:00,37.4,0.01,rain,0,4.7,3.6,278,1,82,,,,,
14210,42.867,-78.831,2023-05-03T06:00:00,37.4,0,,0,4.7,1,338,0.277777778,22,,,,,
14210,42.867,-78.831,2023-05-03T07:00:00,37.4,0.01,rain,0,4.7,3.6,288,1,72,,,,,
14210,42.867,-78.831,2023-05-03T08:00:00,38.2,0,,0,4.7,4.9,239,1.361111111,59,,,,,
14210,42.867,-78.831,2023-05-03T09:00:00,39.1,0.001,rain,0,5.8,4.9,259,1.361111111,79,,,,,
14210,42.867,-78.831,2023-05-03T10:00:00,39.9,0,,0,5.8,4.7,274,1.305555556,86,,,,,
14210,42.867,-78.831,2023-05-03T11:00:00,41.2,0,,0,8.1,5.6,275,1.555555556,85,,,,,
14210,42.867,-78.831,2023-05-03T12:00:00,43.1,0.01,rain,0,9.2,5.1,301,1.416666667,59,,,,,
14210,42.867,-78.831,2023-05-03T13:00:00,44.3,0,,0,9.2,4.9,297,1.361111111,63,,,,,
14210,42.867,-78.831,2023-05-03T14:00:00,44.7,0,,0,11.4,5.6,334,1.555555556,26,,,,,
14210,42.867,-78.831,2023-05-03T15:00:00,47.1,0,,0,6.9,6.2,329,1.722222222,31,,,,,
14210,42.867,-78.831,2023-05-03T16:00:00,48,0,,0,5.8,6.8,294,1.888888889,66,,,,,
14210,42.867,-78.831,2023-05-03T17:00:00,48,0,,0,5.8,4.9,342,1.361111111,18,,,,,
14210,42.867,-78.831,2023-05-03T18:00:00,47.3,0,,0,9.2,6.7,306,1.861111111,54,,,,,
14210,42.867,-78.831,2023-05-03T19:00:00,47.2,0,,0,8.1,5.6,279,1.555555556,81,,,,,
14210,42.867,-78.831,2023-05-03T20:00:00,45.4,0.01,rain,0,10.3,7.6,239,2.111111111,59,,,,,
14210,42.867,-78.831,2023-05-03T21:00:00,44.5,0.043,rain,0,10.3,4,217,1.111111111,37,,,,,
14210,42.867,-78.831,2023-05-03T22:00:00,44.5,0.033,rain,0,10.3,7.1,262,1.972222222,82,,,,,
14210,42.867,-78.831,2023-05-03T23:00:00,45.3,0.017,rain,0,11.4,4.1,290,1.138888889,70,,,,,
14210,42.867,-78.831,2023-05-04T00:00:00,7.3,0.247,rain,0,20.5,12.5,340,3.472222222,20,,,,,
14210,42.867,-78.831,2023-05-04T01:00:00,7.3,0.42,rain,0,20.5,12.8,344,3.555555556,16,,,,,
14210,42.867,-78.831,2023-05-04T02:00:00,7.3,0.247,rain,0,14.8,10.8,360,3,0,,,,,
14210,42.867,-78.831,2023-05-04T03:00:00,7.3,0.011,rain,0,13,12.3,344,3.416666667,16,,,,,
14210,42.867,-78.831,2023-05-04T04:00:00,6.8,0.003,rain,0,13,9,339,2.5,21,,,,,
14210,42.867,-78.831,2023-05-04T05:00:00,6.8,0,,0,11.2,9,360,2.5,0,,,,,
14210,42.867,-78.831,2023-05-04T06:00:00,6.9,0,,0,11.2,7.9,351,2.194444444,9,,,,,
14210,42.867,-78.831,2023-05-04T07:00:00,6.9,0,,0,11.2,9.1,331,2.527777778,29,,,,,
14210,42.867,-78.831,2023-05-04T08:00:00,7.4,0,,0,11.2,9,351,2.5,9,,,,,
14210,42.867,-78.831,2023-05-04T09:00:00,7.4,0,,0,13,8,354,2.222222222,6,,,,,
14210,42.867,-78.831,2023-05-04T10:00:00,8.9,0,,0,14.8,11,27,3.055555556,27,,,,,
14210,42.867,-78.831,2023-05-04T11:00:00,9.9,0,,0,14.8,10.3,9,2.861111111,9,,,,,
14210,42.867,-78.831,2023-05-04T12:00:00,9,0,,0,13,9.6,321,2.666666667,39,,,,,
14210,42.867,-78.831,2023-05-04T13:00:00,9.5,0,,0,13,10,345,2.777777778,15,,,,,
14210,42.867,-78.831,2023-05-04T14:00:00,10.7,0,,0,13,14.8,327,4.111111111,33,,,,,
14210,42.867,-78.831,2023-05-04T15:00:00,10.8,0,,0,13,13.8,334,3.833333333,26,,,,,
14210,42.867,-78.831,2023-05-04T16:00:00,11.4,0,,0,13,5.6,1,1.555555556,1,,,,,
14210,42.867,-78.831,2023-05-04T17:00:00,11.3,0,,0,13,1.8,7,0.5,7,,,,,
14210,42.867,-78.831,2023-05-04T18:00:00,10.8,0,,0,11.2,7.5,256,2.083333333,76,,,,,
14210,42.867,-78.831,2023-05-04T19:00:00,11.2,0,,0,11.2,7.3,232,2.027777778,52,,,,,
14210,42.867,-78.831,2023-05-04T20:00:00,9.7,0,,0,11.2,9,243,2.5,63,,,,,
14210,42.867,-78.831,2023-05-04T21:00:00,9.1,0,,0,7.6,6.4,217,1.777777778,37,,,,,
14210,42.867,-78.831,2023-05-04T22:00:00,9,0,,0,5.4,5.6,196,1.555555556,16,,,,,
14210,42.867,-78.831,2023-05-04T23:00:00,8.8,0,,0,5.4,1.2,17,0.333333333,17,,,,,
14210,42.867,-78.831,2023-05-05T00:00:00,8.4,0,,0,7.6,7.4,160,2.055555556,20,,,,,
14210,42.867,-78.831,2023-05-05T01:00:00,8.4,0,,0,9.4,7.3,158,2.027777778,22,,,,,
14210,42.867,-78.831,2023-05-05T02:00:00,7.8,0,,0,7.6,0.9,325,0.25,35,,,,,
14210,42.867,-78.831,2023-05-05T03:00:00,6.9,0,,0,7.6,4.6,86,1.277777778,86,,,,,
14210,42.867,-78.831,2023-05-05T04:00:00,7.3,0,,0,7.6,4.6,117,1.277777778,63,,,,,
14210,42.867,-78.831,2023-05-05T05:00:00,6.9,0,,0,7.6,0.9,19,0.25,19,,,,,
14210,42.867,-78.831,2023-05-05T06:00:00,6.9,0,,0,7.6,7.3,92,2.027777778,88,,,,,
14210,42.867,-78.831,2023-05-05T07:00:00,7.3,0,,0,7.6,7.2,119,2,61,,,,,
14210,42.867,-78.831,2023-05-05T08:00:00,8,0,,0,7.6,0.6,18,0.166666667,18,,,,,
14210,42.867,-78.831,2023-05-05T09:00:00,10,0,,0,9.4,5.8,123,1.611111111,57,,,,,
14210,42.867,-78.831,2023-05-05T10:00:00,11.1,0,,0,9.4,11.2,53,3.111111111,53,,,,,
14210,42.867,-78.831,2023-05-05T11:00:00,12.8,0,,0,11.2,6.1,34,1.694444444,34,,,,,
14210,42.867,-78.831,2023-05-05T12:00:00,13.5,0,,0,13,13,65,3.611111111,65,,,,,
14210,42.867,-78.831,2023-05-05T13:00:00,13.3,0,,0,13,9.3,4,2.583333333,4,,,,,
14210,42.867,-78.831,2023-05-05T14:00:00,13.9,0,,0,9.4,12.7,349,3.527777778,11,,,,,
14210,42.867,-78.831,2023-05-05T15:00:00,15,0,,0,13,13.4,18,3.722222222,18,,,,,
14210,42.867,-78.831,2023-05-05T16:00:00,15.7,0,,0,13,11.4,58,3.166666667,58,,,,,
14210,42.867,-78.831,2023-05-05T17:00:00,15.1,0,,0,9.4,10.8,360,3,0,,,,,
14210,42.867,-78.831,2023-05-05T18:00:00,15.6,0,,0,13,7.2,52,2,52,,,,,
14210,42.867,-78.831,2023-05-05T19:00:00,14.2,0,,0,13,20.2,31,5.611111111,31,,,,,
14210,42.867,-78.831,2023-05-05T20:00:00,12.8,0,,0,13,14.3,29,3.972222222,29,,,,,
14210,42.867,-78.831,2023-05-05T21:00:00,11,0,,0,11.2,12.1,19,3.361111111,19,,,,,
14210,42.867,-78.831,2023-05-05T22:00:00,9.9,0,,0,11.2,9.2,30,2.555555556,30,,,,,
14210,42.867,-78.831,2023-05-05T23:00:00,9.1,0,,0,9.4,7.2,51,2,51,,,,,
14210,42.867,-78.831,2023-05-06T00:00:00,8.7,0,,0,9.4,8.4,97,2.333333333,83,,,,,
14210,42.867,-78.831,2023-05-06T01:00:00,7.1,0,,0,7.6,4.6,62,1.277777778,62,,,,,
14210,42.867,-78.831,2023-05-06T02:00:00,7,0,,0,7.6,4.6,96,1.277777778,84,,,,,
14210,42.867,-78.831,2023-05-06T03:00:00,6.5,0,,0,7.6,4.6,97,1.277777778,83,,,,,
14210,42.867,-78.831,2023-05-06T04:00:00,5.9,0,,0,5.4,4.5,87,1.25,87,,,,,
14210,42.867,-78.831,2023-05-06T05:00:00,5.4,0,,0,5.4,8.5,92,2.361111111,88,,,,,
14210,42.867,-78.831,2023-05-06T06:00:00,5.4,0,,0,5.4,0.2,7,0.055555556,7,,,,,
14210,42.867,-78.831,2023-05-06T07:00:00,5.5,0,,0,7.6,6.4,93,1.777777778,87,,,,,
14210,42.867,-78.831,2023-05-06T08:00:00,8.1,0,,0,7.6,7.4,110,2.055555556,70,,,,,
14210,42.867,-78.831,2023-05-06T09:00:00,10.9,0,,0,5.4,1.5,21,0.416666667,21,,,,,
14210,42.867,-78.831,2023-05-06T10:00:00,13.9,0,,0,5.4,6.5,99,1.805555556,81,,,,,
14210,42.867,-78.831,2023-05-06T11:00:00,15.7,0,,0,3.6,1.3,21,0.361111111,21,,,,,
14210,42.867,-78.831,2023-05-06T12:00:00,16.6,0,,0,7.6,1.5,326,0.416666667,34,,,,,
14210,42.867,-78.831,2023-05-06T13:00:00,17.8,0,,0,7.6,5.4,326,1.5,34,,,,,
14210,42.867,-78.831,2023-05-06T14:00:00,18.7,0,,0,9.4,1.5,355,0.416666667,5,,,,,
14210,42.867,-78.831,2023-05-06T15:00:00,19.2,0.003,rain,0,9.4,7.5,306,2.083333333,54,,,,,
14210,42.867,-78.831,2023-05-06T16:00:00,19.8,0,,0,11.2,7.8,20,2.166666667,20,,,,,
14210,42.867,-78.831,2023-05-06T17:00:00,19.8,0,,0,11.2,2.1,1,0.583333333,1,,,,,
14210,42.867,-78.831,2023-05-06T18:00:00,19.7,0,,0,11.2,8.6,353,2.388888889,7,,,,,
14210,42.867,-78.831,2023-05-06T19:00:00,18.7,0,,0,11.2,14.2,35,3.944444444,35,,,,,
14210,42.867,-78.831,2023-05-06T20:00:00,17,0,,0,11.2,12.4,27,3.444444444,27,,,,,
14210,42.867,-78.831,2023-05-06T21:00:00,15.3,0,,0,11.2,10.5,25,2.916666667,25,,,,,
14210,42.867,-78.831,2023-05-06T22:00:00,14.1,0,,0,11.2,6.3,47,1.75,47,,,,,
14210,42.867,-78.831,2023-05-06T23:00:00,13.8,0,,0,11.2,7.7,109,2.138888889,71,,,,,
14210,42.867,-78.831,2023-05-07T00:00:00,13.1,0,,0,9.4,9.2,120,2.555555556,60,,,,,
14210,42.867,-78.831,2023-05-07T01:00:00,11.9,0,,0,11.2,7.7,132,2.138888889,48,,,,,
14210,42.867,-78.831,2023-05-07T02:00:00,10.7,0,,0,9.4,7.7,128,2.138888889,52,,,,,
14210,42.867,-78.831,2023-05-07T03:00:00,10.3,0,,0,9.4,6.3,117,1.75,63,,,,,
14210,42.867,-78.831,2023-05-07T04:00:00,9.6,0,,0,9.4,7.1,111,1.972222222,69,,,,,
14210,42.867,-78.831,2023-05-07T05:00:00,9.6,0,,0,9.4,7.3,104,2.027777778,76,,,,,
14210,42.867,-78.831,2023-05-07T06:00:00,9.2,0,,0,11.2,5.8,89,1.611111111,89,,,,,
14210,42.867,-78.831,2023-05-07T07:00:00,10.4,0,,0,9.4,8.7,106,2.416666667,74,,,,,
14210,42.867,-78.831,2023-05-07T08:00:00,12,0,,0,9.4,7.3,117,2.027777778,63,,,,,
14210,42.867,-78.831,2023-05-07T09:00:00,13.3,0,,0,11.2,7.6,109,2.111111111,71,,,,,
14210,42.867,-78.831,2023-05-07T10:00:00,16.5,0,,0,9.4,11.1,155,3.083333333,25,,,,,
14210,42.867,-78.831,2023-05-07T11:00:00,18.7,0,,0,9.4,11.2,172,3.111111111,8,,,,,
14210,42.867,-78.831,2023-05-07T12:00:00,20.3,0,,0,13,7.8,168,2.166666667,12,,,,,
14210,42.867,-78.831,2023-05-07T13:00:00,20.6,0.036,rain,0,40.1,8.3,204,2.305555556,24,,,,,
14210,42.867,-78.831,2023-05-07T14:00:00,15.5,0.104,rain,0,38.9,24.6,346,6.833333333,14,,,,,
14210,42.867,-78.831,2023-05-07T15:00:00,13.5,0.412,rain,0,18.4,13.4,28,3.722222222,28,,,,,
14210,42.867,-78.831,2023-05-07T16:00:00,12.7,0.036,rain,0,13,20.6,52,5.722222222,52,,,,,
14210,42.867,-78.831,2023-05-07T17:00:00,12.2,1.765,rain,0,16.6,17.9,71,4.972222222,71,,,,,
14210,42.867,-78.831,2023-05-07T18:00:00,12.5,0.247,rain,0,18.4,16.6,83,4.611111111,83,,,,,
14210,42.867,-78.831,2023-05-07T19:00:00,12.3,0,,0,29.5,14.2,97,3.944444444,83,,,,,
14210,42.867,-78.831,2023-05-07T20:00:00,12.2,0,,0,27.7,10.9,66,3.027777778,66,,,,,
14210,42.867,-78.831,2023-05-07T21:00:00,11.1,0.412,rain,0,31.3,18,38,5,38,,,,,
14210,42.867,-78.831,2023-05-07T22:00:00,10.7,0.824,rain,0,13,17.6,58,4.888888889,58,,,,,
14210,42.867,-78.831,2023-05-07T23:00:00,10.7,0,,0,14.8,11,42,3.055555556,42,,,,,
14210,42.867,-78.831,2023-05-08T00:00:00,10.7,0,,0,13,11.1,25,3.083333333,25,,,,,
14210,42.867,-78.831,2023-05-08T01:00:00,10.6,0,,0,11.2,8.7,3,2.416666667,3,,,,,
14210,42.867,-78.831,2023-05-08T02:00:00,10,0,,0,11.2,10.5,21,2.916666667,21,,,,,
14210,42.867,-78.831,2023-05-08T03:00:00,9.9,0,,0,9.4,7.1,360,1.972222222,0,,,,,
14210,42.867,-78.831,2023-05-08T04:00:00,9.1,0,,0,9.4,1,334,0.277777778,26,,,,,
14210,42.867,-78.831,2023-05-08T05:00:00,8.6,0,,0,9.4,1.1,337,0.305555556,23,,,,,
14210,42.867,-78.831,2023-05-08T06:00:00,7.7,0,,0,9.4,6.1,230,1.694444444,50,,,,,
14210,42.867,-78.831,2023-05-08T07:00:00,8.3,0,,0,9.4,1.1,339,0.305555556,21,,,,,
14210,42.867,-78.831,2023-05-08T08:00:00,10.7,0,,0,9.4,2.1,347,0.583333333,13,,,,,
14210,42.867,-78.831,2023-05-08T09:00:00,12.8,0,,0,11.2,6.3,321,1.75,39,,,,,
14210,42.867,-78.831,2023-05-08T10:00:00,13.9,0,,0,11.2,2.1,3,0.583333333,3,,,,,
14210,42.867,-78.831,2023-05-08T11:00:00,15.6,0,,0,13,6.3,360,1.75,0,,,,,
14210,42.867,-78.831,2023-05-08T12:00:00,16.8,0,,0,14.8,7.1,205,1.972222222,25,,,,,
14210,42.867,-78.831,2023-05-08T13:00:00,16.8,0,,0,16.6,11.8,254,3.277777778,74,,,,,
14210,42.867,-78.831,2023-05-08T14:00:00,18.8,0,,0,31.7,17.2,302,4.777777778,58,,,,,
14210,42.867,-78.831,2023-05-08T15:00:00,19.2,0,,0,27.7,18.3,326,5.083333333,34,,,,,
14210,42.867,-78.831,2023-05-08T16:00:00,18.9,0,,0,16.6,15.5,350,4.305555556,10,,,,,
14210,42.867,-78.831,2023-05-08T17:00:00,18.9,0,,0,14.8,8.8,321,2.444444444,39,,,,,
14210,42.867,-78.831,2023-05-08T18:00:00,18.8,0,,0,13,15.5,355,4.305555556,5,,,,,
14210,42.867,-78.831,2023-05-08T19:00:00,17.8,0,,0,13,12.3,343,3.416666667,17,,,,,
14210,42.867,-78.831,2023-05-08T20:00:00,14.7,0,,0,11.2,11.8,254,3.277777778,74,,,,,
14210,42.867,-78.831,2023-05-08T21:00:00,14.3,0,,0,9.4,10.2,259,2.833333333,79,,,,,
14210,42.867,-78.831,2023-05-08T22:00:00,12.9,0,,0,7.6,7.4,233,2.055555556,53,,,,,
14210,42.867,-78.831,2023-05-08T23:00:00,11.8,0,,0,5.4,6.6,226,1.833333333,46,,,,,
14210,42.867,-78.831,2023-05-09T00:00:00,11.6,0,,0,3.6,11,360,3.055555556,0,,,,,
14210,42.867,-78.831,2023-05-09T01:00:00,10,0,,0,7.6,10.9,347,3.027777778,13,,,,,
14210,42.867,-78.831,2023-05-09T02:00:00,9.4,0,,0,7.6,9.5,351,2.638888889,9,,,,,
14210,42.867,-78.831,2023-05-09T03:00:00,10,0,,0,5.4,11.9,10,3.305555556,10,,,,,
14210,42.867,-78.831,2023-05-09T04:00:00,9.4,0,,0,5.4,13.1,23,3.638888889,23,,,,,
14210,42.867,-78.831,2023-05-09T05:00:00,8.9,0,,0,7.6,11.2,32,3.111111111,32,,,,,
14210,42.867,-78.831,2023-05-09T06:00:00,8.3,0,,0,11.2,12.5,33,3.472222222,33,,,,,
14210,42.867,-78.831,2023-05-09T07:00:00,8.4,0,,0,13,14.9,33,4.138888889,33,,,,,
14210,42.867,-78.831,2023-05-09T08:00:00,9,0,,0,14.8,15.5,51,4.305555556,51,,,,,
14210,42.867,-78.831,2023-05-09T09:00:00,11.8,0,,0,18.4,15.1,72,4.194444444,72,,,,,
14210,42.867,-78.831,2023-05-09T10:00:00,13.4,0,,0,16.6,19.2,33,5.333333333,33,,,,,
14210,42.867,-78.831,2023-05-09T11:00:00,14.5,0,,0,18.4,16.7,47,4.638888889,47,,,,,
14210,42.867,-78.831,2023-05-09T12:00:00,15.7,0,,0,18.4,18.3,37,5.083333333,37,,,,,
14210,42.867,-78.831,2023-05-09T13:00:00,16.1,0,,0,37.3,17.1,47,4.75,47,,,,,
14210,42.867,-78.831,2023-05-09T14:00:00,16.6,0,,0,29.5,18.7,42,5.194444444,42,,,,,
14210,42.867,-78.831,2023-05-09T15:00:00,16.6,0,,0,31.7,21.3,34,5.916666667,34,,,,,
14210,42.867,-78.831,2023-05-09T16:00:00,16.2,0,,0,25.9,14.8,20,4.111111111,20,,,,,
14210,42.867,-78.831,2023-05-09T17:00:00,16.2,0,,0,20.5,14.7,350,4.083333333,10,,,,,
14210,42.867,-78.831,2023-05-09T18:00:00,16.1,0,,0,20.5,14.4,18,4,18,,,,,
14210,42.867,-78.831,2023-05-09T19:00:00,15.1,0,,0,14.8,11.7,4,3.25,4,,,,,
14210,42.867,-78.831,2023-05-09T20:00:00,14.4,0,,0,11.2,0.1,4,0.027777778,4,,,,,
14210,42.867,-78.831,2023-05-09T21:00:00,13.6,0,,0,7.6,0.3,358,0.083333333,2,,,,,
14210,42.867,-78.831,2023-05-09T22:00:00,12.8,0,,0,5.4,4.6,218,1.277777778,38,,,,,
14210,42.867,-78.831,2023-05-09T23:00:00,11.7,0,,0,5.4,0.2,353,0.055555556,7,,,,,
14210,42.867,-78.831,2023-05-10T00:00:00,11.3,0,,0,5.4,0.1,355,0.027777778,5,,,,,
14210,42.867,-78.831,2023-05-10T01:00:00,9.2,0,,0,5.4,0.2,351,0.055555556,9,,,,,
14210,42.867,-78.831,2023-05-10T02:00:00,7.8,0,,0,5.4,4.6,144,1.277777778,36,,,,,
14210,42.867,-78.831,2023-05-10T03:00:00,6.3,0,,0,7.6,4.6,206,1.277777778,26,,,,,
14210,42.867,-78.831,2023-05-10T04:00:00,6.7,0,,0,7.6,4.6,146,1.277777778,34,,,,,
14210,42.867,-78.831,2023-05-10T05:00:00,5.2,0,,0,11.2,7.9,196,2.194444444,16,,,,,
14210,42.867,-78.831,2023-05-10T06:00:00,5.6,0,,0,11.2,4.7,124,1.305555556,56,,,,,
14210,42.867,-78.831,2023-05-10T07:00:00,5.2,0,,0,11.2,8.8,201,2.444444444,21,,,,,
14210,42.867,-78.831,2023-05-10T08:00:00,9.1,0,,0,16.6,11.8,230,3.277777778,50,,,,,
14210,42.867,-78.831,2023-05-10T09:00:00,12,0,,0,14.8,13.5,228,3.75,48,,,,,
14210,42.867,-78.831,2023-05-10T10:00:00,14.6,0,,0,14.8,7.5,267,2.083333333,87,,,,,
14210,42.867,-78.831,2023-05-10T11:00:00,15.8,0,,0,16.6,9.3,225,2.583333333,45,,,,,
14210,42.867,-78.831,2023-05-10T12:00:00,16.9,0,,0,24.1,13.1,254,3.638888889,74,,,,,
14210,42.867,-78.831,2023-05-10T13:00:00,17.4,0,,0,27.7,17.8,212,4.944444444,32,,,,,
14210,42.867,-78.831,2023-05-10T14:00:00,18,0,,0,29.5,15,248,4.166666667,68,,,,,
14210,42.867,-78.831,2023-05-10T15:00:00,18,0,,0,29.5,13.8,217,3.833333333,37,,,,,
14210,42.867,-78.831,2023-05-10T16:00:00,18.6,0,,0,31.7,20.1,228,5.583333333,48,,,,,
14210,42.867,-78.831,2023-05-10T17:00:00,17.1,0,,0,27.7,14.9,228,4.138888889,48,,,,,
14210,42.867,-78.831,2023-05-10T18:00:00,17.1,0,,0,25.9,16.2,226,4.5,46,,,,,
14210,42.867,-78.831,2023-05-10T19:00:00,14.9,0,,0,24.1,17.2,226,4.777777778,46,,,,,
14210,42.867,-78.831,2023-05-10T20:00:00,14.1,0,,0,20.5,16.2,217,4.5,37,,,,,
14210,42.867,-78.831,2023-05-10T21:00:00,13,0,,0,16.6,12.9,228,3.583333333,48,,,,,
14210,42.867,-78.831,2023-05-10T22:00:00,12.2,0,,0,14.8,13.4,218,3.722222222,38,,,,,
14210,42.867,-78.831,2023-05-10T23:00:00,12.1,0,,0,14.8,15.4,219,4.277777778,39,,,,,
14210,42.867,-78.831,2023-05-11T00:00:00,11.6,0,,0,13,15.4,217,4.277777778,37,,,,,
14210,42.867,-78.831,2023-05-11T01:00:00,11.5,0,,0,13,15.2,220,4.222222222,40,,,,,
14210,42.867,-78.831,2023-05-11T02:00:00,9.5,0,,0,11.2,11,201,3.055555556,21,,,,,
14210,42.867,-78.831,2023-05-11T03:00:00,9,0,,0,11.2,10.5,202,2.916666667,22,,,,,
14210,42.867,-78.831,2023-05-11T04:00:00,9,0,,0,11.2,11,191,3.055555556,11,,,,,
14210,42.867,-78.831,2023-05-11T05:00:00,8.9,0,,0,11.2,10.5,204,2.916666667,24,,,,,
14210,42.867,-78.831,2023-05-11T06:00:00,8.9,0,,0,11.2,9.3,211,2.583333333,31,,,,,
14210,42.867,-78.831,2023-05-11T07:00:00,10.1,0,,0,11.2,12.7,202,3.527777778,22,,,,,
14210,42.867,-78.831,2023-05-11T08:00:00,13.3,0,,0,13,12.7,210,3.527777778,30,,,,,
14210,42.867,-78.831,2023-05-11T09:00:00,15.7,0,,0,16.6,12.8,225,3.555555556,45,,,,,
14210,42.867,-78.831,2023-05-11T10:00:00,16.9,0,,0,18.4,16.1,226,4.472222222,46,,,,,
14210,42.867,-78.831,2023-05-11T11:00:00,18.4,0,,0,20.5,20.3,236,5.638888889,56,,,,,
14210,42.867,-78.831,2023-05-11T12:00:00,18.7,0,,0,33.5,23.1,218,6.416666667,38,,,,,
14210,42.867,-78.831,2023-05-11T13:00:00,20.3,0,,0,38.9,20.5,228,5.694444444,48,,,,,
14210,42.867,-78.831,2023-05-11T14:00:00,21,0,,0,38.6,25.4,228,7.055555556,48,,,,,
14210,42.867,-78.831,2023-05-11T15:00:00,22,0,,0,33.5,19.4,227,5.388888889,47,,,,,
14210,42.867,-78.831,2023-05-11T16:00:00,22.5,0,,0,33.5,22.8,220,6.333333333,40,,,,,
14210,42.867,-78.831,2023-05-11T17:00:00,22.2,0,,0,24.1,21.6,227,6,47,,,,,
14210,42.867,-78.831,2023-05-11T18:00:00,21.1,0,,0,22.3,20.4,219,5.666666667,39,,,,,
14210,42.867,-78.831,2023-05-11T19:00:00,20,0,,0,18.4,19.7,230,5.472222222,50,,,,,
14210,42.867,-78.831,2023-05-11T20:00:00,18.8,0,,0,16.6,14.5,226,4.027777778,46,,,,,
14210,42.867,-78.831,2023-05-11T21:00:00,16,0,,0,16.6,16.1,217,4.472222222,37,,,,,
14210,42.867,-78.831,2023-05-11T22:00:00,15.3,0,,0,14.8,14,211,3.888888889,31,,,,,
14210,42.867,-78.831,2023-05-11T23:00:00,14.4,0,,0,14.8,13.4,212,3.722222222,32,,,,,
14210,42.867,-78.831,2023-05-12T00:00:00,15.5,0,,0,13,13.6,218,3.777777778,38,,,,,
14210,42.867,-78.831,2023-05-12T01:00:00,14.3,0,,0,13,11.9,215,3.305555556,35,,,,,
14210,42.867,-78.831,2023-05-12T02:00:00,13.3,0,,0,16.6,10.2,216,2.833333333,36,,,,,
14210,42.867,-78.831,2023-05-12T03:00:00,13.6,0,,0,16.6,7.8,208,2.166666667,28,,,,,
14210,42.867,-78.831,2023-05-12T04:00:00,13.5,0,,0,14.8,5.9,192,1.638888889,12,,,,,
14210,42.867,-78.831,2023-05-12T05:00:00,12.2,0,,0,14.8,8.9,182,2.472222222,2,,,,,
14210,42.867,-78.831,2023-05-12T06:00:00,11.4,0,,0,11.2,9.2,184,2.555555556,4,,,,,
14210,42.867,-78.831,2023-05-12T07:00:00,12,0,,0,13,7.7,183,2.138888889,3,,,,,
14210,42.867,-78.831,2023-05-12T08:00:00,14.2,0,,0,13,9.1,193,2.527777778,13,,,,,
14210,42.867,-78.831,2023-05-12T09:00:00,18.3,0,,0,16.6,20.2,221,5.611111111,41,,,,,
14210,42.867,-78.831,2023-05-12T10:00:00,20.1,0,,0,20.5,18.7,230,5.194444444,50,,,,,
14210,42.867,-78.831,2023-05-12T11:00:00,21.9,0,,0,20.5,16.6,238,4.611111111,58,,,,,
14210,42.867,-78.831,2023-05-12T12:00:00,22.1,0,,0,22.3,19.9,228,5.527777778,48,,,,,
14210,42.867,-78.831,2023-05-12T13:00:00,22.5,0,,0,25.9,21.4,237,5.944444444,57,,,,,
14210,42.867,-78.831,2023-05-12T14:00:00,24,0,,0,29.5,21,222,5.833333333,42,,,,,
14210,42.867,-78.831,2023-05-12T15:00:00,24.1,0,,0,14.8,21.3,237,5.916666667,57,,,,,
14210,42.867,-78.831,2023-05-12T16:00:00,24.2,0,,0,13,19.9,238,5.527777778,58,,,,,
14210,42.867,-78.831,2023-05-12T17:00:00,23.3,0,,0,11.2,17,211,4.722222222,31,,,,,
14210,42.867,-78.831,2023-05-12T18:00:00,23.5,0,,0,22.3,14.4,219,4,39,,,,,
14210,42.867,-78.831,2023-05-12T19:00:00,22,0,,0,14.8,14.7,204,4.083333333,24,,,,,
14210,42.867,-78.831,2023-05-12T20:00:00,20.8,0,,0,9.4,11.3,233,3.138888889,53,,,,,
14210,42.867,-78.831,2023-05-12T21:00:00,18.7,0,,0,5.4,10.7,226,2.972222222,46,,,,,
14210,42.867,-78.831,2023-05-12T22:00:00,17.5,0,,0,5.4,6.7,250,1.861111111,70,,,,,
14210,42.867,-78.831,2023-05-12T23:00:00,17.7,0,,0,5.4,6.5,237,1.805555556,57,,,,,
14210,42.867,-78.831,2023-05-13T00:00:00,17.7,0,,0,5.4,0.1,9,0.027777778,9,,,,,
14210,42.867,-78.831,2023-05-13T01:00:00,17.3,0,,0,3.6,1.5,7,0.416666667,7,,,,,
14210,42.867,-78.831,2023-05-13T02:00:00,15.8,0,,0,3.6,4.6,143,1.277777778,37,,,,,
14210,42.867,-78.831,2023-05-13T03:00:00,15.6,0,,0,5.4,0.7,8,0.194444444,8,,,,,
14210,42.867,-78.831,2023-05-13T04:00:00,14.2,0,,0,5.4,0.1,355,0.027777778,5,,,,,
14210,42.867,-78.831,2023-05-13T05:00:00,13.4,0,,0,7.6,7.3,53,2.027777778,53,,,,,
14210,42.867,-78.831,2023-05-13T06:00:00,14,0,,0,11.2,12.6,69,3.5,69,,,,,
14210,42.867,-78.831,2023-05-13T07:00:00,15,0,,0,16.6,12.9,69,3.583333333,69,,,,,
14210,42.867,-78.831,2023-05-13T08:00:00,16.7,0,,0,22.3,12.9,60,3.583333333,60,,,,,
14210,42.867,-78.831,2023-05-13T09:00:00,18.2,0,,0,22.3,19.6,59,5.444444444,59,,,,,
14210,42.867,-78.831,2023-05-13T10:00:00,18.9,0,,0,25.9,20,62,5.555555556,62,,,,,
14210,42.867,-78.831,2023-05-13T11:00:00,20.6,0,,0,22.3,19.6,76,5.444444444,76,,,,,
14210,42.867,-78.831,2023-05-13T12:00:00,21.2,0,,0,22.3,12,89,3.333333333,89,,,,,
14210,42.867,-78.831,2023-05-13T13:00:00,22.6,0,,0,25.9,16.4,54,4.555555556,54,,,,,
14210,42.867,-78.831,2023-05-13T14:00:00,22.6,0,,0,25.9,14.8,37,4.111111111,37,,,,,
14210,42.867,-78.831,2023-05-13T15:00:00,23.1,0,,0,25.9,6.6,47,1.833333333,47,,,,,
14210,42.867,-78.831,2023-05-13T16:00:00,23.2,0,,0,31.7,11.8,13,3.277777778,13,,,,,
14210,42.867,-78.831,2023-05-13T17:00:00,22.1,0,,0,29.5,18.8,9,5.222222222,9,,,,,
14210,42.867,-78.831,2023-05-13T18:00:00,21.7,0,,0,25.9,13.8,27,3.833333333,27,,,,,
14210,42.867,-78.831,2023-05-13T19:00:00,21.1,0,,0,20.5,13.1,5,3.638888889,5,,,,,
14210,42.867,-78.831,2023-05-13T20:00:00,19.4,0,,0,13,9,334,2.5,26,,,,,
14210,42.867,-78.831,2023-05-13T21:00:00,18.2,0,,0,11.2,8.1,329,2.25,31,,,,,
14210,42.867,-78.831,2023-05-13T22:00:00,17,0,,0,14.8,9,332,2.5,28,,,,,
14210,42.867,-78.831,2023-05-13T23:00:00,15.5,0,,0,18.4,19.9,340,5.527777778,20,,,,,
14210,42.867,-78.831,2023-05-14T00:00:00,14.3,0,,0,33.5,18.4,351,5.111111111,9,,,,,
14210,42.867,-78.831,2023-05-14T01:00:00,13.8,0,,0,33.5,13.7,21,3.805555556,21,,,,,
14210,42.867,-78.831,2023-05-14T02:00:00,12.3,0,,0,20.5,13.4,29,3.722222222,29,,,,,
14210,42.867,-78.831,2023-05-14T03:00:00,11.3,0,,0,16.6,13.1,31,3.638888889,31,,,,,
14210,42.867,-78.831,2023-05-14T04:00:00,10.6,0,,0,16.6,12.6,21,3.5,21,,,,,
14210,42.867,-78.831,2023-05-14T05:00:00,10,0,,0,20.5,12.9,31,3.583333333,31,,,,,
14210,42.867,-78.831,2023-05-14T06:00:00,9,0,,0,35.3,11.7,30,3.25,30,,,,,
14210,42.867,-78.831,2023-05-14T07:00:00,9.5,0,,0,38.9,12.2,33,3.388888889,33,,,,,
14210,42.867,-78.831,2023-05-14T08:00:00,11.3,0,,0,37.1,21.2,43,5.888888889,43,,,,,
14210,42.867,-78.831,2023-05-14T09:00:00,12.9,0,,0,31.3,20,43,5.555555556,43,,,,,
14210,42.867,-78.831,2023-05-14T10:00:00,13.3,0,,0,33.5,15.2,68,4.222222222,68,,,,,
14210,42.867,-78.831,2023-05-14T11:00:00,13.9,0,,0,16.6,12.2,13,3.388888889,13,,,,,
14210,42.867,-78.831,2023-05-14T12:00:00,14.9,0,,0,16.6,14.2,11,3.944444444,11,,,,,
14210,42.867,-78.831,2023-05-14T13:00:00,15.5,0,,0,33.5,15.5,21,4.305555556,21,,,,,
14210,42.867,-78.831,2023-05-14T14:00:00,15.6,0,,0,27.7,18.6,13,5.166666667,13,,,,,
14210,42.867,-78.831,2023-05-14T15:00:00,16.6,0,,0,31.9,13.2,14,3.666666667,14,,,,,
14210,42.867,-78.831,2023-05-14T16:00:00,16.7,0,,0,24.1,23.3,37,6.472222222,37,,,,,
14210,42.867,-78.831,2023-05-14T17:00:00,15.7,0,,0,31.7,22.8,45,6.333333333,45,,,,,
14210,42.867,-78.831,2023-05-14T18:00:00,15.7,0,,0,13,14.3,30,3.972222222,30,,,,,
14210,42.867,-78.831,2023-05-14T19:00:00,15.2,0,,0,11.2,6.5,52,1.805555556,52,,,,,
14210,42.867,-78.831,2023-05-14T20:00:00,15,0,,0,11.2,0,356,0,4,,,,,
14210,42.867,-78.831,2023-05-14T21:00:00,13.5,0,,0,9.4,5.5,227,1.527777778,47,,,,,
14210,42.867,-78.831,2023-05-14T22:00:00,12.7,0,,0,7.6,0.9,345,0.25,15,,,,,
14210,42.867,-78.831,2023-05-14T23:00:00,11.9,0,,0,5.4,0.1,356,0.027777778,4,,,,,
14210,42.867,-78.831,2023-05-15T00:00:00,10.3,0,,0,5.4,4.7,198,1.305555556,18,,,,,
14210,42.867,-78.831,2023-05-15T01:00:00,8.7,0,,0,5.4,4.8,146,1.333333333,34,,,,,
14210,42.867,-78.831,2023-05-15T02:00:00,6.9,0,,0,5.4,6.4,195,1.777777778,15,,,,,
14210,42.867,-78.831,2023-05-15T03:00:00,6.4,0,,0,5.4,4.7,127,1.305555556,53,,,,,
14210,42.867,-78.831,2023-05-15T04:00:00,5.2,0,,0,7.6,6.5,200,1.805555556,20,,,,,
14210,42.867,-78.831,2023-05-15T05:00:00,4.6,0,,0,7.6,6.5,197,1.805555556,17,,,,,
14210,42.867,-78.831,2023-05-15T06:00:00,5.1,0,,0,7.6,4.9,147,1.361111111,33,,,,,
14210,42.867,-78.831,2023-05-15T07:00:00,5.1,0,,0,7.6,7.3,188,2.027777778,8,,,,,
14210,42.867,-78.831,2023-05-15T08:00:00,8.1,0,,0,9.4,7.8,213,2.166666667,33,,,,,
14210,42.867,-78.831,2023-05-15T09:00:00,11.5,0,,0,9.4,10.3,229,2.861111111,49,,,,,
14210,42.867,-78.831,2023-05-15T10:00:00,13.5,0,,0,13,12.4,236,3.444444444,56,,,,,
14210,42.867,-78.831,2023-05-15T11:00:00,14.7,0,,0,16.6,12.5,240,3.472222222,60,,,,,
14210,42.867,-78.831,2023-05-15T12:00:00,16,0,,0,18.4,18.2,218,5.055555556,38,,,,,
14210,42.867,-78.831,2023-05-15T13:00:00,17.2,0,,0,37.1,18.4,254,5.111111111,74,,,,,
14210,42.867,-78.831,2023-05-15T14:00:00,17.2,0,,0,35.3,23.7,218,6.583333333,38,,,,,
14210,42.867,-78.831,2023-05-15T15:00:00,18.3,0,,0,42.5,21.6,218,6,38,,,,,
14210,42.867,-78.831,2023-05-15T16:00:00,18.8,0,,0,40.7,21.1,227,5.861111111,47,,,,,
14210,42.867,-78.831,2023-05-15T17:00:00,18.2,0,,0,40.9,27,228,7.5,48,,,,,
14210,42.867,-78.831,2023-05-15T18:00:00,17.1,0,,0,35.3,21.9,236,6.083333333,56,,,,,
14210,42.867,-78.831,2023-05-15T19:00:00,16.4,0,,0,37.3,23.7,236,6.583333333,56,,,,,
14210,42.867,-78.831,2023-05-15T20:00:00,14.6,0,,0,37.1,24.6,228,6.833333333,48,,,,,
14210,42.867,-78.831,2023-05-15T21:00:00,13.5,0,,0,31.3,20,222,5.555555556,42,,,,,
14210,42.867,-78.831,2023-05-15T22:00:00,12.9,0,,0,29.5,22.4,229,6.222222222,49,,,,,
14210,42.867,-78.831,2023-05-15T23:00:00,12.1,0,,0,27.7,15.9,222,4.416666667,42,,,,,
14210,42.867,-78.831,2023-05-16T00:00:00,10.7,0,,0,27.7,15.9,213,4.416666667,33,,,,,
14210,42.867,-78.831,2023-05-16T01:00:00,11.6,0,,0,24.1,19.6,222,5.444444444,42,,,,,
14210,42.867,-78.831,2023-05-16T02:00:00,11.5,0,,0,24.1,18,220,5,40,,,,,
14210,42.867,-78.831,2023-05-16T03:00:00,11.5,0,,0,24.1,14.9,220,4.138888889,40,,,,,
14210,42.867,-78.831,2023-05-16T04:00:00,11.9,0,,0,25.9,17.4,228,4.833333333,48,,,,,
14210,42.867,-78.831,2023-05-16T05:00:00,11.9,0,,0,27.7,17.7,221,4.916666667,41,,,,,
14210,42.867,-78.831,2023-05-16T06:00:00,11.5,0,,0,27.7,19.7,220,5.472222222,40,,,,,
14210,42.867,-78.831,2023-05-16T07:00:00,11.6,0,,0,33.5,19.6,220,5.444444444,40,,,,,
14210,42.867,-78.831,2023-05-16T08:00:00,12.8,0,,0,40.7,25.5,220,7.083333333,40,,,,,
14210,42.867,-78.831,2023-05-16T09:00:00,14,0,,0,49.1,26,229,7.222222222,49,,,,,
14210,42.867,-78.831,2023-05-16T10:00:00,15.3,0,,0,48.9,29.3,219,8.138888889,39,,,,,
14210,42.867,-78.831,2023-05-16T11:00:00,16.1,0,,0,50.2,30.1,238,8.361111111,58,,,,,
14210,42.867,-78.831,2023-05-16T12:00:00,16.6,0,,0,52.4,36.1,237,10.02777778,57,,,,,
14210,42.867,-78.831,2023-05-16T13:00:00,18.1,0,,0,52.2,35.9,228,9.972222222,48,,,,,
14210,42.867,-78.831,2023-05-16T14:00:00,17.5,0,,0,62.2,41.3,229,11.47222222,49,,,,,
14210,42.867,-78.831,2023-05-16T15:00:00,17.1,0,,0,54.7,34.5,228,9.583333333,48,,,,,
14210,42.867,-78.831,2023-05-16T16:00:00,17.1,0,,0,60.3,42.6,230,11.83333333,50,,,,,
14210,42.867,-78.831,2023-05-16T17:00:00,17,0,,0,59.8,33.3,239,9.25,59,,,,,
14210,42.867,-78.831,2023-05-16T18:00:00,15.6,0,,0,56,30.4,241,8.444444444,61,,,,,
14210,42.867,-78.831,2023-05-16T19:00:00,16.4,0,,0,45.6,14.4,276,4,84,,,,,
14210,42.867,-78.831,2023-05-16T20:00:00,16.6,0,,0,27.7,18.1,356,5.027777778,4,,,,,
14210,42.867,-78.831,2023-05-16T21:00:00,13.6,0,,0,35.3,14.1,333,3.916666667,27,,,,,
14210,42.867,-78.831,2023-05-16T22:00:00,13.3,0,,0,37.1,19,352,5.277777778,8,,,,,
14210,42.867,-78.831,2023-05-16T23:00:00,11.6,0,,0,38.3,23.4,21,6.5,21,,,,,
14210,42.867,-78.831,2023-05-17T00:00:00,10.1,0,,0,35.4,21.6,38,6,38,,,,,
14210,42.867,-78.831,2023-05-17T01:00:00,8.4,0,,0,39.1,27.2,40,7.555555556,40,,,,,
14210,42.867,-78.831,2023-05-17T02:00:00,7.9,0,,0,25.9,18.7,31,5.194444444,31,,,,,
14210,42.867,-78.831,2023-05-17T03:00:00,6.8,0,,0,39.2,20.5,31,5.694444444,31,,,,,
14210,42.867,-78.831,2023-05-17T04:00:00,6.2,0,,0,38.9,17,29,4.722222222,29,,,,,
14210,42.867,-78.831,2023-05-17T05:00:00,5.6,0,,0,24.1,20.1,36,5.583333333,36,,,,,
14210,42.867,-78.831,2023-05-17T06:00:00,4.4,0,,0,25.9,22,38,6.111111111,38,,,,,
14210,42.867,-78.831,2023-05-17T07:00:00,4.4,0,,0,35.3,22,37,6.111111111,37,,,,,
14210,42.867,-78.831,2023-05-17T08:00:00,4.5,0,,0,27.7,22.7,38,6.305555556,38,,,,,
14210,42.867,-78.831,2023-05-17T09:00:00,4.5,0,,0,28.1,15.8,13,4.388888889,13,,,,,
14210,42.867,-78.831,2023-05-17T10:00:00,6.1,0,,0,35.3,15.2,31,4.222222222,31,,,,,
14210,42.867,-78.831,2023-05-17T11:00:00,6.7,0,,0,37.1,16.1,343,4.472222222,17,,,,,
14210,42.867,-78.831,2023-05-17T12:00:00,7.2,0,,0,36.1,17,341,4.722222222,19,,,,,
14210,42.867,-78.831,2023-05-17T13:00:00,8.3,0,,0,31.9,15.6,338,4.333333333,22,,,,,
14210,42.867,-78.831,2023-05-17T14:00:00,8.9,0,,0,33.5,16.5,358,4.583333333,2,,,,,
14210,42.867,-78.831,2023-05-17T15:00:00,9.5,0,,0,33.5,13.6,1,3.777777778,1,,,,,
14210,42.867,-78.831,2023-05-17T16:00:00,10.1,0,,0,29.5,13.5,15,3.75,15,,,,,
14210,42.867,-78.831,2023-05-17T17:00:00,10.7,0,,0,27.5,16.3,355,4.527777778,5,,,,,
14210,42.867,-78.831,2023-05-17T18:00:00,10.1,0,,0,20.5,10.4,353,2.888888889,7,,,,,
14210,42.867,-78.831,2023-05-17T19:00:00,10.2,0,,0,16.6,1.4,8,0.388888889,8,,,,,
14210,42.867,-78.831,2023-05-17T20:00:00,9.4,0,,0,14.8,6.4,8,1.777777778,8,,,,,
14210,42.867,-78.831,2023-05-17T21:00:00,8,0,,0,11.2,7.3,58,2.027777778,58,,,,,
14210,42.867,-78.831,2023-05-17T22:00:00,7.2,0,,0,9.4,0.2,3,0.055555556,3,,,,,
14210,42.867,-78.831,2023-05-17T23:00:00,6.9,0,,0,9.4,4.6,82,1.277777778,82,,,,,
14210,42.867,-78.831,2023-05-18T00:00:00,5.4,0,,0,7.6,8,93,2.222222222,87,,,,,
14210,42.867,-78.831,2023-05-18T01:00:00,3.8,0,,0,5.4,8,148,2.222222222,32,,,,,
14210,42.867,-78.831,2023-05-18T02:00:00,3.4,0,,0,5.4,6.3,127,1.75,53,,,,,
14210,42.867,-78.831,2023-05-18T03:00:00,2.3,0,,0,5.4,6.4,133,1.777777778,47,,,,,
14210,42.867,-78.831,2023-05-18T04:00:00,1.8,0,,0,5.4,4.6,136,1.277777778,44,,,,,
14210,42.867,-78.831,2023-05-18T05:00:00,1.7,0,,0,5.4,4.6,131,1.277777778,49,,,,,
14210,42.867,-78.831,2023-05-18T06:00:00,1.1,0,,0,5.4,4.6,118,1.277777778,62,,,,,
14210,42.867,-78.831,2023-05-18T07:00:00,1.8,0,,0,7.6,0,4,0,4,,,,,
14210,42.867,-78.831,2023-05-18T08:00:00,4.7,0,,0,11.2,4.6,137,1.277777778,43,,,,,
14210,42.867,-78.831,2023-05-18T09:00:00,8.2,0,,0,9.4,10.1,147,2.805555556,33,,,,,
14210,42.867,-78.831,2023-05-18T10:00:00,10.2,0,,0,9.4,0.3,5,0.083333333,5,,,,,
14210,42.867,-78.831,2023-05-18T11:00:00,11.8,0,,0,9.4,9.2,88,2.555555556,88,,,,,
14210,42.867,-78.831,2023-05-18T12:00:00,13.5,0,,0,9.4,6.4,90,1.777777778,90,,,,,
14210,42.867,-78.831,2023-05-18T13:00:00,15,0,,0,9.4,1,32,0.277777778,32,,,,,
14210,42.867,-78.831,2023-05-18T14:00:00,17,0,,0,9.4,10.6,12,2.944444444,12,,,,,
14210,42.867,-78.831,2023-05-18T15:00:00,16.5,0,,0,31.3,7.4,277,2.055555556,83,,,,,
14210,42.867,-78.831,2023-05-18T16:00:00,17.5,0,,0,35.3,3.7,6,1.027777778,6,,,,,
14210,42.867,-78.831,2023-05-18T17:00:00,18.4,0,,0,13,9.8,333,2.722222222,27,,,,,
14210,42.867,-78.831,2023-05-18T18:00:00,17.5,0,,0,33.5,20.1,33,5.583333333,33,,,,,
14210,42.867,-78.831,2023-05-18T19:00:00,15.9,0,,0,33.5,20.1,49,5.583333333,49,,,,,
14210,42.867,-78.831,2023-05-18T20:00:00,14.2,0,,0,13,16.1,33,4.472222222,33,,,,,
14210,42.867,-78.831,2023-05-18T21:00:00,11.9,0,,0,7.6,9.4,30,2.611111111,30,,,,,
14210,42.867,-78.831,2023-05-18T22:00:00,10.8,0,,0,7.6,9,22,2.5,22,,,,,
14210,42.867,-78.831,2023-05-18T23:00:00,9.7,0,,0,11.2,9.1,35,2.527777778,35,,,,,
14210,42.867,-78.831,2023-05-19T00:00:00,9.6,0,,0,14.8,1,19,0.277777778,19,,,,,
14210,42.867,-78.831,2023-05-19T01:00:00,9.6,0,,0,27.7,0.2,6,0.055555556,6,,,,,
14210,42.867,-78.831,2023-05-19T02:00:00,10.1,0,,0,42.5,5.3,133,1.472222222,47,,,,,
14210,42.867,-78.831,2023-05-19T03:00:00,10,0,,0,29.5,7.9,156,2.194444444,24,,,,,
14210,42.867,-78.831,2023-05-19T04:00:00,10.3,0,,0,35.3,8.5,160,2.361111111,20,,,,,
14210,42.867,-78.831,2023-05-19T05:00:00,10.9,0,,0,37.1,4.6,212,1.277777778,32,,,,,
14210,42.867,-78.831,2023-05-19T06:00:00,11.7,0,,0,40.7,10.6,255,2.944444444,75,,,,,
14210,42.867,-78.831,2023-05-19T07:00:00,14.2,0,,0,44.3,17.3,199,4.805555556,19,,,,,
14210,42.867,-78.831,2023-05-19T08:00:00,16,0,,0,48.2,23,189,6.388888889,9,,,,,
14210,42.867,-78.831,2023-05-19T09:00:00,18.3,0,,0,43.5,24.8,196,6.888888889,16,,,,,
14210,42.867,-78.831,2023-05-19T10:00:00,19.9,0,,0,37.6,31.3,201,8.694444444,21,,,,,
14210,42.867,-78.831,2023-05-19T11:00:00,21.1,0,,0,45.5,28.1,200,7.805555556,20,,,,,
14210,42.867,-78.831,2023-05-19T12:00:00,21.8,0,,0,38.9,19.3,211,5.361111111,31,,,,,
14210,42.867,-78.831,2023-05-19T13:00:00,21.8,0,,0,37.7,19,211,5.277777778,31,,,,,
14210,42.867,-78.831,2023-05-19T14:00:00,21.9,0,,0,38.1,21.5,229,5.972222222,49,,,,,
14210,42.867,-78.831,2023-05-19T15:00:00,20.4,0,,0,42.3,22.4,200,6.222222222,20,,,,,
14210,42.867,-78.831,2023-05-19T16:00:00,19.7,0.247,rain,0,43,23.3,189,6.472222222,9,,,,,
14210,42.867,-78.831,2023-05-19T17:00:00,19.5,0,,0,50,25.6,196,7.111111111,16,,,,,
14210,42.867,-78.831,2023-05-19T18:00:00,20.1,0,,0,40.7,23.2,191,6.444444444,11,,,,,
14210,42.867,-78.831,2023-05-19T19:00:00,20.1,0,,0,47.8,26.2,198,7.277777778,18,,,,,
14210,42.867,-78.831,2023-05-19T20:00:00,19.3,0,,0,25.9,21.4,198,5.944444444,18,,,,,
14210,42.867,-78.831,2023-05-19T21:00:00,18.3,0,,0,35.3,15.7,189,4.361111111,9,,,,,
14210,42.867,-78.831,2023-05-19T22:00:00,18.7,0,,0,35.3,17.8,188,4.944444444,8,,,,,
14210,42.867,-78.831,2023-05-19T23:00:00,18.8,0,,0,35.3,17.7,187,4.916666667,7,,,,,
14210,42.867,-78.831,2023-05-20T00:00:00,18.8,0,,0,35.3,15.8,162,4.388888889,18,,,,,
14210,42.867,-78.831,2023-05-20T01:00:00,18.4,0,,0,37.1,15.1,154,4.194444444,26,,,,,
14210,42.867,-78.831,2023-05-20T02:00:00,18.3,0,,0,38.9,21.6,167,6,13,,,,,
14210,42.867,-78.831,2023-05-20T03:00:00,18.6,0.007,rain,0,33.5,19.8,173,5.5,7,,,,,
14210,42.867,-78.831,2023-05-20T04:00:00,18.6,0.06,rain,0,35.3,12.6,231,3.5,51,,,,,
14210,42.867,-78.831,2023-05-20T05:00:00,16.8,0,,0,31.3,9.5,189,2.638888889,9,,,,,
14210,42.867,-78.831,2023-05-20T06:00:00,16.8,0.162,rain,0,25.9,9.8,176,2.722222222,4,,,,,
14210,42.867,-78.831,2023-05-20T07:00:00,15.6,0.091,rain,0,20.5,14.7,220,4.083333333,40,,,,,
14210,42.867,-78.831,2023-05-20T08:00:00,15.1,0.112,rain,0,20.5,14.4,204,4,24,,,,,
14210,42.867,-78.831,2023-05-20T09:00:00,14.9,1.715,rain,0,24.1,10,224,2.777777778,44,,,,,
14210,42.867,-78.831,2023-05-20T10:00:00,14,1.383,rain,0,25.9,9.4,197,2.611111111,17,,,,,
14210,42.867,-78.831,2023-05-20T11:00:00,14,2.942,rain,0,33.5,8.5,172,2.361111111,8,,,,,
14210,42.867,-78.831,2023-05-20T12:00:00,14.4,1.935,rain,0,27.7,9.8,176,2.722222222,4,,,,,
14210,42.867,-78.831,2023-05-20T13:00:00,15,0.788,rain,0,31.3,11.9,180,3.305555556,0,,,,,
14210,42.867,-78.831,2023-05-20T14:00:00,14,1.682,rain,0,37.1,17.8,236,4.944444444,56,,,,,
14210,42.867,-78.831,2023-05-20T15:00:00,12.1,0.486,rain,0,40.7,24.5,232,6.805555556,52,,,,,
14210,42.867,-78.831,2023-05-20T16:00:00,13.4,0,,0,37.1,24.6,227,6.833333333,47,,,,,
14210,42.867,-78.831,2023-05-20T17:00:00,13.8,0,,0,50,32.4,224,9,44,,,,,
14210,42.867,-78.831,2023-05-20T18:00:00,13,0,,0,53.3,31.9,240,8.861111111,60,,,,,
14210,42.867,-78.831,2023-05-20T19:00:00,11.8,0,,0,47.5,30,231,8.333333333,51,,,,,
14210,42.867,-78.831,2023-05-20T20:00:00,11.3,0,,0,44.1,17.9,232,4.972222222,52,,,,,
14210,42.867,-78.831,2023-05-20T21:00:00,10.9,0,,0,38.9,18,231,5,51,,,,,
14210,42.867,-78.831,2023-05-20T22:00:00,11.3,0,,0,40.3,27.4,244,7.611111111,64,,,,,
14210,42.867,-78.831,2023-05-20T23:00:00,11.3,0,,0,35.5,22.9,234,6.361111111,54,,,,,
14210,42.867,-78.831,2023-05-21T00:00:00,11.3,0,,0,40.2,23.4,243,6.5,63,,,,,
14210,42.867,-78.831,2023-05-21T01:00:00,11.3,0,,0,42.2,25,242,6.944444444,62,,,,,
14210,42.867,-78.831,2023-05-21T02:00:00,10.8,0,,0,44.3,21.8,250,6.055555556,70,,,,,
14210,42.867,-78.831,2023-05-21T03:00:00,10.9,0,,0,37.1,20.5,243,5.694444444,63,,,,,
14210,42.867,-78.831,2023-05-21T04:00:00,10.7,0,,0,33.5,16.8,252,4.666666667,72,,,,,
14210,42.867,-78.831,2023-05-21T05:00:00,9.6,0,,0,31.3,11.4,225,3.166666667,45,,,,,
14210,42.867,-78.831,2023-05-21T06:00:00,9.5,0,,0,27.7,11.3,225,3.138888889,45,,,,,
14210,42.867,-78.831,2023-05-21T07:00:00,10.7,0,,0,25.9,14.8,235,4.111111111,55,,,,,
14210,42.867,-78.831,2023-05-21T08:00:00,12,0,,0,25.9,19.1,224,5.305555556,44,,,,,
14210,42.867,-78.831,2023-05-21T09:00:00,13.2,0,,0,24.1,21.9,226,6.083333333,46,,,,,
14210,42.867,-78.831,2023-05-21T10:00:00,14.3,0,,0,24.1,19.9,239,5.527777778,59,,,,,
14210,42.867,-78.831,2023-05-21T11:00:00,15,0,,0,25.9,18.5,233,5.138888889,53,,,,,
14210,42.867,-78.831,2023-05-21T12:00:00,15.6,0,,0,37.1,22.5,226,6.25,46,,,,,
14210,42.867,-78.831,2023-05-21T13:00:00,16.6,0,,0,38.9,21.2,217,5.888888889,37,,,,,
14210,42.867,-78.831,2023-05-21T14:00:00,17.1,0,,0,40.7,25.7,220,7.138888889,40,,,,,
14210,42.867,-78.831,2023-05-21T15:00:00,17.6,0,,0,42.5,24.8,232,6.888888889,52,,,,,
14210,42.867,-78.831,2023-05-21T16:00:00,17.8,0,,0,44.6,23.2,233,6.444444444,53,,,,,
14210,42.867,-78.831,2023-05-21T17:00:00,17.3,0,,0,38.9,27.7,225,7.694444444,45,,,,,
14210,42.867,-78.831,2023-05-21T18:00:00,17.3,0,,0,37.1,20.8,219,5.777777778,39,,,,,
14210,42.867,-78.831,2023-05-21T19:00:00,16.1,0,,0,33.5,20.2,219,5.611111111,39,,,,,
14210,42.867,-78.831,2023-05-21T20:00:00,14.8,0,,0,27.7,22.8,216,6.333333333,36,,,,,
14210,42.867,-78.831,2023-05-21T21:00:00,13.2,0,,0,24.1,16.8,210,4.666666667,30,,,,,
14210,42.867,-78.831,2023-05-21T22:00:00,12.9,0,,0,22.3,13.4,258,3.722222222,78,,,,,
14210,42.867,-78.831,2023-05-21T23:00:00,13.3,0,,0,20.5,13.3,267,3.694444444,87,,,,,
14210,42.867,-78.831,2023-05-22T00:00:00,12.7,0,,0,14.8,6.3,241,1.75,61,,,,,
14210,42.867,-78.831,2023-05-22T01:00:00,12,0,,0,11.2,6.4,235,1.777777778,55,,,,,
14210,42.867,-78.831,2023-05-22T02:00:00,11.9,0,,0,7.6,0.1,359,0.027777778,1,,,,,
14210,42.867,-78.831,2023-05-22T03:00:00,10.5,0,,0,7.6,0.2,359,0.055555556,1,,,,,
14210,42.867,-78.831,2023-05-22T04:00:00,10.1,0,,0,7.6,1.6,1,0.444444444,1,,,,,
14210,42.867,-78.831,2023-05-22T05:00:00,9.2,0,,0,9.4,2.3,11,0.638888889,11,,,,,
14210,42.867,-78.831,2023-05-22T06:00:00,8.7,0,,0,31.3,7.1,66,1.972222222,66,,,,,
14210,42.867,-78.831,2023-05-22T07:00:00,9.6,0,,0,37.1,12.1,35,3.361111111,35,,,,,
14210,42.867,-78.831,2023-05-22T08:00:00,10.8,0,,0,22.3,15.9,53,4.416666667,53,,,,,
14210,42.867,-78.831,2023-05-22T09:00:00,12.3,0,,0,46.1,22.7,53,6.305555556,53,,,,,
14210,42.867,-78.831,2023-05-22T10:00:00,13.4,0,,0,44.3,18.8,68,5.222222222,68,,,,,
14210,42.867,-78.831,2023-05-22T11:00:00,15,0,,0,22.3,15.3,54,4.25,54,,,,,
14210,42.867,-78.831,2023-05-22T12:00:00,16.6,0,,0,38.9,12.2,71,3.388888889,71,,,,,
14210,42.867,-78.831,2023-05-22T13:00:00,18.1,0,,0,37.1,14.6,32,4.055555556,32,,,,,
14210,42.867,-78.831,2023-05-22T14:00:00,18.3,0,,0,33.5,16.8,35,4.666666667,35,,,,,
14210,42.867,-78.831,2023-05-22T15:00:00,18.9,0,,0,30.4,15,53,4.166666667,53,,,,,
14210,42.867,-78.831,2023-05-22T16:00:00,19.4,0,,0,33.6,18.9,36,5.25,36,,,,,
14210,42.867,-78.831,2023-05-22T17:00:00,19.3,0,,0,27.7,17.8,36,4.944444444,36,,,,,
14210,42.867,-78.831,2023-05-22T18:00:00,18.8,0,,0,27.7,17.5,45,4.861111111,45,,,,,
14210,42.867,-78.831,2023-05-22T19:00:00,17.7,0,,0,20.5,14.7,62,4.083333333,62,,,,,
14210,42.867,-78.831,2023-05-22T20:00:00,16.6,0,,0,18.4,12.7,43,3.527777778,43,,,,,
14210,42.867,-78.831,2023-05-22T21:00:00,14.2,0,,0,18.4,11.1,49,3.083333333,49,,,,,
14210,42.867,-78.831,2023-05-22T22:00:00,13.3,0,,0,16.6,10.8,53,3,53,,,,,
14210,42.867,-78.831,2023-05-22T23:00:00,13.2,0,,0,16.6,9.4,70,2.611111111,70,,,,,
14210,42.867,-78.831,2023-05-23T00:00:00,12.2,0,,0,14.8,11.7,72,3.25,72,,,,,
14210,42.867,-78.831,2023-05-23T01:00:00,11.6,0,,0,14.8,10.1,98,2.805555556,82,,,,,
14210,42.867,-78.831,2023-05-23T02:00:00,11,0,,0,13,11.7,98,3.25,82,,,,,
14210,42.867,-78.831,2023-05-23T03:00:00,10.5,0,,0,11.2,8.6,110,2.388888889,70,,,,,
14210,42.867,-78.831,2023-05-23T04:00:00,9.9,0,,0,9.4,8.8,90,2.444444444,90,,,,,
14210,42.867,-78.831,2023-05-23T05:00:00,9.7,0,,0,9.4,7.8,88,2.166666667,88,,,,,
14210,42.867,-78.831,2023-05-23T06:00:00,10.6,0,,0,7.6,9.3,110,2.583333333,70,,,,,
14210,42.867,-78.831,2023-05-23T07:00:00,11.4,0,,0,7.6,9.1,104,2.527777778,76,,,,,
14210,42.867,-78.831,2023-05-23T08:00:00,13.6,0,,0,7.6,8.5,95,2.361111111,85,,,,,
14210,42.867,-78.831,2023-05-23T09:00:00,15.6,0,,0,7.6,7.5,126,2.083333333,54,,,,,
14210,42.867,-78.831,2023-05-23T10:00:00,18.3,0,,0,9.4,1.2,33,0.333333333,33,,,,,
14210,42.867,-78.831,2023-05-23T11:00:00,21,0,,0,13,9,209,2.5,29,,,,,
14210,42.867,-78.831,2023-05-23T12:00:00,23.1,0,,0,11.2,14,247,3.888888889,67,,,,,
14210,42.867,-78.831,2023-05-23T13:00:00,23.6,0,,0,16.6,18.3,262,5.083333333,82,,,,,
14210,42.867,-78.831,2023-05-23T14:00:00,24.2,0,,0,27.7,14.1,249,3.916666667,69,,,,,
14210,42.867,-78.831,2023-05-23T15:00:00,24.8,0,,0,22.3,15.1,203,4.194444444,23,,,,,
14210,42.867,-78.831,2023-05-23T16:00:00,24.9,0,,0,22.3,11.8,208,3.277777778,28,,,,,
14210,42.867,-78.831,2023-05-23T17:00:00,25.4,0,,0,20.5,17,254,4.722222222,74,,,,,
14210,42.867,-78.831,2023-05-23T18:00:00,24.8,0,,0,18.4,13.7,251,3.805555556,71,,,,,
14210,42.867,-78.831,2023-05-23T19:00:00,23.9,0,,0,14.8,13.4,274,3.722222222,86,,,,,
14210,42.867,-78.831,2023-05-23T20:00:00,22,0,,0,11.2,11,240,3.055555556,60,,,,,
14210,42.867,-78.831,2023-05-23T21:00:00,19.2,0,,0,11.2,10.9,218,3.027777778,38,,,,,
14210,42.867,-78.831,2023-05-23T22:00:00,18.2,0,,0,13,10.7,211,2.972222222,31,,,,,
14210,42.867,-78.831,2023-05-23T23:00:00,17,0,,0,13,9.1,194,2.527777778,14,,,,,
14210,42.867,-78.831,2023-05-24T00:00:00,16.6,0,,0,14.8,9.1,193,2.527777778,13,,,,,
14210,42.867,-78.831,2023-05-24T01:00:00,16.5,0,,0,14.8,7.1,204,1.972222222,24,,,,,
14210,42.867,-78.831,2023-05-24T02:00:00,16.9,0,,0,16.6,5.5,238,1.527777778,58,,,,,
14210,42.867,-78.831,2023-05-24T03:00:00,16,0,,0,9.4,7.9,205,2.194444444,25,,,,,
14210,42.867,-78.831,2023-05-24T04:00:00,16.1,0,,0,11.2,7.9,205,2.194444444,25,,,,,
14210,42.867,-78.831,2023-05-24T05:00:00,15.8,0,,0,11.2,15,196,4.166666667,16,,,,,
14210,42.867,-78.831,2023-05-24T06:00:00,15.3,0,,0,11.2,12.7,222,3.527777778,42,,,,,
14210,42.867,-78.831,2023-05-24T07:00:00,16.3,0,,0,9.4,8.9,285,2.472222222,75,,,,,
14210,42.867,-78.831,2023-05-24T08:00:00,17.1,0,,0,9.4,11.9,248,3.305555556,68,,,,,
14210,42.867,-78.831,2023-05-24T09:00:00,18.7,0,,0,33.5,18.8,257,5.222222222,77,,,,,
14210,42.867,-78.831,2023-05-24T10:00:00,18.8,0,,0,36.3,14.6,279,4.055555556,81,,,,,
14210,42.867,-78.831,2023-05-24T11:00:00,16.3,0,,0,37.1,21.5,21,5.972222222,21,,,,,
14210,42.867,-78.831,2023-05-24T12:00:00,13.9,0,,0,40.3,20.6,31,5.722222222,31,,,,,
14210,42.867,-78.831,2023-05-24T13:00:00,13.9,0,,0,33.3,22.2,11,6.166666667,11,,,,,
14210,42.867,-78.831,2023-05-24T14:00:00,14.1,0,,0,33.5,18.9,18,5.25,18,,,,,
14210,42.867,-78.831,2023-05-24T15:00:00,14,0,,0,32.9,20.9,11,5.805555556,11,,,,,
14210,42.867,-78.831,2023-05-24T16:00:00,15.1,0,,0,33.5,18.4,17,5.111111111,17,,,,,
14210,42.867,-78.831,2023-05-24T17:00:00,15.1,0,,0,38.3,23.2,27,6.444444444,27,,,,,
14210,42.867,-78.831,2023-05-24T18:00:00,15.7,0,,0,37.2,21.1,29,5.861111111,29,,,,,
14210,42.867,-78.831,2023-05-24T19:00:00,15,0,,0,31.8,18.7,19,5.194444444,19,,,,,
14210,42.867,-78.831,2023-05-24T20:00:00,13.9,0,,0,25.9,16.2,30,4.5,30,,,,,
14210,42.867,-78.831,2023-05-24T21:00:00,11.7,0,,0,24.1,11,31,3.055555556,31,,,,,
14210,42.867,-78.831,2023-05-24T22:00:00,10.7,0,,0,35.3,10,29,2.777777778,29,,,,,
14210,42.867,-78.831,2023-05-24T23:00:00,9.4,0,,0,14.8,13.1,28,3.638888889,28,,,,,
14210,42.867,-78.831,2023-05-25T00:00:00,9,0,,0,43.2,26.3,41,7.305555556,41,,,,,
14210,42.867,-78.831,2023-05-25T01:00:00,7.3,0,,0,38,18.3,33,5.083333333,33,,,,,
14210,42.867,-78.831,2023-05-25T02:00:00,6.2,0,,0,13,16.5,33,4.583333333,33,,,,,
14210,42.867,-78.831,2023-05-25T03:00:00,5.1,0,,0,38.9,9.9,12,2.75,12,,,,,
14210,42.867,-78.831,2023-05-25T04:00:00,4.4,0,,0,37.1,11.4,22,3.166666667,22,,,,,
14210,42.867,-78.831,2023-05-25T05:00:00,3.6,0,,0,25.9,9.9,12,2.75,12,,,,,
14210,42.867,-78.831,2023-05-25T06:00:00,3.6,0,,0,35.3,13,20,3.611111111,20,,,,,
14210,42.867,-78.831,2023-05-25T07:00:00,4.7,0,,0,37.1,12.8,21,3.555555556,21,,,,,
14210,42.867,-78.831,2023-05-25T08:00:00,6.9,0,,0,24.1,19.9,40,5.527777778,40,,,,,
14210,42.867,-78.831,2023-05-25T09:00:00,8.5,0,,0,29.5,20,49,5.555555556,49,,,,,
14210,42.867,-78.831,2023-05-25T10:00:00,10.1,0,,0,31.7,18.2,22,5.055555556,22,,,,,
14210,42.867,-78.831,2023-05-25T11:00:00,11.2,0,,0,29.5,14.4,21,4,21,,,,,
14210,42.867,-78.831,2023-05-25T12:00:00,12.7,0,,0,27.7,16.2,31,4.5,31,,,,,
14210,42.867,-78.831,2023-05-25T13:00:00,13.2,0,,0,35.6,21.3,39,5.916666667,39,,,,,
14210,42.867,-78.831,2023-05-25T14:00:00,13.8,0,,0,29.8,14.2,352,3.944444444,8,,,,,
14210,42.867,-78.831,2023-05-25T15:00:00,14.9,0,,0,29.6,16.7,13,4.638888889,13,,,,,
14210,42.867,-78.831,2023-05-25T16:00:00,15.1,0,,0,32.1,14,19,3.888888889,19,,,,,
14210,42.867,-78.831,2023-05-25T17:00:00,15.7,0,,0,29.5,13.4,20,3.722222222,20,,,,,
14210,42.867,-78.831,2023-05-25T18:00:00,15.8,0,,0,33.5,19.6,51,5.444444444,51,,,,,
14210,42.867,-78.831,2023-05-25T19:00:00,15.7,0,,0,14.8,16,22,4.444444444,22,,,,,
14210,42.867,-78.831,2023-05-25T20:00:00,14.5,0,,0,11.2,9.7,37,2.694444444,37,,,,,
14210,42.867,-78.831,2023-05-25T21:00:00,12.9,0,,0,7.6,5.2,36,1.444444444,36,,,,,
14210,42.867,-78.831,2023-05-25T22:00:00,11.8,0,,0,7.6,0.1,353,0.027777778,7,,,,,
14210,42.867,-78.831,2023-05-25T23:00:00,11.1,0,,0,5.4,0.3,360,0.083333333,0,,,,,
14210,42.867,-78.831,2023-05-26T00:00:00,9,0,,0,5.4,6,88,1.666666667,88,,,,,
14210,42.867,-78.831,2023-05-26T01:00:00,8.6,0,,0,3.6,6.4,95,1.777777778,85,,,,,
14210,42.867,-78.831,2023-05-26T02:00:00,6.7,0,,0,3.6,4.5,124,1.25,56,,,,,
14210,42.867,-78.831,2023-05-26T03:00:00,5.7,0,,0,5.4,4.6,136,1.277777778,44,,,,,
14210,42.867,-78.831,2023-05-26T04:00:00,5.1,0,,0,3.6,4.5,199,1.25,19,,,,,
14210,42.867,-78.831,2023-05-26T05:00:00,4.9,0,,0,3.6,4.6,129,1.277777778,51,,,,,
14210,42.867,-78.831,2023-05-26T06:00:00,4.4,0,,0,3.6,6.3,129,1.75,51,,,,,
14210,42.867,-78.831,2023-05-26T07:00:00,5.9,0,,0,1.8,4.7,147,1.305555556,33,,,,,
14210,42.867,-78.831,2023-05-26T08:00:00,9.2,0,,0,1.8,0.2,357,0.055555556,3,,,,,
14210,42.867,-78.831,2023-05-26T09:00:00,12.9,0,,0,5.4,0.2,358,0.055555556,2,,,,,
14210,42.867,-78.831,2023-05-26T10:00:00,15,0,,0,9.4,1.5,344,0.416666667,16,,,,,
14210,42.867,-78.831,2023-05-26T11:00:00,17.1,0,,0,13,1.2,350,0.333333333,10,,,,,
14210,42.867,-78.831,2023-05-26T12:00:00,18.3,0,,0,14.8,8.2,328,2.277777778,32,,,,,
14210,42.867,-78.831,2023-05-26T13:00:00,18.9,0,,0,16.6,12.7,16,3.527777778,16,,,,,
14210,42.867,-78.831,2023-05-26T14:00:00,20,0,,0,25.9,16.5,36,4.583333333,36,,,,,
14210,42.867,-78.831,2023-05-26T15:00:00,20.6,0,,0,16.6,12.7,13,3.527777778,13,,,,,
14210,42.867,-78.831,2023-05-26T16:00:00,21,0,,0,14.8,16,12,4.444444444,12,,,,,
14210,42.867,-78.831,2023-05-26T17:00:00,21.1,0,,0,13,13.4,17,3.722222222,17,,,,,
14210,42.867,-78.831,2023-05-26T18:00:00,20.6,0,,0,13,11.6,26,3.222222222,26,,,,,
14210,42.867,-78.831,2023-05-26T19:00:00,20.1,0,,0,11.2,9.3,12,2.583333333,12,,,,,
14210,42.867,-78.831,2023-05-26T20:00:00,18.9,0,,0,11.2,7.7,45,2.138888889,45,,,,,
14210,42.867,-78.831,2023-05-26T21:00:00,17.7,0,,0,9.4,0.2,14,0.055555556,14,,,,,
14210,42.867,-78.831,2023-05-26T22:00:00,16.1,0,,0,7.6,4.5,199,1.25,19,,,,,
14210,42.867,-78.831,2023-05-26T23:00:00,13.9,0,,0,7.6,0.8,19,0.222222222,19,,,,,
14210,42.867,-78.831,2023-05-27T00:00:00,11.7,0,,0,7.6,6.4,112,1.777777778,68,,,,,
14210,42.867,-78.831,2023-05-27T01:00:00,10.6,0,,0,9.4,6.3,131,1.75,49,,,,,
14210,42.867,-78.831,2023-05-27T02:00:00,10.4,0,,0,9.4,6.4,100,1.777777778,80,,,,,
14210,42.867,-78.831,2023-05-27T03:00:00,8.4,0,,0,3.6,12.5,48,3.472222222,48,,,,,
14210,42.867,-78.831,2023-05-27T04:00:00,8.8,0,,0,3.6,0.8,24,0.222222222,24,,,,,
14210,42.867,-78.831,2023-05-27T05:00:00,8,0,,0,3.6,4.5,203,1.25,23,,,,,
14210,42.867,-78.831,2023-05-27T06:00:00,8.3,0,,0,3.6,0.1,6,0.027777778,6,,,,,
14210,42.867,-78.831,2023-05-27T07:00:00,9,0,,0,3.6,5.2,178,1.444444444,2,,,,,
14210,42.867,-78.831,2023-05-27T08:00:00,11.5,0,,0,5.4,6.3,149,1.75,31,,,,,
14210,42.867,-78.831,2023-05-27T09:00:00,15.7,0,,0,5.4,7.5,173,2.083333333,7,,,,,
14210,42.867,-78.831,2023-05-27T10:00:00,18,0,,0,5.4,1.1,314,0.305555556,46,,,,,
14210,42.867,-78.831,2023-05-27T11:00:00,20.6,0,,0,5.4,0.4,6,0.111111111,6,,,,,
14210,42.867,-78.831,2023-05-27T12:00:00,21.2,0,,0,5.4,0.3,5,0.083333333,5,,,,,
14210,42.867,-78.831,2023-05-27T13:00:00,23.2,0,,0,7.6,10.1,24,2.805555556,24,,,,,
14210,42.867,-78.831,2023-05-27T14:00:00,23.2,0,,0,7.6,2.4,5,0.666666667,5,,,,,
14210,42.867,-78.831,2023-05-27T15:00:00,24.6,0,,0,31.7,14.7,42,4.083333333,42,,,,,
14210,42.867,-78.831,2023-05-27T16:00:00,24.6,0,,0,3.6,8.6,338,2.388888889,22,,,,,
14210,42.867,-78.831,2023-05-27T17:00:00,24.7,0,,0,5.4,16.3,28,4.527777778,28,,,,,
14210,42.867,-78.831,2023-05-27T18:00:00,23.7,0,,0,7.6,17.1,360,4.75,0,,,,,
14210,42.867,-78.831,2023-05-27T19:00:00,23.2,0,,0,7.6,10.6,28,2.944444444,28,,,,,
14210,42.867,-78.831,2023-05-27T20:00:00,21.5,0,,0,9.4,10.5,12,2.916666667,12,,,,,
14210,42.867,-78.831,2023-05-27T21:00:00,19.3,0,,0,11.2,7.1,18,1.972222222,18,,,,,
14210,42.867,-78.831,2023-05-27T22:00:00,17.5,0,,0,11.2,10.4,64,2.888888889,64,,,,,
14210,42.867,-78.831,2023-05-27T23:00:00,17.4,0,,0,9.4,7.8,83,2.166666667,83,,,,,
14210,42.867,-78.831,2023-05-28T00:00:00,16.2,0,,0,9.4,9.3,109,2.583333333,71,,,,,
14210,42.867,-78.831,2023-05-28T01:00:00,15.2,0,,0,9.4,8,114,2.222222222,66,,,,,
14210,42.867,-78.831,2023-05-28T02:00:00,14,0,,0,9.4,6.4,97,1.777777778,83,,,,,
14210,42.867,-78.831,2023-05-28T03:00:00,13.2,0,,0,5.4,7.9,116,2.194444444,64,,,,,
14210,42.867,-78.831,2023-05-28T04:00:00,12.6,0,,0,5.4,6.3,93,1.75,87,,,,,
14210,42.867,-78.831,2023-05-28T05:00:00,12.6,0,,0,5.4,6.3,115,1.75,65,,,,,
14210,42.867,-78.831,2023-05-28T06:00:00,11.5,0,,0,3.6,0.1,355,0.027777778,5,,,,,
14210,42.867,-78.831,2023-05-28T07:00:00,12.6,0,,0,3.6,4.6,86,1.277777778,86,,,,,
14210,42.867,-78.831,2023-05-28T08:00:00,15.1,0,,0,1.8,4.6,69,1.277777778,69,,,,,
14210,42.867,-78.831,2023-05-28T09:00:00,18.1,0,,0,3.6,2.8,95,0.777777778,85,,,,,
14210,42.867,-78.831,2023-05-28T10:00:00,20.9,0,,0,5.4,1,16,0.277777778,16,,,,,
14210,42.867,-78.831,2023-05-28T11:00:00,22.9,0,,0,7.6,1.2,1,0.333333333,1,,,,,
14210,42.867,-78.831,2023-05-28T12:00:00,25.4,0,,0,7.6,1,4,0.277777778,4,,,,,
14210,42.867,-78.831,2023-05-28T13:00:00,25.9,0,,0,7.6,9.9,287,2.75,73,,,,,
14210,42.867,-78.831,2023-05-28T14:00:00,26,0,,0,7.6,9.5,234,2.638888889,54,,,,,
14210,42.867,-78.831,2023-05-28T15:00:00,27,0,,0,7.6,6.4,31,1.777777778,31,,,,,
14210,42.867,-78.831,2023-05-28T16:00:00,27,0,,0,7.6,9.7,344,2.694444444,16,,,,,
14210,42.867,-78.831,2023-05-28T17:00:00,27,0,,0,7.6,9.3,20,2.583333333,20,,,,,
14210,42.867,-78.831,2023-05-28T18:00:00,26.6,0,,0,9.4,13.6,354,3.777777778,6,,,,,
14210,42.867,-78.831,2023-05-28T19:00:00,25.7,0,,0,9.4,12.4,354,3.444444444,6,,,,,
14210,42.867,-78.831,2023-05-28T20:00:00,24.5,0,,0,9.4,6.3,9,1.75,9,,,,,
14210,42.867,-78.831,2023-05-28T21:00:00,22,0,,0,9.4,6.6,17,1.833333333,17,,,,,
14210,42.867,-78.831,2023-05-28T22:00:00,20.2,0,,0,7.6,6.4,25,1.777777778,25,,,,,
14210,42.867,-78.831,2023-05-28T23:00:00,19,0,,0,7.6,0,0,0,0,,,,,
14210,42.867,-78.831,2023-05-29T00:00:00,17.9,0,,0,7.6,5.2,85,1.444444444,85,,,,,
14210,42.867,-78.831,2023-05-29T01:00:00,15.9,0,,0,5.4,0.1,355,0.027777778,5,,,,,
14210,42.867,-78.831,2023-05-29T02:00:00,15.4,0,,0,5.4,0,355,0,5,,,,,
14210,42.867,-78.831,2023-05-29T03:00:00,14.1,0,,0,7.6,4.6,119,1.277777778,61,,,,,
14210,42.867,-78.831,2023-05-29T04:00:00,12,0,,0,5.4,4.6,144,1.277777778,36,,,,,
14210,42.867,-78.831,2023-05-29T05:00:00,12.6,0,,0,3.6,0.1,351,0.027777778,9,,,,,
14210,42.867,-78.831,2023-05-29T06:00:00,11.7,0,,0,3.6,0.1,358,0.027777778,2,,,,,
14210,42.867,-78.831,2023-05-29T07:00:00,12.9,0,,0,3.6,0.1,359,0.027777778,1,,,,,
14210,42.867,-78.831,2023-05-29T08:00:00,15.8,0,,0,3.6,0.2,2,0.055555556,2,,,,,
14210,42.867,-78.831,2023-05-29T09:00:00,19,0,,0,3.6,6.4,41,1.777777778,41,,,,,
14210,42.867,-78.831,2023-05-29T10:00:00,21.7,0,,0,7.6,7.9,45,2.194444444,45,,,,,
14210,42.867,-78.831,2023-05-29T11:00:00,23.8,0,,0,9.4,5.7,33,1.583333333,33,,,,,
14210,42.867,-78.831,2023-05-29T12:00:00,26.5,0,,0,11.2,14,48,3.888888889,48,,,,,
14210,42.867,-78.831,2023-05-29T13:00:00,28,0,,0,37.1,11.8,50,3.277777778,50,,,,,
14210,42.867,-78.831,2023-05-29T14:00:00,28.7,0,,0,22.3,15.5,17,4.305555556,17,,,,,
14210,42.867,-78.831,2023-05-29T15:00:00,28.7,0,,0,27.9,18.7,37,5.194444444,37,,,,,
14210,42.867,-78.831,2023-05-29T16:00:00,28,0,,0,27.7,22.1,30,6.138888889,30,,,,,
14210,42.867,-78.831,2023-05-29T17:00:00,27.6,0,,0,31.3,20.4,47,5.666666667,47,,,,,
14210,42.867,-78.831,2023-05-29T18:00:00,27.1,0,,0,40.1,24.9,41,6.916666667,41,,,,,
14210,42.867,-78.831,2023-05-29T19:00:00,25.5,0,,0,31.3,22.1,43,6.138888889,43,,,,,
14210,42.867,-78.831,2023-05-29T20:00:00,23.4,0,,0,27.7,24.3,44,6.75,44,,,,,
14210,42.867,-78.831,2023-05-29T21:00:00,21.6,0,,0,25.9,14.4,63,4,63,,,,,
14210,42.867,-78.831,2023-05-29T22:00:00,19.8,0,,0,22.3,12.4,71,3.444444444,71,,,,,
14210,42.867,-78.831,2023-05-29T23:00:00,18.6,0,,0,18.4,8,74,2.222222222,74,,,,,
14210,42.867,-78.831,2023-05-30T00:00:00,18.2,0,,0,14.8,10.7,70,2.972222222,70,,,,,
14210,42.867,-78.831,2023-05-30T01:00:00,17.8,0,,0,13,7.4,79,2.055555556,79,,,,,
14210,42.867,-78.831,2023-05-30T02:00:00,17,0,,0,13,8.9,87,2.472222222,87,,,,,
14210,42.867,-78.831,2023-05-30T03:00:00,16.5,0,,0,14.8,10.2,72,2.833333333,72,,,,,
14210,42.867,-78.831,2023-05-30T04:00:00,16.4,0,,0,13,8.8,96,2.444444444,84,,,,,
14210,42.867,-78.831,2023-05-30T05:00:00,15.5,0,,0,9.4,6.5,110,1.805555556,70,,,,,
14210,42.867,-78.831,2023-05-30T06:00:00,14.8,0,,0,13,7.8,126,2.166666667,54,,,,,
14210,42.867,-78.831,2023-05-30T07:00:00,17,0,,0,13,10,166,2.777777778,14,,,,,
14210,42.867,-78.831,2023-05-30T08:00:00,20,0,,0,13,17.1,204,4.75,24,,,,,
14210,42.867,-78.831,2023-05-30T09:00:00,21.2,0,,0,13,19.6,195,5.444444444,15,,,,,
14210,42.867,-78.831,2023-05-30T10:00:00,22.8,0,,0,13,9.8,204,2.722222222,24,,,,,
14210,42.867,-78.831,2023-05-30T11:00:00,24.2,0,,0,20.5,7.7,245,2.138888889,65,,,,,
14210,42.867,-78.831,2023-05-30T12:00:00,25.9,0,,0,22.3,11.6,255,3.222222222,75,,,,,
14210,42.867,-78.831,2023-05-30T13:00:00,27,0,,0,24.1,12.4,250,3.444444444,70,,,,,
14210,42.867,-78.831,2023-05-30T14:00:00,28.1,0,,0,25.9,10.3,276,2.861111111,84,,,,,
14210,42.867,-78.831,2023-05-30T15:00:00,28.6,0,,0,16.6,12.3,276,3.416666667,84,,,,,
14210,42.867,-78.831,2023-05-30T16:00:00,29,0,,0,16.6,7.6,137,2.111111111,43,,,,,
14210,42.867,-78.831,2023-05-30T17:00:00,29.7,0,,0,16.6,10.7,280,2.972222222,80,,,,,
14210,42.867,-78.831,2023-05-30T18:00:00,29.1,0,,0,14.8,7.6,255,2.111111111,75,,,,,
14210,42.867,-78.831,2023-05-30T19:00:00,28.6,0,,0,11.2,8,305,2.222222222,55,,,,,
14210,42.867,-78.831,2023-05-30T20:00:00,27.5,0,,0,3.6,5.9,344,1.638888889,16,,,,,
14210,42.867,-78.831,2023-05-30T21:00:00,24.8,0,,0,5.4,9.2,51,2.555555556,51,,,,,
14210,42.867,-78.831,2023-05-30T22:00:00,23.1,0,,0,5.4,5.8,76,1.611111111,76,,,,,
14210,42.867,-78.831,2023-05-30T23:00:00,22.8,0,,0,7.6,13.4,112,3.722222222,68,,,,,
14210,42.867,-78.831,2023-05-31T00:00:00,21.7,0,,0,7.6,10.8,119,3,61,,,,,
14210,42.867,-78.831,2023-05-31T01:00:00,20.7,0,,0,7.6,6.3,121,1.75,59,,,,,
14210,42.867,-78.831,2023-05-31T02:00:00,19,0,,0,9.4,6.3,213,1.75,33,,,,,
14210,42.867,-78.831,2023-05-31T03:00:00,18,0,,0,9.4,10.1,208,2.805555556,28,,,,,
14210,42.867,-78.831,2023-05-31T04:00:00,18.1,0,,0,11.2,10.9,204,3.027777778,24,,,,,
14210,42.867,-78.831,2023-05-31T05:00:00,18.3,0,,0,13,5.5,186,1.527777778,6,,,,,
14210,42.867,-78.831,2023-05-31T06:00:00,17.1,0,,0,13,7.9,212,2.194444444,32,,,,,
14210,42.867,-78.831,2023-05-31T07:00:00,18.2,0,,0,13,11.5,211,3.194444444,31,,,,,
14210,42.867,-78.831,2023-05-31T08:00:00,20.7,0,,0,13,11.1,202,3.083333333,22,,,,,
14210,42.867,-78.831,2023-05-31T09:00:00,21.9,0,,0,13,10.1,223,2.805555556,43,,,,,
14210,42.867,-78.831,2023-05-31T10:00:00,23.5,0,,0,13,14.4,231,4,51,,,,,
14210,42.867,-78.831,2023-05-31T11:00:00,24.6,0,,0,13,13.2,231,3.666666667,51,,,,,
14210,42.867,-78.831,2023-05-31T12:00:00,25.9,0,,0,14.8,9.5,251,2.638888889,71,,,,,
14210,42.867,-78.831,2023-05-31T13:00:00,27,0,,0,14.8,10.8,214,3,34,,,,,
14210,42.867,-78.831,2023-05-31T14:00:00,28.1,0,,0,16.6,10.5,206,2.916666667,26,,,,,
14210,42.867,-78.831,2023-05-31T15:00:00,28.1,0,,0,16.6,12.4,206,3.444444444,26,,,,,
14210,42.867,-78.831,2023-05-31T16:00:00,28.5,0,,0,16.6,11.1,249,3.083333333,69,,,,,
14210,42.867,-78.831,2023-05-31T17:00:00,29,0,,0,16.6,11,268,3.055555556,88,,,,,
14210,42.867,-78.831,2023-05-31T18:00:00,30,0,,0,13,1.7,353,0.472222222,7,,,,,
14210,42.867,-78.831,2023-05-31T19:00:00,29.3,0,,0,11.2,1.1,353,0.305555556,7,,,,,
14210,42.867,-78.831,2023-05-31T20:00:00,28.3,0,,0,5.4,10,48,2.777777778,48,,,,,
14210,42.867,-78.831,2023-05-31T21:00:00,26.2,0,,0,3.6,4.5,28,1.25,28,,,,,
14210,42.867,-78.831,2023-05-31T22:00:00,24.4,0,,0,3.6,5.3,73,1.472222222,73,,,,,
14210,42.867,-78.831,2023-05-31T23:00:00,23.5,0,,0,3.6,0.3,80,0.083333333,80,,,,,
14210,42.867,-78.831,2023-06-01T00:00:00,22.3,0,,0,3.6,4.7,53,1.305555556,53,,,,,
14210,42.867,-78.831,2023-06-01T01:00:00,20.2,0,,0,5.4,7.1,112,1.972222222,68,,,,,
14210,42.867,-78.831,2023-06-01T02:00:00,18.8,0,,0,3.6,5.2,70,1.444444444,70,,,,,
14210,42.867,-78.831,2023-06-01T03:00:00,18.2,0,,0,3.6,7,115,1.944444444,65,,,,,
14210,42.867,-78.831,2023-06-01T04:00:00,17.2,0,,0,3.6,4.6,115,1.277777778,65,,,,,
14210,42.867,-78.831,2023-06-01T05:00:00,16.7,0,,0,3.6,6.3,84,1.75,84,,,,,
14210,42.867,-78.831,2023-06-01T06:00:00,15.7,0,,0,3.6,4.5,91,1.25,89,,,,,
14210,42.867,-78.831,2023-06-01T07:00:00,16.8,0,,0,3.6,4.7,139,1.305555556,41,,,,,
14210,42.867,-78.831,2023-06-01T08:00:00,19.1,0,,0,3.6,4.7,167,1.305555556,13,,,,,
14210,42.867,-78.831,2023-06-01T09:00:00,22.5,0,,0,5.4,6.5,221,1.805555556,41,,,,,
14210,42.867,-78.831,2023-06-01T10:00:00,25.9,0,,0,7.6,0,0,0,0,,,,,
14210,42.867,-78.831,2023-06-01T11:00:00,27.3,0,,0,9.4,0.1,349,0.027777778,11,,,,,
14210,42.867,-78.831,2023-06-01T12:00:00,29,0,,0,13,1.6,4,0.444444444,4,,,,,
14210,42.867,-78.831,2023-06-01T13:00:00,30.5,0,,0,14.8,13.2,53,3.666666667,53,,,,,
14210,42.867,-78.831,2023-06-01T14:00:00,31,0,,0,18.4,9.8,6,2.722222222,6,,,,,
14210,42.867,-78.831,2023-06-01T15:00:00,31,0,,0,18.4,11.9,68,3.305555556,68,,,,,
14210,42.867,-78.831,2023-06-01T16:00:00,31.4,0,,0,35.3,18.1,16,5.027777778,16,,,,,
14210,42.867,-78.831,2023-06-01T17:00:00,31.1,0,,0,27.7,16.3,42,4.527777778,42,,,,,
14210,42.867,-78.831,2023-06-01T18:00:00,31.1,0,,0,29.5,15.5,37,4.305555556,37,,,,,
14210,42.867,-78.831,2023-06-01T19:00:00,30.6,0,,0,14.8,10.7,24,2.972222222,24,,,,,
14210,42.867,-78.831,2023-06-01T20:00:00,28.8,0,,0,9.4,9.1,11,2.527777778,11,,,,,
14210,42.867,-78.831,2023-06-01T21:00:00,26.9,0,,0,7.6,5.3,14,1.472222222,14,,,,,
14210,42.867,-78.831,2023-06-01T22:00:00,24.7,0,,0,7.6,5.6,6,1.555555556,6,,,,,
14210,42.867,-78.831,2023-06-01T23:00:00,23.6,0,,0,3.6,11.6,25,3.222222222,25,,,,,
14210,42.867,-78.831,2023-06-02T00:00:00,22.2,0,,0,3.6,10.1,17,2.805555556,17,,,,,
14210,42.867,-78.831,2023-06-02T01:00:00,21.1,0,,0,3.6,8.7,75,2.416666667,75,,,,,
14210,42.867,-78.831,2023-06-02T02:00:00,19.9,0,,0,3.6,4.5,134,1.25,46,,,,,
14210,42.867,-78.831,2023-06-02T03:00:00,18.9,0,,0,5.4,6.4,130,1.777777778,50,,,,,
14210,42.867,-78.831,2023-06-02T04:00:00,17.3,0,,0,5.4,6.3,208,1.75,28,,,,,
14210,42.867,-78.831,2023-06-02T05:00:00,17.8,0,,0,7.6,4.5,125,1.25,55,,,,,
14210,42.867,-78.831,2023-06-02T06:00:00,16.7,0,,0,7.6,8.5,201,2.361111111,21,,,,,
14210,42.867,-78.831,2023-06-02T07:00:00,17.4,0,,0,7.6,0,356,0,4,,,,,
14210,42.867,-78.831,2023-06-02T08:00:00,19.9,0,,0,9.4,5.3,202,1.472222222,22,,,,,
14210,42.867,-78.831,2023-06-02T09:00:00,23,0,,0,11.2,1,349,0.277777778,11,,,,,
14210,42.867,-78.831,2023-06-02T10:00:00,26.1,0,,0,16.6,9.3,345,2.583333333,15,,,,,
14210,42.867,-78.831,2023-06-02T11:00:00,28.1,0,,0,18.4,5.8,295,1.611111111,65,,,,,
14210,42.867,-78.831,2023-06-02T12:00:00,29.6,0,,0,16.6,7.4,301,2.055555556,59,,,,,
14210,42.867,-78.831,2023-06-02T13:00:00,31,0,,0,27.7,8.4,302,2.333333333,58,,,,,
14210,42.867,-78.831,2023-06-02T14:00:00,32.5,0,,0,33.5,16.3,356,4.527777778,4,,,,,
14210,42.867,-78.831,2023-06-02T15:00:00,32.2,0,,0,29.5,11,356,3.055555556,4,,,,,
14210,42.867,-78.831,2023-06-02T16:00:00,32.1,0,,0,18.4,18,341,5,19,,,,,
14210,42.867,-78.831,2023-06-02T17:00:00,32.1,0,,0,18.4,17.1,30,4.75,30,,,,,
14210,42.867,-78.831,2023-06-02T18:00:00,31.6,0,,0,33.5,16.5,360,4.583333333,0,,,,,
14210,42.867,-78.831,2023-06-02T19:00:00,30.7,0,,0,16.6,17.7,12,4.916666667,12,,,,,
14210,42.867,-78.831,2023-06-02T20:00:00,27.1,0,,0,14.8,14.1,33,3.916666667,33,,,,,
14210,42.867,-78.831,2023-06-02T21:00:00,25.5,0,,0,14.8,11.8,31,3.277777778,31,,,,,
14210,42.867,-78.831,2023-06-02T22:00:00,23.8,0,,0,13,8.9,42,2.472222222,42,,,,,
14210,42.867,-78.831,2023-06-02T23:00:00,23.8,0,,0,13,9.6,19,2.666666667,19,,,,,
14210,42.867,-78.831,2023-06-03T00:00:00,22.8,0,,0,11.2,9.4,19,2.611111111,19,,,,,
14210,42.867,-78.831,2023-06-03T01:00:00,22.7,0,,0,9.4,2.9,357,0.805555556,3,,,,,
14210,42.867,-78.831,2023-06-03T02:00:00,21.6,0,,0,7.6,8.1,5,2.25,5,,,,,
14210,42.867,-78.831,2023-06-03T03:00:00,20.7,0,,0,7.6,7.4,348,2.055555556,12,,,,,
14210,42.867,-78.831,2023-06-03T04:00:00,20.1,0,,0,9.4,5.8,9,1.611111111,9,,,,,
14210,42.867,-78.831,2023-06-03T05:00:00,19.5,0,,0,11.2,16.4,33,4.555555556,33,,,,,
14210,42.867,-78.831,2023-06-03T06:00:00,18.9,0,,0,14.8,19.9,52,5.527777778,52,,,,,
14210,42.867,-78.831,2023-06-03T07:00:00,18.5,0,,0,41.7,23.1,53,6.416666667,53,,,,,
14210,42.867,-78.831,2023-06-03T08:00:00,18.1,0,,0,27.7,26.3,62,7.305555556,62,,,,,
14210,42.867,-78.831,2023-06-03T09:00:00,18.1,0,,0,43.2,28.3,61,7.861111111,61,,,,,
14210,42.867,-78.831,2023-06-03T10:00:00,19,0,,0,47.9,28.8,51,8,51,,,,,
14210,42.867,-78.831,2023-06-03T11:00:00,20,0,,0,51.1,35.8,59,9.944444444,59,,,,,
14210,42.867,-78.831,2023-06-03T12:00:00,20,0,,0,52.5,32.4,61,9,61,,,,,
14210,42.867,-78.831,2023-06-03T13:00:00,21.2,0,,0,51.2,37.6,59,10.44444444,59,,,,,
14210,42.867,-78.831,2023-06-03T14:00:00,21.8,0,,0,54.3,35.3,71,9.805555556,71,,,,,
14210,42.867,-78.831,2023-06-03T15:00:00,22.3,0,,0,52.9,37.8,60,10.5,60,,,,,
14210,42.867,-78.831,2023-06-03T16:00:00,22.2,0,,0,49.6,34.7,60,9.638888889,60,,,,,
14210,42.867,-78.831,2023-06-03T17:00:00,21.8,0,,0,51.3,34.7,61,9.638888889,61,,,,,
14210,42.867,-78.831,2023-06-03T18:00:00,21.7,0,,0,51,31,61,8.611111111,61,,,,,
14210,42.867,-78.831,2023-06-03T19:00:00,20.7,0,,0,47.2,34,61,9.444444444,61,,,,,
14210,42.867,-78.831,2023-06-03T20:00:00,19.4,0,,0,49.7,29.7,68,8.25,68,,,,,
14210,42.867,-78.831,2023-06-03T21:00:00,17.9,0,,0,46.4,24.4,62,6.777777778,62,,,,,
14210,42.867,-78.831,2023-06-03T22:00:00,16.3,0,,0,32.9,25.2,63,7,63,,,,,
14210,42.867,-78.831,2023-06-03T23:00:00,15,0,,0,37.1,17.8,62,4.944444444,62,,,,,
14210,42.867,-78.831,2023-06-04T00:00:00,14.1,0,,0,31.3,17.6,63,4.888888889,63,,,,,
14210,42.867,-78.831,2023-06-04T01:00:00,13.1,0,,0,29.5,15,55,4.166666667,55,,,,,
14210,42.867,-78.831,2023-06-04T02:00:00,11.9,0,,0,24.1,12.4,55,3.444444444,55,,,,,
14210,42.867,-78.831,2023-06-04T03:00:00,11.3,0,,0,14.8,14.3,71,3.972222222,71,,,,,
14210,42.867,-78.831,2023-06-04T04:00:00,12.1,0,,0,13,12.8,78,3.555555556,78,,,,,
14210,42.867,-78.831,2023-06-04T05:00:00,11.6,0,,0,13,12.4,60,3.444444444,60,,,,,
14210,42.867,-78.831,2023-06-04T06:00:00,10.5,0,,0,14.8,10.7,42,2.972222222,42,,,,,
14210,42.867,-78.831,2023-06-04T07:00:00,11.3,0,,0,14.8,11.4,38,3.166666667,38,,,,,
14210,42.867,-78.831,2023-06-04T08:00:00,13.9,0,,0,18.4,10.5,45,2.916666667,45,,,,,
14210,42.867,-78.831,2023-06-04T09:00:00,16.2,0,,0,25.9,10.8,70,3,70,,,,,
14210,42.867,-78.831,2023-06-04T10:00:00,17.9,0,,0,29.5,16.2,36,4.5,36,,,,,
14210,42.867,-78.831,2023-06-04T11:00:00,18.9,0,,0,31.7,17.8,49,4.944444444,49,,,,,
14210,42.867,-78.831,2023-06-04T12:00:00,20.6,0,,0,42.1,27.6,33,7.666666667,33,,,,,
14210,42.867,-78.831,2023-06-04T13:00:00,20.7,0,,0,34,19.3,43,5.361111111,43,,,,,
14210,42.867,-78.831,2023-06-04T14:00:00,20.7,0,,0,39.1,21.1,59,5.861111111,59,,,,,
14210,42.867,-78.831,2023-06-04T15:00:00,20.7,0,,0,36.9,23.6,23,6.555555556,23,,,,,
14210,42.867,-78.831,2023-06-04T16:00:00,20.2,0,,0,33.5,23.1,40,6.416666667,40,,,,,
14210,42.867,-78.831,2023-06-04T17:00:00,21.1,0,,0,35.3,17.1,41,4.75,41,,,,,
14210,42.867,-78.831,2023-06-04T18:00:00,20.6,0,,0,29.5,17.8,35,4.944444444,35,,,,,
14210,42.867,-78.831,2023-06-04T19:00:00,19.4,0,,0,24.1,17.6,36,4.888888889,36,,,,,
14210,42.867,-78.831,2023-06-04T20:00:00,17.9,0,,0,13,10.3,51,2.861111111,51,,,,,
14210,42.867,-78.831,2023-06-04T21:00:00,16.7,0,,0,11.2,7.8,36,2.166666667,36,,,,,
14210,42.867,-78.831,2023-06-04T22:00:00,15.2,0,,0,9.4,7.1,55,1.972222222,55,,,,,
14210,42.867,-78.831,2023-06-04T23:00:00,14,0,,0,7.6,6.4,59,1.777777778,59,,,,,
14210,42.867,-78.831,2023-06-05T00:00:00,13,0,,0,7.6,6.4,114,1.777777778,66,,,,,
14210,42.867,-78.831,2023-06-05T01:00:00,11.9,0,,0,5.4,4.6,141,1.277777778,39,,,,,
14210,42.867,-78.831,2023-06-05T02:00:00,10.7,0,,0,5.4,4.6,19,1.277777778,19,,,,,
14210,42.867,-78.831,2023-06-05T03:00:00,10.4,0,,0,3.6,0.1,355,0.027777778,5,,,,,
14210,42.867,-78.831,2023-06-05T04:00:00,9.4,0,,0,3.6,4.6,220,1.277777778,40,,,,,
14210,42.867,-78.831,2023-06-05T05:00:00,9.6,0,,0,3.6,7.8,140,2.166666667,40,,,,,
14210,42.867,-78.831,2023-06-05T06:00:00,9.5,0,,0,5.4,8.5,208,2.361111111,28,,,,,
14210,42.867,-78.831,2023-06-05T07:00:00,10.3,0,,0,5.4,4.6,146,1.277777778,34,,,,,
14210,42.867,-78.831,2023-06-05T08:00:00,12,0,,0,7.6,1.1,326,0.305555556,34,,,,,
14210,42.867,-78.831,2023-06-05T09:00:00,14.1,0,,0,11.2,10.8,187,3,7,,,,,
14210,42.867,-78.831,2023-06-05T10:00:00,16.4,0,,0,13,9.2,205,2.555555556,25,,,,,
14210,42.867,-78.831,2023-06-05T11:00:00,18.9,0,,0,14.8,12.6,237,3.5,57,,,,,
14210,42.867,-78.831,2023-06-05T12:00:00,19.6,0,,0,14.8,11.5,281,3.194444444,79,,,,,
14210,42.867,-78.831,2023-06-05T13:00:00,19.7,0,,0,20.5,13.7,238,3.805555556,58,,,,,
14210,42.867,-78.831,2023-06-05T14:00:00,19.8,0,,0,24.1,13.5,222,3.75,42,,,,,
14210,42.867,-78.831,2023-06-05T15:00:00,20.4,0,,0,14.8,18.6,223,5.166666667,43,,,,,
14210,42.867,-78.831,2023-06-05T16:00:00,19.9,0,,0,16.6,14.8,240,4.111111111,60,,,,,
14210,42.867,-78.831,2023-06-05T17:00:00,19.9,0,,0,18.4,17.9,239,4.972222222,59,,,,,
14210,42.867,-78.831,2023-06-05T18:00:00,19.3,0,,0,20.5,17.3,222,4.805555556,42,,,,,
14210,42.867,-78.831,2023-06-05T19:00:00,18.2,0,,0,24.1,20.6,217,5.722222222,37,,,,,
14210,42.867,-78.831,2023-06-05T20:00:00,17,0,,0,25.9,17.4,218,4.833333333,38,,,,,
14210,42.867,-78.831,2023-06-05T21:00:00,15.9,0,,0,18.4,17.3,208,4.805555556,28,,,,,
14210,42.867,-78.831,2023-06-05T22:00:00,15.7,0,,0,16.6,17.2,216,4.777777778,36,,,,,
14210,42.867,-78.831,2023-06-05T23:00:00,15.5,0,,0,14.8,18.1,218,5.027777778,38,,,,,
14210,42.867,-78.831,2023-06-06T00:00:00,15.3,0,,0,13,18.3,229,5.083333333,49,,,,,
14210,42.867,-78.831,2023-06-06T01:00:00,14.8,0,,0,13,13.3,238,3.694444444,58,,,,,
14210,42.867,-78.831,2023-06-06T02:00:00,14.3,0,,0,11.2,12.5,223,3.472222222,43,,,,,
14210,42.867,-78.831,2023-06-06T03:00:00,14.2,0,,0,9.4,11,241,3.055555556,61,,,,,
14210,42.867,-78.831,2023-06-06T04:00:00,14.3,0,,0,9.4,11.1,242,3.083333333,62,,,,,
14210,42.867,-78.831,2023-06-06T05:00:00,14.5,0,,0,9.4,9,254,2.5,74,,,,,
14210,42.867,-78.831,2023-06-06T06:00:00,14.1,0,,0,9.4,7.9,263,2.194444444,83,,,,,
14210,42.867,-78.831,2023-06-06T07:00:00,15.2,0,,0,11.2,10.5,298,2.916666667,62,,,,,
14210,42.867,-78.831,2023-06-06T08:00:00,16.3,0,,0,13,13.7,333,3.805555556,27,,,,,
14210,42.867,-78.831,2023-06-06T09:00:00,17.3,0,,0,16.6,14.2,351,3.944444444,9,,,,,
14210,42.867,-78.831,2023-06-06T10:00:00,18.4,0,,0,20.5,12.6,322,3.5,38,,,,,
14210,42.867,-78.831,2023-06-06T11:00:00,20,0,,0,24.1,13.5,325,3.75,35,,,,,
14210,42.867,-78.831,2023-06-06T12:00:00,20.7,0,,0,24.1,16.5,319,4.583333333,41,,,,,
14210,42.867,-78.831,2023-06-06T13:00:00,21.2,0,,0,31.7,17.6,346,4.888888889,14,,,,,
14210,42.867,-78.831,2023-06-06T14:00:00,21.6,0,,0,38.9,26.2,341,7.277777778,19,,,,,
14210,42.867,-78.831,2023-06-06T15:00:00,20.8,0,,0,35.3,21.7,347,6.027777778,13,,,,,
14210,42.867,-78.831,2023-06-06T16:00:00,21.7,0,,0,35.8,17.1,12,4.75,12,,,,,
14210,42.867,-78.831,2023-06-06T17:00:00,21.8,0,,0,37.1,22.5,1,6.25,1,,,,,
14210,42.867,-78.831,2023-06-06T18:00:00,21.7,0,,0,35.3,24.1,349,6.694444444,11,,,,,
14210,42.867,-78.831,2023-06-06T19:00:00,21.2,0,,0,29.5,19.7,340,5.472222222,20,,,,,
14210,42.867,-78.831,2023-06-06T20:00:00,20,0,,0,22.3,13.2,329,3.666666667,31,,,,,
14210,42.867,-78.831,2023-06-06T21:00:00,18.6,0,,0,20.5,11.2,338,3.111111111,22,,,,,
14210,42.867,-78.831,2023-06-06T22:00:00,17.7,0,,0,18.4,11.1,338,3.083333333,22,,,,,
14210,42.867,-78.831,2023-06-06T23:00:00,16,0,,0,16.6,9.8,331,2.722222222,29,,,,,
14210,42.867,-78.831,2023-06-07T00:00:00,15,0,,0,14.8,11.5,338,3.194444444,22,,,,,
14210,42.867,-78.831,2023-06-07T01:00:00,14,0,,0,13,11.3,330,3.138888889,30,,,,,
14210,42.867,-78.831,2023-06-07T02:00:00,13.3,0,,0,13,9.9,333,2.75,27,,,,,
14210,42.867,-78.831,2023-06-07T03:00:00,11.9,0,,0,11.2,11.2,334,3.111111111,26,,,,,
14210,42.867,-78.831,2023-06-07T04:00:00,11.8,0,,0,9.4,9,322,2.5,38,,,,,
14210,42.867,-78.831,2023-06-07T05:00:00,11.6,0,,0,7.6,7.4,322,2.055555556,38,,,,,
14210,42.867,-78.831,2023-06-07T06:00:00,11.2,0,,0,9.4,6.1,324,1.694444444,36,,,,,
14210,42.867,-78.831,2023-06-07T07:00:00,9.8,0,,0,13,1.4,349,0.388888889,11,,,,,
14210,42.867,-78.831,2023-06-07T08:00:00,12.1,0,,0,16.6,6.5,222,1.805555556,42,,,,,
14210,42.867,-78.831,2023-06-07T09:00:00,14.6,0,,0,18.4,8.9,321,2.472222222,39,,,,,
14210,42.867,-78.831,2023-06-07T10:00:00,16.2,0,,0,20.5,14.2,329,3.944444444,31,,,,,
14210,42.867,-78.831,2023-06-07T11:00:00,16.3,0,,0,22.3,18,330,5,30,,,,,
14210,42.867,-78.831,2023-06-07T12:00:00,17.9,0,,0,29.2,18.7,324,5.194444444,36,,,,,
14210,42.867,-78.831,2023-06-07T13:00:00,19.1,0,,0,38.4,23.5,331,6.527777778,29,,,,,
14210,42.867,-78.831,2023-06-07T14:00:00,20.1,0,,0,42.2,25.1,329,6.972222222,31,,,,,
14210,42.867,-78.831,2023-06-07T15:00:00,20.7,0,,0,32.8,13.8,337,3.833333333,23,,,,,
14210,42.867,-78.831,2023-06-07T16:00:00,20.7,0,,0,35.1,22,318,6.111111111,42,,,,,
14210,42.867,-78.831,2023-06-07T17:00:00,21.1,0,,0,37.1,25.1,337,6.972222222,23,,,,,
14210,42.867,-78.831,2023-06-07T18:00:00,20.2,0,,0,37.1,15.9,332,4.416666667,28,,,,,
14210,42.867,-78.831,2023-06-07T19:00:00,19.4,0,,0,33.5,15.2,348,4.222222222,12,,,,,
14210,42.867,-78.831,2023-06-07T20:00:00,18.4,0,,0,20.5,12.9,322,3.583333333,38,,,,,
14210,42.867,-78.831,2023-06-07T21:00:00,16.6,0,,0,16.6,14.1,329,3.916666667,31,,,,,
14210,42.867,-78.831,2023-06-07T22:00:00,16.6,0,,0,13,19.2,351,5.333333333,9,,,,,
14210,42.867,-78.831,2023-06-07T23:00:00,15,0,,0,11.2,18.1,51,5.027777778,51,,,,,
14210,42.867,-78.831,2023-06-08T00:00:00,13.9,0,,0,31.3,11.1,52,3.083333333,52,,,,,
14210,42.867,-78.831,2023-06-08T01:00:00,13.5,0,,0,7.6,5.4,69,1.5,69,,,,,
14210,42.867,-78.831,2023-06-08T02:00:00,13.8,0,,0,7.6,0.1,5,0.027777778,5,,,,,
14210,42.867,-78.831,2023-06-08T03:00:00,13.4,0,,0,5.4,0.2,350,0.055555556,10,,,,,
14210,42.867,-78.831,2023-06-08T04:00:00,13.4,0,,0,3.6,0.1,351,0.027777778,9,,,,,
14210,42.867,-78.831,2023-06-08T05:00:00,13.8,0,,0,1.8,1.3,324,0.361111111,36,,,,,
14210,42.867,-78.831,2023-06-08T06:00:00,13.7,0,,0,3.6,2.4,253,0.666666667,73,,,,,
14210,42.867,-78.831,2023-06-08T07:00:00,13.9,0,,0,5.4,9.1,256,2.527777778,76,,,,,
14210,42.867,-78.831,2023-06-08T08:00:00,14.4,0,,0,7.6,10.4,264,2.888888889,84,,,,,
14210,42.867,-78.831,2023-06-08T09:00:00,15.2,0,,0,11.2,6.4,346,1.777777778,14,,,,,
14210,42.867,-78.831,2023-06-08T10:00:00,16.4,0,,0,14.8,6.3,6,1.75,6,,,,,
14210,42.867,-78.831,2023-06-08T11:00:00,16.9,0,,0,16.6,11.2,37,3.111111111,37,,,,,
14210,42.867,-78.831,2023-06-08T12:00:00,18,0,,0,13,14.6,346,4.055555556,14,,,,,
14210,42.867,-78.831,2023-06-08T13:00:00,18.4,0,,0,14.8,15.1,11,4.194444444,11,,,,,
14210,42.867,-78.831,2023-06-08T14:00:00,17.3,0,,0,16.6,14.5,9,4.027777778,9,,,,,
14210,42.867,-78.831,2023-06-08T15:00:00,16.9,0,,0,16.6,9.5,354,2.638888889,6,,,,,
14210,42.867,-78.831,2023-06-08T16:00:00,16.3,0,,0,14.8,10.5,15,2.916666667,15,,,,,
14210,42.867,-78.831,2023-06-08T17:00:00,16.3,0,,0,13,9.1,316,2.527777778,44,,,,,
14210,42.867,-78.831,2023-06-08T18:00:00,16.3,0,,0,16.6,6.3,311,1.75,49,,,,,
14210,42.867,-78.831,2023-06-08T19:00:00,16.2,0,,0,14.8,7,329,1.944444444,31,,,,,
14210,42.867,-78.831,2023-06-08T20:00:00,16,0.004,rain,0,13,2.4,349,0.666666667,11,,,,,
14210,42.867,-78.831,2023-06-08T21:00:00,15.4,0.006,rain,0,7.6,10.5,298,2.916666667,62,,,,,
14210,42.867,-78.831,2023-06-08T22:00:00,14.3,0,,0,5.4,7.5,296,2.083333333,64,,,,,
14210,42.867,-78.831,2023-06-08T23:00:00,13.7,0,,0,5.4,9.3,256,2.583333333,76,,,,,
14210,42.867,-78.831,2023-06-09T00:00:00,13.3,0,,0,5.4,7.6,255,2.111111111,75,,,,,
14210,42.867,-78.831,2023-06-09T01:00:00,13.1,0,,0,5.4,7.8,262,2.166666667,82,,,,,
14210,42.867,-78.831,2023-06-09T02:00:00,12.7,0,,0,3.6,1.6,340,0.444444444,20,,,,,
14210,42.867,-78.831,2023-06-09T03:00:00,12.2,0,,0,3.6,5.5,235,1.527777778,55,,,,,
14210,42.867,-78.831,2023-06-09T04:00:00,11.6,0,,0,5.4,6.6,259,1.833333333,79,,,,,
14210,42.867,-78.831,2023-06-09T05:00:00,11.2,0,,0,5.4,9.1,240,2.527777778,60,,,,,
14210,42.867,-78.831,2023-06-09T06:00:00,11.7,0,,0,5.4,8.1,242,2.25,62,,,,,
14210,42.867,-78.831,2023-06-09T07:00:00,12.1,0,,0,7.6,5.6,281,1.555555556,79,,,,,
14210,42.867,-78.831,2023-06-09T08:00:00,13.6,0,,0,9.4,8.4,257,2.333333333,77,,,,,
14210,42.867,-78.831,2023-06-09T09:00:00,15.6,0,,0,33.5,12.1,294,3.361111111,66,,,,,
14210,42.867,-78.831,2023-06-09T10:00:00,16,0,,0,18.4,11.8,301,3.277777778,59,,,,,
14210,42.867,-78.831,2023-06-09T11:00:00,15.5,0.009,rain,0,20.5,10.8,295,3,65,,,,,
14210,42.867,-78.831,2023-06-09T12:00:00,15.7,0.02,rain,0,22.3,15.3,274,4.25,86,,,,,
14210,42.867,-78.831,2023-06-09T13:00:00,16.4,0,,0,28.5,17.7,275,4.916666667,85,,,,,
14210,42.867,-78.831,2023-06-09T14:00:00,16.5,0,,0,29.5,16,284,4.444444444,76,,,,,
14210,42.867,-78.831,2023-06-09T15:00:00,16.9,0,,0,33.5,19,284,5.277777778,76,,,,,
14210,42.867,-78.831,2023-06-09T16:00:00,18.5,0,,0,36.7,24.6,290,6.833333333,70,,,,,
14210,42.867,-78.831,2023-06-09T17:00:00,18.2,0,,0,29.5,15.7,280,4.361111111,80,,,,,
14210,42.867,-78.831,2023-06-09T18:00:00,17.1,0,,0,31.7,22,231,6.111111111,51,,,,,
14210,42.867,-78.831,2023-06-09T19:00:00,16.6,0.026,rain,0,25.9,17.4,234,4.833333333,54,,,,,
14210,42.867,-78.831,2023-06-09T20:00:00,16,0,,0,22.3,14.6,228,4.055555556,48,,,,,
14210,42.867,-78.831,2023-06-09T21:00:00,15.3,0,,0,18.4,15.6,218,4.333333333,38,,,,,
14210,42.867,-78.831,2023-06-09T22:00:00,15.7,0,,0,13,12,225,3.333333333,45,,,,,
14210,42.867,-78.831,2023-06-09T23:00:00,15,0,,0,11.2,13.2,216,3.666666667,36,,,,,
14210,42.867,-78.831,2023-06-10T00:00:00,14.9,0,,0,9.4,12,220,3.333333333,40,,,,,
14210,42.867,-78.831,2023-06-10T01:00:00,15.1,0,,0,9.4,10.7,233,2.972222222,53,,,,,
14210,42.867,-78.831,2023-06-10T02:00:00,14.9,0,,0,9.4,10,193,2.777777778,13,,,,,
14210,42.867,-78.831,2023-06-10T03:00:00,14.3,0,,0,14.8,9.9,212,2.75,32,,,,,
14210,42.867,-78.831,2023-06-10T04:00:00,14.1,0,,0,14.8,9.3,202,2.583333333,22,,,,,
14210,42.867,-78.831,2023-06-10T05:00:00,12.8,0,,0,18.4,11.7,220,3.25,40,,,,,
14210,42.867,-78.831,2023-06-10T06:00:00,13.7,0,,0,20.5,16.6,231,4.611111111,51,,,,,
14210,42.867,-78.831,2023-06-10T07:00:00,14.8,0,,0,20.5,10.6,221,2.944444444,41,,,,,
14210,42.867,-78.831,2023-06-10T08:00:00,16.1,0,,0,22.3,18.4,220,5.111111111,40,,,,,
14210,42.867,-78.831,2023-06-10T09:00:00,17.5,0,,0,22.3,20.8,227,5.777777778,47,,,,,
14210,42.867,-78.831,2023-06-10T10:00:00,19.3,0,,0,22.3,21.5,231,5.972222222,51,,,,,
14210,42.867,-78.831,2023-06-10T11:00:00,19.1,0,,0,24.1,21.1,233,5.861111111,53,,,,,
14210,42.867,-78.831,2023-06-10T12:00:00,21.1,0,,0,25.9,23.1,227,6.416666667,47,,,,,
14210,42.867,-78.831,2023-06-10T13:00:00,21.6,0,,0,29.5,20.9,238,5.805555556,58,,,,,
14210,42.867,-78.831,2023-06-10T14:00:00,20.1,0,,0,33.5,20.4,223,5.666666667,43,,,,,
14210,42.867,-78.831,2023-06-10T15:00:00,23.2,0,,0,35.3,22.2,228,6.166666667,48,,,,,
14210,42.867,-78.831,2023-06-10T16:00:00,22.7,0,,0,37.1,21.2,210,5.888888889,30,,,,,
14210,42.867,-78.831,2023-06-10T17:00:00,23.2,0,,0,35.3,21,227,5.833333333,47,,,,,
14210,42.867,-78.831,2023-06-10T18:00:00,22.5,0,,0,33.5,23.4,236,6.5,56,,,,,
14210,42.867,-78.831,2023-06-10T19:00:00,23.2,0,,0,31.3,19.7,229,5.472222222,49,,,,,
14210,42.867,-78.831,2023-06-10T20:00:00,20.5,0,,0,27.7,16.2,219,4.5,39,,,,,
14210,42.867,-78.831,2023-06-10T21:00:00,19.5,0,,0,16.6,15.9,216,4.416666667,36,,,,,
14210,42.867,-78.831,2023-06-10T22:00:00,18.7,0,,0,13,17.1,228,4.75,48,,,,,
14210,42.867,-78.831,2023-06-10T23:00:00,17.1,0,,0,11.2,13.4,212,3.722222222,32,,,,,
14210,42.867,-78.831,2023-06-11T00:00:00,16.3,0,,0,13,11.7,199,3.25,19,,,,,
14210,42.867,-78.831,2023-06-11T01:00:00,16.5,0,,0,11.2,8.9,181,2.472222222,1,,,,,
14210,42.867,-78.831,2023-06-11T02:00:00,15.2,0,,0,11.2,8,156,2.222222222,24,,,,,
14210,42.867,-78.831,2023-06-11T03:00:00,15.3,0,,0,11.2,8,145,2.222222222,35,,,,,
14210,42.867,-78.831,2023-06-11T04:00:00,16.8,0,,0,11.2,6.4,128,1.777777778,52,,,,,
14210,42.867,-78.831,2023-06-11T05:00:00,16.7,0,,0,11.2,4.7,145,1.305555556,35,,,,,
14210,42.867,-78.831,2023-06-11T06:00:00,16.1,0,,0,14.8,5.5,161,1.527777778,19,,,,,
14210,42.867,-78.831,2023-06-11T07:00:00,16.7,0,,0,14.8,8.7,147,2.416666667,33,,,,,
14210,42.867,-78.831,2023-06-11T08:00:00,18.4,0,,0,14.8,8,139,2.222222222,41,,,,,
14210,42.867,-78.831,2023-06-11T09:00:00,21,0,,0,16.6,10.7,175,2.972222222,5,,,,,
14210,42.867,-78.831,2023-06-11T10:00:00,23,0,,0,16.6,10.1,227,2.805555556,47,,,,,
14210,42.867,-78.831,2023-06-11T11:00:00,22.9,0,,0,25.9,0.4,7,0.111111111,7,,,,,
14210,42.867,-78.831,2023-06-11T12:00:00,23.9,0,,0,14.8,5.7,30,1.583333333,30,,,,,
14210,42.867,-78.831,2023-06-11T13:00:00,25.1,0,,0,14.8,9.4,58,2.611111111,58,,,,,
14210,42.867,-78.831,2023-06-11T14:00:00,25.5,0,,0,27.7,15.6,19,4.333333333,19,,,,,
14210,42.867,-78.831,2023-06-11T15:00:00,24.1,0,,0,13,19.3,32,5.361111111,32,,,,,
14210,42.867,-78.831,2023-06-11T16:00:00,24.3,0,,0,11.2,25.3,42,7.027777778,42,,,,,
14210,42.867,-78.831,2023-06-11T17:00:00,23.3,0,,0,11.2,25.4,43,7.055555556,43,,,,,
14210,42.867,-78.831,2023-06-11T18:00:00,22.5,0.009,rain,0,33.5,21.2,44,5.888888889,44,,,,,
14210,42.867,-78.831,2023-06-11T19:00:00,20.6,0,,0,31.3,17,50,4.722222222,50,,,,,
14210,42.867,-78.831,2023-06-11T20:00:00,19.7,0.039,rain,0,34.4,21.3,47,5.916666667,47,,,,,
14210,42.867,-78.831,2023-06-11T21:00:00,18.5,0.051,rain,0,28,14.9,20,4.138888889,20,,,,,
14210,42.867,-78.831,2023-06-11T22:00:00,16.7,0.297,rain,0,33.5,18.8,42,5.222222222,42,,,,,
14210,42.867,-78.831,2023-06-11T23:00:00,15.7,0.432,rain,0,24.1,23.2,45,6.444444444,45,,,,,
14210,42.867,-78.831,2023-06-12T00:00:00,15.8,0.707,rain,0,35.6,18.4,71,5.111111111,71,,,,,
14210,42.867,-78.831,2023-06-12T01:00:00,15.7,0.802,rain,0,38.9,15.9,79,4.416666667,79,,,,,
14210,42.867,-78.831,2023-06-12T02:00:00,16.1,0.719,rain,0,27.7,16.4,80,4.555555556,80,,,,,
14210,42.867,-78.831,2023-06-12T03:00:00,16.2,0.023,rain,0,33.5,23,71,6.388888889,71,,,,,
14210,42.867,-78.831,2023-06-12T04:00:00,16.2,0,,0,33.5,17.9,99,4.972222222,81,,,,,
14210,42.867,-78.831,2023-06-12T05:00:00,16.2,0,,0,25.9,14.7,108,4.083333333,72,,,,,
14210,42.867,-78.831,2023-06-12T06:00:00,17.1,0,,0,25.9,11,125,3.055555556,55,,,,,
14210,42.867,-78.831,2023-06-12T07:00:00,17.8,0,,0,27.7,8,131,2.222222222,49,,,,,
14210,42.867,-78.831,2023-06-12T08:00:00,17.8,0.601,rain,0,33.5,9.2,143,2.555555556,37,,,,,
14210,42.867,-78.831,2023-06-12T09:00:00,17.8,3.308,rain,0,31.3,10.8,149,3,31,,,,,
14210,42.867,-78.831,2023-06-12T10:00:00,18.3,1.362,rain,0,31.3,15,144,4.166666667,36,,,,,
14210,42.867,-78.831,2023-06-12T11:00:00,19.3,0.447,rain,0,31.3,13.8,137,3.833333333,43,,,,,
14210,42.867,-78.831,2023-06-12T12:00:00,19.3,1.152,rain,0,33.5,12.5,141,3.472222222,39,,,,,
14210,42.867,-78.831,2023-06-12T13:00:00,19.9,1.57,rain,0,33.5,9.6,136,2.666666667,44,,,,,
14210,42.867,-78.831,2023-06-12T14:00:00,19.9,1.56,rain,0,35.3,13.2,114,3.666666667,66,,,,,
14210,42.867,-78.831,2023-06-12T15:00:00,17.2,1.553,rain,0,47.5,27.8,221,7.722222222,41,,,,,
14210,42.867,-78.831,2023-06-12T16:00:00,16.7,0,,0,50.5,31.9,225,8.861111111,45,,,,,
14210,42.867,-78.831,2023-06-12T17:00:00,15.5,0,,0,50.2,28.1,232,7.805555556,52,,,,,
14210,42.867,-78.831,2023-06-12T18:00:00,15.5,0,,0,50.1,26.4,229,7.333333333,49,,,,,
14210,42.867,-78.831,2023-06-12T19:00:00,15.3,0,,0,48.6,30.9,235,8.583333333,55,,,,,
14210,42.867,-78.831,2023-06-12T20:00:00,14.6,0,,0,54,32.5,243,9.027777778,63,,,,,
14210,42.867,-78.831,2023-06-12T21:00:00,14.5,0,,0,47.4,25.7,243,7.138888889,63,,,,,
14210,42.867,-78.831,2023-06-12T22:00:00,14,0,,0,38,21.6,233,6,53,,,,,
14210,42.867,-78.831,2023-06-12T23:00:00,14.3,0,,0,29.5,15.5,228,4.305555556,48,,,,,
14210,42.867,-78.831,2023-06-13T00:00:00,14.3,0,,0,27.7,17.1,236,4.75,56,,,,,
14210,42.867,-78.831,2023-06-13T01:00:00,14.3,0,,0,25.9,15.8,229,4.388888889,49,,,,,
14210,42.867,-78.831,2023-06-13T02:00:00,14.2,0,,0,31.7,19.1,221,5.305555556,41,,,,,
14210,42.867,-78.831,2023-06-13T03:00:00,13.7,0,,0,24.1,12.5,230,3.472222222,50,,,,,
14210,42.867,-78.831,2023-06-13T04:00:00,13.3,0,,0,24.1,11.5,221,3.194444444,41,,,,,
14210,42.867,-78.831,2023-06-13T05:00:00,12.2,0,,0,24.1,10.2,212,2.833333333,32,,,,,
14210,42.867,-78.831,2023-06-13T06:00:00,11.6,0,,0,24.1,9,202,2.5,22,,,,,
14210,42.867,-78.831,2023-06-13T07:00:00,12.9,0,,0,24.1,12.6,210,3.5,30,,,,,
14210,42.867,-78.831,2023-06-13T08:00:00,14.5,0,,0,25.9,16.3,224,4.527777778,44,,,,,
14210,42.867,-78.831,2023-06-13T09:00:00,14.7,0,,0,37.8,22.1,233,6.138888889,53,,,,,
14210,42.867,-78.831,2023-06-13T10:00:00,15.4,0,,0,42.2,26.1,253,7.25,73,,,,,
14210,42.867,-78.831,2023-06-13T11:00:00,15.9,0,,0,31.3,24,237,6.666666667,57,,,,,
14210,42.867,-78.831,2023-06-13T12:00:00,17.4,0,,0,40.7,25,219,6.944444444,39,,,,,
14210,42.867,-78.831,2023-06-13T13:00:00,18,0,,0,40.4,24.5,215,6.805555556,35,,,,,
14210,42.867,-78.831,2023-06-13T14:00:00,18.9,0,,0,31.7,16.8,239,4.666666667,59,,,,,
14210,42.867,-78.831,2023-06-13T15:00:00,19.9,0,,0,25.9,12.1,244,3.361111111,64,,,,,
14210,42.867,-78.831,2023-06-13T16:00:00,18.4,0,,0,25.9,2.1,43,0.583333333,43,,,,,
14210,42.867,-78.831,2023-06-13T17:00:00,19.1,0.009,rain,0,27.7,13.6,141,3.777777778,39,,,,,
14210,42.867,-78.831,2023-06-13T18:00:00,18.5,0.096,rain,0,25.9,13.1,153,3.638888889,27,,,,,
14210,42.867,-78.831,2023-06-13T19:00:00,13.8,0.765,rain,0,59,14.7,230,4.083333333,50,,,,,
14210,42.867,-78.831,2023-06-13T20:00:00,13.9,0,,0,20.5,10.8,164,3,16,,,,,
14210,42.867,-78.831,2023-06-13T21:00:00,13.9,0,,0,20.5,12.4,122,3.444444444,58,,,,,
14210,42.867,-78.831,2023-06-13T22:00:00,13.9,0,,0,22.3,10.2,138,2.833333333,42,,,,,
14210,42.867,-78.831,2023-06-13T23:00:00,13.6,0,,0,22.3,10.7,144,2.972222222,36,,,,,
14210,42.867,-78.831,2023-06-14T00:00:00,54.9,0,,0,12.8,6.8,138,1.888888889,42,,,,,
14210,42.867,-78.831,2023-06-14T01:00:00,54.8,0,,0,10.3,4.8,122,1.333333333,58,,,,,
14210,42.867,-78.831,2023-06-14T02:00:00,53.7,0,,0,9.2,5.4,121,1.5,59,,,,,
14210,42.867,-78.831,2023-06-14T03:00:00,52.9,0,,0,6.9,4.7,64,1.305555556,64,,,,,
14210,42.867,-78.831,2023-06-14T04:00:00,53.9,0,,0,5.8,4.8,55,1.333333333,55,,,,,
14210,42.867,-78.831,2023-06-14T05:00:00,55.1,0,,0,5.8,4.5,68,1.25,68,,,,,
14210,42.867,-78.831,2023-06-14T06:00:00,54.3,0.054,rain,0,5.8,6.8,51,1.888888889,51,,,,,
14210,42.867,-78.831,2023-06-14T07:00:00,55.3,0.016,rain,0,5.8,7,50,1.944444444,50,,,,,
14210,42.867,-78.831,2023-06-14T08:00:00,55.4,0,,0,6.9,7.7,39,2.138888889,39,,,,,
14210,42.867,-78.831,2023-06-14T09:00:00,57.3,0,,0,8.1,8.1,44,2.25,44,,,,,
14210,42.867,-78.831,2023-06-14T10:00:00,58.2,0,,0,9.2,9.1,346,2.527777778,14,,,,,
14210,42.867,-78.831,2023-06-14T11:00:00,59.3,0,,0,11.4,9.6,354,2.666666667,6,,,,,
14210,42.867,-78.831,2023-06-14T12:00:00,61.3,0,,0,19.7,13.6,349,3.777777778,11,,,,,
14210,42.867,-78.831,2023-06-14T13:00:00,63.4,0,,0,23,14.2,332,3.944444444,28,,,,,
14210,42.867,-78.831,2023-06-14T14:00:00,65.8,0,,0,21.9,13.4,329,3.722222222,31,,,,,
14210,42.867,-78.831,2023-06-14T15:00:00,65.3,0,,0,24.2,14.9,333,4.138888889,27,,,,,
14210,42.867,-78.831,2023-06-14T16:00:00,63.8,0,,0,18.3,11,330,3.055555556,30,,,,,
14210,42.867,-78.831,2023-06-14T17:00:00,63.3,0,,0,18.3,9.4,307,2.611111111,53,,,,,
14210,42.867,-78.831,2023-06-14T18:00:00,62,0,,0,18.3,9.8,313,2.722222222,47,,,,,
14210,42.867,-78.831,2023-06-14T19:00:00,62.2,0,,0,17.2,10.6,299,2.944444444,61,,,,,
14210,42.867,-78.831,2023-06-14T20:00:00,61.4,0,,0,12.8,7.3,283,2.027777778,77,,,,,
14210,42.867,-78.831,2023-06-14T21:00:00,60.3,0,,0,10.3,8.6,246,2.388888889,66,,,,,
14210,42.867,-78.831,2023-06-14T22:00:00,60.1,0,,0,8.1,9.2,227,2.555555556,47,,,,,
14210,42.867,-78.831,2023-06-14T23:00:00,58.9,0,,0,8.1,9.3,242,2.583333333,62,,,,,
14210,42.867,-78.831,2023-06-15T00:00:00,57.5,0,,0,8.1,6.7,244,1.861111111,64,,,,,
14210,42.867,-78.831,2023-06-15T01:00:00,56.7,0,,0,6.9,4.9,233,1.361111111,53,,,,,
14210,42.867,-78.831,2023-06-15T02:00:00,56.8,0,,0,6.9,6.9,224,1.916666667,44,,,,,
14210,42.867,-78.831,2023-06-15T03:00:00,57.4,0,,0,6.9,6.9,233,1.916666667,53,,,,,
14210,42.867,-78.831,2023-06-15T04:00:00,56.4,0,,0,6.9,6.8,242,1.888888889,62,,,,,
14210,42.867,-78.831,2023-06-15T05:00:00,55,0,,0,8.1,5.8,219,1.611111111,39,,,,,
14210,42.867,-78.831,2023-06-15T06:00:00,54.7,0,,0,9.2,5.5,205,1.527777778,25,,,,,
14210,42.867,-78.831,2023-06-15T07:00:00,55.7,0,,0,10.3,6.4,215,1.777777778,35,,,,,
14210,42.867,-78.831,2023-06-15T08:00:00,59.8,0,,0,12.8,6.4,229,1.777777778,49,,,,,
14210,42.867,-78.831,2023-06-15T09:00:00,62.1,0,,0,13.9,11,237,3.055555556,57,,,,,
14210,42.867,-78.831,2023-06-15T10:00:00,63.2,0,,0,15,12.3,231,3.416666667,51,,,,,
14210,42.867,-78.831,2023-06-15T11:00:00,64.2,0,,0,20.8,12.9,240,3.583333333,60,,,,,
14210,42.867,-78.831,2023-06-15T12:00:00,65.4,0,,0,24.2,11.8,241,3.277777778,61,,,,,
14210,42.867,-78.831,2023-06-15T13:00:00,68,0,,0,23,11.9,226,3.305555556,46,,,,,
14210,42.867,-78.831,2023-06-15T14:00:00,67,0,,0,19.5,11,237,3.055555556,57,,,,,
14210,42.867,-78.831,2023-06-15T15:00:00,68,0,,0,19.5,13.3,248,3.694444444,68,,,,,
14210,42.867,-78.831,2023-06-15T16:00:00,68.4,0,,0,20.8,12.3,230,3.416666667,50,,,,,
14210,42.867,-78.831,2023-06-15T17:00:00,66.4,0,,0,17.2,12.1,238,3.361111111,58,,,,,
14210,42.867,-78.831,2023-06-15T18:00:00,65.5,0,,0,16.1,11.8,222,3.277777778,42,,,,,
14210,42.867,-78.831,2023-06-15T19:00:00,63.5,0,,0,11.4,7.8,220,2.166666667,40,,,,,
14210,42.867,-78.831,2023-06-15T20:00:00,62.6,0,,0,9.2,6.6,200,1.833333333,20,,,,,
14210,42.867,-78.831,2023-06-15T21:00:00,62.5,0,,0,8.1,4.7,214,1.305555556,34,,,,,
14210,42.867,-78.831,2023-06-15T22:00:00,62.1,0,,0,5.8,6.4,222,1.777777778,42,,,,,
14210,42.867,-78.831,2023-06-15T23:00:00,62,0,,0,4.7,3.4,191,0.944444444,11,,,,,
14210,42.867,-78.831,2023-06-16T00:00:00,62,0,,0,3.4,4,136,1.111111111,44,,,,,
14210,42.867,-78.831,2023-06-16T01:00:00,62.9,0,,0,3.4,2.9,117,0.805555556,63,,,,,
14210,42.867,-78.831,2023-06-16T02:00:00,62.1,0,,0,4.7,2.9,344,0.805555556,16,,,,,
14210,42.867,-78.831,2023-06-16T03:00:00,61.2,0,,0,1.1,0.7,351,0.194444444,9,,,,,
14210,42.867,-78.831,2023-06-16T04:00:00,61,0.023,rain,0,2.2,3.4,300,0.944444444,60,,,,,
14210,42.867,-78.831,2023-06-16T05:00:00,61,0.014,rain,0,3.4,5.7,348,1.583333333,12,,,,,
14210,42.867,-78.831,2023-06-16T06:00:00,59.1,0.024,rain,0,3.4,5.8,8,1.611111111,8,,,,,
14210,42.867,-78.831,2023-06-16T07:00:00,59.1,0.003,rain,0,4.7,5.6,25,1.555555556,25,,,,,
14210,42.867,-78.831,2023-06-16T08:00:00,60.2,0.01,rain,0,4.7,5.5,32,1.527777778,32,,,,,
14210,42.867,-78.831,2023-06-16T09:00:00,60.2,0.01,rain,0,5.8,3.9,14,1.083333333,14,,,,,
14210,42.867,-78.831,2023-06-16T10:00:00,61,0,,0,6.9,6.2,357,1.722222222,3,,,,,
14210,42.867,-78.831,2023-06-16T11:00:00,60.3,0,,0,8.1,6.6,354,1.833333333,6,,,,,
14210,42.867,-78.831,2023-06-16T12:00:00,61.2,0,,0,6.9,6.8,14,1.888888889,14,,,,,
14210,42.867,-78.831,2023-06-16T13:00:00,62.2,0,,0,8.1,4.8,5,1.333333333,5,,,,,
14210,42.867,-78.831,2023-06-16T14:00:00,63.5,0.01,rain,0,9.2,5.8,342,1.611111111,18,,,,,
14210,42.867,-78.831,2023-06-16T15:00:00,65.8,0,,0,8.1,7.2,339,2,21,,,,,
14210,42.867,-78.831,2023-06-16T16:00:00,69.3,0,,0,8.1,5.4,1,1.5,1,,,,,
14210,42.867,-78.831,2023-06-16T17:00:00,69.4,0,,0,8.1,8.1,8,2.25,8,,,,,
14210,42.867,-78.831,2023-06-16T18:00:00,70.3,0,,0,10.3,7.6,42,2.111111111,42,,,,,
14210,42.867,-78.831,2023-06-16T19:00:00,70.1,0,,0,12.8,6,333,1.666666667,27,,,,,
14210,42.867,-78.831,2023-06-16T20:00:00,68.1,0,,0,12.8,3.6,341,1,19,,,,,
14210,42.867,-78.831,2023-06-16T21:00:00,63,0.014,rain,0,8.1,6.8,235,1.888888889,55,,,,,
14210,42.867,-78.831,2023-06-16T22:00:00,61,0,,0,4.7,6.2,190,1.722222222,10,,,,,
14210,42.867,-78.831,2023-06-16T23:00:00,61.1,0,,0,2.2,6,232,1.666666667,52,,,,,
14210,42.867,-78.831,2023-06-17T00:00:00,60.6,0,,0,21.9,7.2,253,2,73,,,,,
14210,42.867,-78.831,2023-06-17T01:00:00,61.2,0,,0,23,6.5,287,1.805555556,73,,,,,
14210,42.867,-78.831,2023-06-17T02:00:00,60.4,0,,0,8.1,7.4,310,2.055555556,50,,,,,
14210,42.867,-78.831,2023-06-17T03:00:00,59.2,0,,0,20.8,8.3,320,2.305555556,40,,,,,
14210,42.867,-78.831,2023-06-17T04:00:00,57.9,0,,0,6.9,8.3,319,2.305555556,41,,,,,
14210,42.867,-78.831,2023-06-17T05:00:00,57,0,,0,6.9,7.5,317,2.083333333,43,,,,,
14210,42.867,-78.831,2023-06-17T06:00:00,57.1,0,,0,6.9,8.5,301,2.361111111,59,,,,,
14210,42.867,-78.831,2023-06-17T07:00:00,58.1,0,,0,6.9,9.2,310,2.555555556,50,,,,,
14210,42.867,-78.831,2023-06-17T08:00:00,62.2,0,,0,5.8,7.4,319,2.055555556,41,,,,,
14210,42.867,-78.831,2023-06-17T09:00:00,65.2,0,,0,9.2,8.5,312,2.361111111,48,,,,,
14210,42.867,-78.831,2023-06-17T10:00:00,68,0,,0,12.8,5.7,305,1.583333333,55,,,,,
14210,42.867,-78.831,2023-06-17T11:00:00,70.2,0,,0,16.1,10.2,284,2.833333333,76,,,,,
14210,42.867,-78.831,2023-06-17T12:00:00,68.8,0,,0,17.2,12.6,256,3.5,76,,,,,
14210,42.867,-78.831,2023-06-17T13:00:00,72.5,0,,0,21.9,5.6,324,1.555555556,36,,,,,
14210,42.867,-78.831,2023-06-17T14:00:00,74.2,0,,0,25,14.5,302,4.027777778,58,,,,,
14210,42.867,-78.831,2023-06-17T15:00:00,74.4,0,,0,27.7,13.5,287,3.75,73,,,,,
14210,42.867,-78.831,2023-06-17T16:00:00,71.9,0,,0,24.2,9.5,257,2.638888889,77,,,,,
14210,42.867,-78.831,2023-06-17T17:00:00,71.1,0,,0,21.9,14.2,242,3.944444444,62,,,,,
14210,42.867,-78.831,2023-06-17T18:00:00,71.2,0,,0,21.9,9.7,250,2.694444444,70,,,,,
14210,42.867,-78.831,2023-06-17T19:00:00,70,0,,0,12.8,8.5,234,2.361111111,54,,,,,
14210,42.867,-78.831,2023-06-17T20:00:00,66.1,0,,0,9.2,10.6,217,2.944444444,37,,,,,
14210,42.867,-78.831,2023-06-17T21:00:00,62.8,0,,0,19.5,7.9,241,2.194444444,61,,,,,
14210,42.867,-78.831,2023-06-17T22:00:00,61,0,,0,3.4,6.1,220,1.694444444,40,,,,,
14210,42.867,-78.831,2023-06-17T23:00:00,59.5,0,,0,4.7,4,240,1.111111111,60,,,,,
14210,42.867,-78.831,2023-06-18T00:00:00,59.5,0,,0,3.4,4.3,239,1.194444444,59,,,,,
14210,42.867,-78.831,2023-06-18T01:00:00,56.8,0,,0,3.4,5.5,227,1.527777778,47,,,,,
14210,42.867,-78.831,2023-06-18T02:00:00,57.1,0,,0,2.2,5.5,248,1.527777778,68,,,,,
14210,42.867,-78.831,2023-06-18T03:00:00,56.4,0,,0,4.7,4,215,1.111111111,35,,,,,
14210,42.867,-78.831,2023-06-18T04:00:00,55,0,,0,3.4,4.5,198,1.25,18,,,,,
14210,42.867,-78.831,2023-06-18T05:00:00,53.8,0,,0,3.4,2.8,212,0.777777778,32,,,,,
14210,42.867,-78.831,2023-06-18T06:00:00,53.2,0,,0,4.7,5.5,204,1.527777778,24,,,,,
14210,42.867,-78.831,2023-06-18T07:00:00,54.1,0,,0,3.4,4.1,212,1.138888889,32,,,,,
14210,42.867,-78.831,2023-06-18T08:00:00,58.4,0,,0,4.7,5.3,210,1.472222222,30,,,,,
14210,42.867,-78.831,2023-06-18T09:00:00,62.5,0,,0,5.8,3.3,175,0.916666667,5,,,,,
14210,42.867,-78.831,2023-06-18T10:00:00,65.6,0,,0,6.9,2.8,346,0.777777778,14,,,,,
14210,42.867,-78.831,2023-06-18T11:00:00,69.5,0,,0,6.9,2.8,29,0.777777778,29,,,,,
14210,42.867,-78.831,2023-06-18T12:00:00,72,0,,0,9.2,0.6,360,0.166666667,0,,,,,
14210,42.867,-78.831,2023-06-18T13:00:00,75.1,0,,0,10.3,6,0,1.666666667,0,,,,,
14210,42.867,-78.831,2023-06-18T14:00:00,75,0,,0,11.4,4.1,276,1.138888889,84,,,,,
14210,42.867,-78.831,2023-06-18T15:00:00,75.9,0,,0,11.4,8.4,247,2.333333333,67,,,,,
14210,42.867,-78.831,2023-06-18T16:00:00,75.2,0,,0,10.3,9.4,233,2.611111111,53,,,,,
14210,42.867,-78.831,2023-06-18T17:00:00,75.3,0,,0,9.2,7.9,216,2.194444444,36,,,,,
14210,42.867,-78.831,2023-06-18T18:00:00,75.3,0,,0,8.1,8,260,2.222222222,80,,,,,
14210,42.867,-78.831,2023-06-18T19:00:00,74.4,0,,0,6.9,6.7,202,1.861111111,22,,,,,
14210,42.867,-78.831,2023-06-18T20:00:00,74,0,,0,4.7,0.1,354,0.027777778,6,,,,,
14210,42.867,-78.831,2023-06-18T21:00:00,71.6,0,,0,5.8,4.9,55,1.361111111,55,,,,,
14210,42.867,-78.831,2023-06-18T22:00:00,68.5,0,,0,5.8,0,1,0,1,,,,,
14210,42.867,-78.831,2023-06-18T23:00:00,67.3,0,,0,5.8,5.7,121,1.583333333,59,,,,,
14210,42.867,-78.831,2023-06-19T00:00:00,63.7,0,,0,4.7,5.8,102,1.611111111,78,,,,,
14210,42.867,-78.831,2023-06-19T01:00:00,61.9,0,,0,4.7,6.4,91,1.777777778,89,,,,,
14210,42.867,-78.831,2023-06-19T02:00:00,60,0,,0,4.7,4.8,114,1.333333333,66,,,,,
14210,42.867,-78.831,2023-06-19T03:00:00,58.8,0,,0,5.8,5.8,125,1.611111111,55,,,,,
14210,42.867,-78.831,2023-06-19T04:00:00,58.5,0,,0,5.8,4.4,126,1.222222222,54,,,,,
14210,42.867,-78.831,2023-06-19T05:00:00,58.5,0,,0,5.8,4.7,89,1.305555556,89,,,,,
14210,42.867,-78.831,2023-06-19T06:00:00,56.8,0,,0,5.8,3.3,71,0.916666667,71,,,,,
14210,42.867,-78.831,2023-06-19T07:00:00,60.2,0,,0,5.8,3.5,86,0.972222222,86,,,,,
14210,42.867,-78.831,2023-06-19T08:00:00,64.2,0,,0,5.8,6,46,1.666666667,46,,,,,
14210,42.867,-78.831,2023-06-19T09:00:00,70,0,,0,6.9,7,53,1.944444444,53,,,,,
14210,42.867,-78.831,2023-06-19T10:00:00,74,0,,0,8.1,6.8,80,1.888888889,80,,,,,
14210,42.867,-78.831,2023-06-19T11:00:00,78,0,,0,9.2,10.4,61,2.888888889,61,,,,,
14210,42.867,-78.831,2023-06-19T12:00:00,78.9,0,,0,19.5,7.6,79,2.111111111,79,,,,,
14210,42.867,-78.831,2023-06-19T13:00:00,80.7,0,,0,19.7,12.4,63,3.444444444,63,,,,,
14210,42.867,-78.831,2023-06-19T14:00:00,82.5,0,,0,15,12.3,61,3.416666667,61,,,,,
14210,42.867,-78.831,2023-06-19T15:00:00,82.5,0,,0,19,10.8,88,3,88,,,,,
14210,42.867,-78.831,2023-06-19T16:00:00,82.3,0,,0,21.7,10.5,66,2.916666667,66,,,,,
14210,42.867,-78.831,2023-06-19T17:00:00,79.7,0,,0,28.9,19.1,41,5.305555556,41,,,,,
14210,42.867,-78.831,2023-06-19T18:00:00,79.5,0,,0,27.1,15.9,43,4.416666667,43,,,,,
14210,42.867,-78.831,2023-06-19T19:00:00,76.6,0,,0,20.4,15.3,51,4.25,51,,,,,
14210,42.867,-78.831,2023-06-19T20:00:00,73.8,0,,0,18.3,13.9,50,3.861111111,50,,,,,
14210,42.867,-78.831,2023-06-19T21:00:00,71.8,0,,0,25,15.5,61,4.305555556,61,,,,,
14210,42.867,-78.831,2023-06-19T22:00:00,70,0,,0,17.2,15.9,73,4.416666667,73,,,,,
14210,42.867,-78.831,2023-06-19T23:00:00,69.1,0,,0,16.1,10.1,81,2.805555556,81,,,,,
14210,42.867,-78.831,2023-06-20T00:00:00,67.9,0,,0,15,11,81,3.055555556,81,,,,,
14210,42.867,-78.831,2023-06-20T01:00:00,67.8,0,,0,10.3,12.3,73,3.416666667,73,,,,,
14210,42.867,-78.831,2023-06-20T02:00:00,67.9,0,,0,9.2,10.5,53,2.916666667,53,,,,,
14210,42.867,-78.831,2023-06-20T03:00:00,66.8,0,,0,21.9,8.4,60,2.333333333,60,,,,,
14210,42.867,-78.831,2023-06-20T04:00:00,66.7,0,,0,21.9,8.4,62,2.333333333,62,,,,,
14210,42.867,-78.831,2023-06-20T05:00:00,66.5,0,,0,15,7.3,85,2.027777778,85,,,,,
14210,42.867,-78.831,2023-06-20T06:00:00,66.5,0,,0,20.8,6,55,1.666666667,55,,,,,
14210,42.867,-78.831,2023-06-20T07:00:00,66.6,0,,0,12.8,5.3,63,1.472222222,63,,,,,
14210,42.867,-78.831,2023-06-20T08:00:00,68.8,0,,0,10.3,6.4,64,1.777777778,64,,,,,
14210,42.867,-78.831,2023-06-20T09:00:00,72.7,0,,0,19.5,8.2,55,2.277777778,55,,,,,
14210,42.867,-78.831,2023-06-20T10:00:00,75.5,0,,0,19.5,10.6,53,2.944444444,53,,,,,
14210,42.867,-78.831,2023-06-20T11:00:00,78.7,0,,0,5.8,11.2,86,3.111111111,86,,,,,
14210,42.867,-78.831,2023-06-20T12:00:00,79.8,0,,0,21.9,13.7,70,3.805555556,70,,,,,
14210,42.867,-78.831,2023-06-20T13:00:00,80.8,0,,0,22.8,13.5,96,3.75,84,,,,,
14210,42.867,-78.831,2023-06-20T14:00:00,82.7,0,,0,25.3,12.2,76,3.388888889,76,,,,,
14210,42.867,-78.831,2023-06-20T15:00:00,82.7,0,,0,23.3,15,92,4.166666667,88,,,,,
14210,42.867,-78.831,2023-06-20T16:00:00,83.5,0,,0,22.1,16,58,4.444444444,58,,,,,
14210,42.867,-78.831,2023-06-20T17:00:00,82.6,0,,0,26.4,16.3,60,4.527777778,60,,,,,
14210,42.867,-78.831,2023-06-20T18:00:00,80.7,0,,0,21.2,16.7,44,4.638888889,44,,,,,
14210,42.867,-78.831,2023-06-20T19:00:00,78.8,0,,0,21.2,16.6,60,4.611111111,60,,,,,
14210,42.867,-78.831,2023-06-20T20:00:00,76.8,0,,0,16.1,12.5,60,3.472222222,60,,,,,
14210,42.867,-78.831,2023-06-20T21:00:00,73.6,0,,0,16.1,9.1,60,2.527777778,60,,,,,
14210,42.867,-78.831,2023-06-20T22:00:00,70.6,0,,0,10.3,5.8,61,1.611111111,61,,,,,
14210,42.867,-78.831,2023-06-20T23:00:00,69.4,0,,0,9.2,8.6,70,2.388888889,70,,,,,
14210,42.867,-78.831,2023-06-21T00:00:00,67.7,0,,0,8.1,6.7,71,1.861111111,71,,,,,
14210,42.867,-78.831,2023-06-21T01:00:00,65.9,0,,0,8.1,6.1,61,1.694444444,61,,,,,
14210,42.867,-78.831,2023-06-21T02:00:00,65.8,0,,0,6.9,4.9,63,1.361111111,63,,,,,
14210,42.867,-78.831,2023-06-21T03:00:00,64.8,0,,0,5.8,3.4,76,0.944444444,76,,,,,
14210,42.867,-78.831,2023-06-21T04:00:00,64,0,,0,5.8,4.1,100,1.138888889,80,,,,,
14210,42.867,-78.831,2023-06-21T05:00:00,61.8,0,,0,5.8,4.5,86,1.25,86,,,,,
14210,42.867,-78.831,2023-06-21T06:00:00,61.9,0,,0,6.9,4,121,1.111111111,59,,,,,
14210,42.867,-78.831,2023-06-21T07:00:00,62.9,0,,0,5.8,4.4,125,1.222222222,55,,,,,
14210,42.867,-78.831,2023-06-21T08:00:00,68,0,,0,5.8,4,125,1.111111111,55,,,,,
14210,42.867,-78.831,2023-06-21T09:00:00,73,0,,0,5.8,3,161,0.833333333,19,,,,,
14210,42.867,-78.831,2023-06-21T10:00:00,77.9,0,,0,4.7,0.8,10,0.222222222,10,,,,,
14210,42.867,-78.831,2023-06-21T11:00:00,79.7,0,,0,5.8,9.4,92,2.611111111,88,,,,,
14210,42.867,-78.831,2023-06-21T12:00:00,82.5,0,,0,21.9,11.6,76,3.222222222,76,,,,,
14210,42.867,-78.831,2023-06-21T13:00:00,82,0,,0,23.1,15.5,70,4.305555556,70,,,,,
14210,42.867,-78.831,2023-06-21T14:00:00,83.6,0,,0,24.2,13.8,99,3.833333333,81,,,,,
14210,42.867,-78.831,2023-06-21T15:00:00,83.7,0,,0,27.5,15.4,89,4.277777778,89,,,,,
14210,42.867,-78.831,2023-06-21T16:00:00,83.7,0,,0,21.4,13.3,97,3.694444444,83,,,,,
14210,42.867,-78.831,2023-06-21T17:00:00,82.9,0,,0,24,13.7,79,3.805555556,79,,,,,
14210,42.867,-78.831,2023-06-21T18:00:00,82.6,0,,0,26.6,12,67,3.333333333,67,,,,,
14210,42.867,-78.831,2023-06-21T19:00:00,80.4,0,,0,19.5,14.8,59,4.111111111,59,,,,,
14210,42.867,-78.831,2023-06-21T20:00:00,77.7,0,,0,19.5,14,51,3.888888889,51,,,,,
14210,42.867,-78.831,2023-06-21T21:00:00,73.6,0,,0,13.9,9,51,2.5,51,,,,,
14210,42.867,-78.831,2023-06-21T22:00:00,71.5,0,,0,6.9,9.1,61,2.527777778,61,,,,,
14210,42.867,-78.831,2023-06-21T23:00:00,69.9,0,,0,6.9,9.8,71,2.722222222,71,,,,,
14210,42.867,-78.831,2023-06-22T00:00:00,68.8,0,,0,6.9,6.7,81,1.861111111,81,,,,,
14210,42.867,-78.831,2023-06-22T01:00:00,67.5,0,,0,5.8,6.8,108,1.888888889,72,,,,,
14210,42.867,-78.831,2023-06-22T02:00:00,65.7,0,,0,4.7,6.6,125,1.833333333,55,,,,,
14210,42.867,-78.831,2023-06-22T03:00:00,64.5,0,,0,9.2,5.6,132,1.555555556,48,,,,,
14210,42.867,-78.831,2023-06-22T04:00:00,63.6,0,,0,8.1,4.9,129,1.361111111,51,,,,,
14210,42.867,-78.831,2023-06-22T05:00:00,62.8,0,,0,6.9,6.3,124,1.75,56,,,,,
14210,42.867,-78.831,2023-06-22T06:00:00,62.7,0,,0,8.1,8.2,123,2.277777778,57,,,,,
14210,42.867,-78.831,2023-06-22T07:00:00,63.2,0,,0,9.2,8.5,129,2.361111111,51,,,,,
14210,42.867,-78.831,2023-06-22T08:00:00,66,0,,0,11.4,6.7,134,1.861111111,46,,,,,
14210,42.867,-78.831,2023-06-22T09:00:00,68.4,0,,0,12.8,8.9,130,2.472222222,50,,,,,
14210,42.867,-78.831,2023-06-22T10:00:00,71.1,0,,0,15,9,142,2.5,38,,,,,
14210,42.867,-78.831,2023-06-22T11:00:00,72.2,0,,0,16.1,7,92,1.944444444,88,,,,,
14210,42.867,-78.831,2023-06-22T12:00:00,71.6,0,,0,16.1,5.4,132,1.5,48,,,,,
14210,42.867,-78.831,2023-06-22T13:00:00,72.3,0,,0,17.2,8.2,121,2.277777778,59,,,,,
14210,42.867,-78.831,2023-06-22T14:00:00,74.6,0,,0,13.9,9.2,98,2.555555556,82,,,,,
14210,42.867,-78.831,2023-06-22T15:00:00,77.4,0,,0,18.7,12.5,90,3.472222222,90,,,,,
14210,42.867,-78.831,2023-06-22T16:00:00,78.6,0,,0,20.8,10.1,103,2.805555556,77,,,,,
14210,42.867,-78.831,2023-06-22T17:00:00,79.1,0,,0,19.7,8.2,80,2.277777778,80,,,,,
14210,42.867,-78.831,2023-06-22T18:00:00,78.2,0,,0,11.4,10.4,120,2.888888889,60,,,,,
14210,42.867,-78.831,2023-06-22T19:00:00,76.8,0,,0,11.4,9.3,85,2.583333333,85,,,,,
14210,42.867,-78.831,2023-06-22T20:00:00,76.4,0,,0,10.3,10.2,101,2.833333333,79,,,,,
14210,42.867,-78.831,2023-06-22T21:00:00,73,0,,0,9.2,9,70,2.5,70,,,,,
14210,42.867,-78.831,2023-06-22T22:00:00,70.9,0,,0,9.2,7.9,62,2.194444444,62,,,,,
14210,42.867,-78.831,2023-06-22T23:00:00,69.3,0,,0,9.2,6,84,1.666666667,84,,,,,
14210,42.867,-78.831,2023-06-23T00:00:00,69.2,0,,0,8.1,4.9,93,1.361111111,87,,,,,
14210,42.867,-78.831,2023-06-23T01:00:00,68.8,0,,0,8.1,5.7,91,1.583333333,89,,,,,
14210,42.867,-78.831,2023-06-23T02:00:00,68,0,,0,6.9,3.5,74,0.972222222,74,,,,,
14210,42.867,-78.831,2023-06-23T03:00:00,67.9,0,,0,8.1,3.4,57,0.944444444,57,,,,,
14210,42.867,-78.831,2023-06-23T04:00:00,67.7,0,,0,8.1,4.8,58,1.333333333,58,,,,,
14210,42.867,-78.831,2023-06-23T05:00:00,68.8,0,,0,6.9,4.5,122,1.25,58,,,,,
14210,42.867,-78.831,2023-06-23T06:00:00,68.9,0,,0,6.9,3.3,147,0.916666667,33,,,,,
14210,42.867,-78.831,2023-06-23T07:00:00,68.9,0,,0,8.1,3.6,149,1,31,,,,,
14210,42.867,-78.831,2023-06-23T08:00:00,69.2,0,,0,8.1,6.4,147,1.777777778,33,,,,,
14210,42.867,-78.831,2023-06-23T09:00:00,71.3,0,,0,6.9,6,137,1.666666667,43,,,,,
14210,42.867,-78.831,2023-06-23T10:00:00,72.2,0,,0,6.9,5,139,1.388888889,41,,,,,
14210,42.867,-78.831,2023-06-23T11:00:00,73.2,0,,0,6.9,6.4,146,1.777777778,34,,,,,
14210,42.867,-78.831,2023-06-23T12:00:00,72.2,0,,0,8.1,5.9,102,1.638888889,78,,,,,
14210,42.867,-78.831,2023-06-23T13:00:00,70.7,0.013,rain,0,8.1,4,176,1.111111111,4,,,,,
14210,42.867,-78.831,2023-06-23T14:00:00,71.2,0.038,rain,0,9.2,3.7,93,1.027777778,87,,,,,
14210,42.867,-78.831,2023-06-23T15:00:00,72,0,,0,6.9,3.1,136,0.861111111,44,,,,,
14210,42.867,-78.831,2023-06-23T16:00:00,73.6,0,,0,6.9,3.5,77,0.972222222,77,,,,,
14210,42.867,-78.831,2023-06-23T17:00:00,74.4,0,,0,8.1,5.6,24,1.555555556,24,,,,,
14210,42.867,-78.831,2023-06-23T18:00:00,71.9,0,,0,6.9,7.9,34,2.194444444,34,,,,,
14210,42.867,-78.831,2023-06-23T19:00:00,71.1,0.017,rain,0,6.9,5.9,3,1.638888889,3,,,,,
14210,42.867,-78.831,2023-06-23T20:00:00,70.1,0,,0,6.9,4.4,14,1.222222222,14,,,,,
14210,42.867,-78.831,2023-06-23T21:00:00,68.3,0.369,rain,0,6.9,6.9,323,1.916666667,37,,,,,
14210,42.867,-78.831,2023-06-23T22:00:00,68.2,0.079,rain,0,5.8,6.6,347,1.833333333,13,,,,,
14210,42.867,-78.831,2023-06-23T23:00:00,68,0,,0,4.7,0.7,2,0.194444444,2,,,,,
14210,42.867,-78.831,2023-06-24T00:00:00,68,0,,0,3.4,0.6,342,0.166666667,18,,,,,
14210,42.867,-78.831,2023-06-24T01:00:00,67.8,0,,0,4.7,0.6,343,0.166666667,17,,,,,
14210,42.867,-78.831,2023-06-24T02:00:00,67.6,0,,0,3.4,0.5,351,0.138888889,9,,,,,
14210,42.867,-78.831,2023-06-24T03:00:00,67.6,0.005,rain,0,2.2,0.5,345,0.138888889,15,,,,,
14210,42.867,-78.831,2023-06-24T04:00:00,67.6,0.013,rain,0,2.2,0,360,0,0,,,,,
14210,42.867,-78.831,2023-06-24T05:00:00,66.6,0,,0,3.4,3.4,332,0.944444444,28,,,,,
14210,42.867,-78.831,2023-06-24T06:00:00,66.6,0.003,rain,0,3.4,0.6,347,0.166666667,13,,,,,
14210,42.867,-78.831,2023-06-24T07:00:00,66.1,0,,0,4.7,2.9,351,0.805555556,9,,,,,
14210,42.867,-78.831,2023-06-24T08:00:00,66.2,0,,0,5.8,3.4,333,0.944444444,27,,,,,
14210,42.867,-78.831,2023-06-24T09:00:00,68.1,0,,0,6.9,0.6,342,0.166666667,18,,,,,
14210,42.867,-78.831,2023-06-24T10:00:00,71,0,,0,6.9,5,293,1.388888889,67,,,,,
14210,42.867,-78.831,2023-06-24T11:00:00,72.1,0,,0,8.1,3.5,289,0.972222222,71,,,,,
14210,42.867,-78.831,2023-06-24T12:00:00,73.7,0,,0,9.2,6,285,1.666666667,75,,,,,
14210,42.867,-78.831,2023-06-24T13:00:00,75.1,0,,0,12.8,7.9,227,2.194444444,47,,,,,
14210,42.867,-78.831,2023-06-24T14:00:00,71.9,0.133,rain,0,13.9,11.6,257,3.222222222,77,,,,,
14210,42.867,-78.831,2023-06-24T15:00:00,73.8,0,,0,16.1,10.4,231,2.888888889,51,,,,,
14210,42.867,-78.831,2023-06-24T16:00:00,75.2,0,,0,18.3,9,220,2.5,40,,,,,
14210,42.867,-78.831,2023-06-24T17:00:00,73.1,0,,0,18.3,12.4,232,3.444444444,52,,,,,
14210,42.867,-78.831,2023-06-24T18:00:00,72.8,0,,0,15,12.9,220,3.583333333,40,,,,,
14210,42.867,-78.831,2023-06-24T19:00:00,70.7,0,,0,12.8,11.1,215,3.083333333,35,,,,,
14210,42.867,-78.831,2023-06-24T20:00:00,68.8,0,,0,11.4,9.9,216,2.75,36,,,,,
14210,42.867,-78.831,2023-06-24T21:00:00,67.4,0,,0,10.3,9.8,217,2.722222222,37,,,,,
14210,42.867,-78.831,2023-06-24T22:00:00,67,0,,0,10.3,12.1,216,3.361111111,36,,,,,
14210,42.867,-78.831,2023-06-24T23:00:00,66.3,0,,0,10.3,9.7,228,2.694444444,48,,,,,
14210,42.867,-78.831,2023-06-25T00:00:00,66.2,0,,0,10.3,7.9,217,2.194444444,37,,,,,
14210,42.867,-78.831,2023-06-25T01:00:00,66.2,0,,0,10.3,6.8,227,1.888888889,47,,,,,
14210,42.867,-78.831,2023-06-25T02:00:00,66.2,0,,0,10.3,6.6,208,1.833333333,28,,,,,
14210,42.867,-78.831,2023-06-25T03:00:00,66.8,0,,0,6.9,7.9,235,2.194444444,55,,,,,
14210,42.867,-78.831,2023-06-25T04:00:00,66.8,0,,0,6.9,7.6,221,2.111111111,41,,,,,
14210,42.867,-78.831,2023-06-25T05:00:00,66.8,0,,0,6.9,7.7,224,2.138888889,44,,,,,
14210,42.867,-78.831,2023-06-25T06:00:00,66.8,0,,0,6.9,6.8,200,1.888888889,20,,,,,
14210,42.867,-78.831,2023-06-25T07:00:00,67.8,0,,0,6.9,7.9,227,2.194444444,47,,,,,
14210,42.867,-78.831,2023-06-25T08:00:00,69,0,,0,6.9,6.7,226,1.861111111,46,,,,,
14210,42.867,-78.831,2023-06-25T09:00:00,69.9,0,,0,6.9,6,187,1.666666667,7,,,,,
14210,42.867,-78.831,2023-06-25T10:00:00,74,0,,0,6.9,8.1,221,2.25,41,,,,,
14210,42.867,-78.831,2023-06-25T11:00:00,76.2,0,,0,8.1,6.1,221,1.694444444,41,,,,,
14210,42.867,-78.831,2023-06-25T12:00:00,77.2,0,,0,10.3,8.5,265,2.361111111,85,,,,,
14210,42.867,-78.831,2023-06-25T13:00:00,79,0,,0,10.3,7.8,224,2.166666667,44,,,,,
14210,42.867,-78.831,2023-06-25T14:00:00,80.4,0,,0,9.2,6.9,232,1.916666667,52,,,,,
14210,42.867,-78.831,2023-06-25T15:00:00,81.5,0,,0,5.8,3.8,280,1.055555556,80,,,,,
14210,42.867,-78.831,2023-06-25T16:00:00,82.9,0,,0,4.7,6.1,187,1.694444444,7,,,,,
14210,42.867,-78.831,2023-06-25T17:00:00,83.1,0,,0,5.8,1.2,327,0.333333333,33,,,,,
14210,42.867,-78.831,2023-06-25T18:00:00,83.3,0.01,rain,0,4.7,8.6,95,2.388888889,85,,,,,
14210,42.867,-78.831,2023-06-25T19:00:00,79.4,0,,0,6.9,9.1,87,2.527777778,87,,,,,
14210,42.867,-78.831,2023-06-25T20:00:00,78.9,0,,0,10.3,10.9,87,3.027777778,87,,,,,
14210,42.867,-78.831,2023-06-25T21:00:00,77.1,0,,0,11.4,10.5,119,2.916666667,61,,,,,
14210,42.867,-78.831,2023-06-25T22:00:00,74.2,0.01,rain,0,9.2,6.6,100,1.833333333,80,,,,,
14210,42.867,-78.831,2023-06-25T23:00:00,73.5,0,,0,8.1,6.4,102,1.777777778,78,,,,,
14210,42.867,-78.831,2023-06-26T00:00:00,72.3,0,,0,6.9,6.1,129,1.694444444,51,,,,,
14210,42.867,-78.831,2023-06-26T01:00:00,72.3,0.001,rain,0,21.9,7.5,151,2.083333333,29,,,,,
14210,42.867,-78.831,2023-06-26T02:00:00,71.1,0,,0,5.8,6.8,140,1.888888889,40,,,,,
14210,42.867,-78.831,2023-06-26T03:00:00,71.1,0,,0,10.3,6.6,140,1.833333333,40,,,,,
14210,42.867,-78.831,2023-06-26T04:00:00,70.1,0,,0,11.4,6.3,116,1.75,64,,,,,
14210,42.867,-78.831,2023-06-26T05:00:00,69.4,0,,0,13.9,6.6,139,1.833333333,41,,,,,
14210,42.867,-78.831,2023-06-26T06:00:00,68.2,0,,0,13.9,5.8,171,1.611111111,9,,,,,
14210,42.867,-78.831,2023-06-26T07:00:00,70.2,0,,0,13.9,6.8,158,1.888888889,22,,,,,
14210,42.867,-78.831,2023-06-26T08:00:00,73.2,0,,0,13.9,9.2,171,2.555555556,9,,,,,
14210,42.867,-78.831,2023-06-26T09:00:00,75.9,0,,0,19.7,13.7,206,3.805555556,26,,,,,
14210,42.867,-78.831,2023-06-26T10:00:00,77.6,0,,0,24.2,19.5,199,5.416666667,19,,,,,
14210,42.867,-78.831,2023-06-26T11:00:00,73.1,0.006,rain,0,13.9,13.4,198,3.722222222,18,,,,,
14210,42.867,-78.831,2023-06-26T12:00:00,74.7,0.044,rain,0,16.1,11,168,3.055555556,12,,,,,
14210,42.867,-78.831,2023-06-26T13:00:00,77.6,0,,0,20.8,12.4,228,3.444444444,48,,,,,
14210,42.867,-78.831,2023-06-26T14:00:00,66.3,0.059,rain,0,29.3,11.1,214,3.083333333,34,,,,,
14210,42.867,-78.831,2023-06-26T15:00:00,64.6,0.048,rain,0,18.3,8.1,166,2.25,14,,,,,
14210,42.867,-78.831,2023-06-26T16:00:00,65.4,0.038,rain,0,18.3,10.1,164,2.805555556,16,,,,,
14210,42.867,-78.831,2023-06-26T17:00:00,69.4,0.032,rain,0,16.1,11.7,189,3.25,9,,,,,
14210,42.867,-78.831,2023-06-26T18:00:00,72.1,0,,0,16.1,11.5,200,3.194444444,20,,,,,
14210,42.867,-78.831,2023-06-26T19:00:00,71.8,0,,0,12.8,9.1,216,2.527777778,36,,,,,
14210,42.867,-78.831,2023-06-26T20:00:00,70.1,0,,0,11.4,8,225,2.222222222,45,,,,,
14210,42.867,-78.831,2023-06-26T21:00:00,69.1,0,,0,10.3,5.8,188,1.611111111,8,,,,,
14210,42.867,-78.831,2023-06-26T22:00:00,69.1,0,,0,8.1,7.7,166,2.138888889,14,,,,,
14210,42.867,-78.831,2023-06-26T23:00:00,68.2,0,,0,6.9,5.8,144,1.611111111,36,,,,,
14210,42.867,-78.831,2023-06-27T00:00:00,68.1,0,,0,8.1,5.1,197,1.416666667,17,,,,,
14210,42.867,-78.831,2023-06-27T01:00:00,66.9,0,,0,8.1,5.6,160,1.555555556,20,,,,,
14210,42.867,-78.831,2023-06-27T02:00:00,66.8,0,,0,9.2,6.8,150,1.888888889,30,,,,,
14210,42.867,-78.831,2023-06-27T03:00:00,66.8,0,,0,9.2,4.8,164,1.333333333,16,,,,,
14210,42.867,-78.831,2023-06-27T04:00:00,66.2,0,,0,9.2,5.8,164,1.611111111,16,,,,,
14210,42.867,-78.831,2023-06-27T05:00:00,67,0,,0,10.3,5.9,189,1.638888889,9,,,,,
14210,42.867,-78.831,2023-06-27T06:00:00,66.9,0,,0,10.3,6.7,196,1.861111111,16,,,,,
14210,42.867,-78.831,2023-06-27T07:00:00,68.1,0.002,rain,0,11.4,6.1,152,1.694444444,28,,,,,
14210,42.867,-78.831,2023-06-27T08:00:00,66.9,0.002,rain,0,13.9,8.8,166,2.444444444,14,,,,,
14210,42.867,-78.831,2023-06-27T09:00:00,67,0.012,rain,0,15,8.4,161,2.333333333,19,,,,,
14210,42.867,-78.831,2023-06-27T10:00:00,68.1,0,,0,19.7,10.6,198,2.944444444,18,,,,,
14210,42.867,-78.831,2023-06-27T11:00:00,68.4,0.032,rain,0,18.3,12.9,198,3.583333333,18,,,,,
14210,42.867,-78.831,2023-06-27T12:00:00,68.4,0,,0,26.4,16.5,201,4.583333333,21,,,,,
14210,42.867,-78.831,2023-06-27T13:00:00,67.4,0.021,rain,0,27.7,14.3,229,3.972222222,49,,,,,
14210,42.867,-78.831,2023-06-27T14:00:00,68.3,0.003,rain,0,25.3,13.3,229,3.694444444,49,,,,,
14210,42.867,-78.831,2023-06-27T15:00:00,69.2,0.007,rain,0,26,14.7,223,4.083333333,43,,,,,
14210,42.867,-78.831,2023-06-27T16:00:00,70.4,0.015,rain,0,26.4,14,229,3.888888889,49,,,,,
14210,42.867,-78.831,2023-06-27T17:00:00,68.9,0.004,rain,0,24.2,14.2,229,3.944444444,49,,,,,
14210,42.867,-78.831,2023-06-27T18:00:00,69.7,0,,0,25.3,15.4,242,4.277777778,62,,,,,
14210,42.867,-78.831,2023-06-27T19:00:00,69.4,0.001,rain,0,25.3,10.9,229,3.027777778,49,,,,,
14210,42.867,-78.831,2023-06-27T20:00:00,68,0.015,rain,0,21.9,12,235,3.333333333,55,,,,,
14210,42.867,-78.831,2023-06-27T21:00:00,67.1,0.272,rain,0,21.9,1.4,338,0.388888889,22,,,,,
14210,42.867,-78.831,2023-06-27T22:00:00,67.9,0.01,rain,0,16.1,9.8,293,2.722222222,67,,,,,
14210,42.867,-78.831,2023-06-27T23:00:00,66,0,,0,15,10.3,300,2.861111111,60,,,,,
14210,42.867,-78.831,2023-06-28T00:00:00,65.1,0,,0,24.2,9.8,290,2.722222222,70,,,,,
14210,42.867,-78.831,2023-06-28T01:00:00,64.2,0,,0,24.2,9.9,292,2.75,68,,,,,
14210,42.867,-78.831,2023-06-28T02:00:00,63.1,0,,0,19.7,10.6,283,2.944444444,77,,,,,
14210,42.867,-78.831,2023-06-28T03:00:00,62.2,0,,0,21.9,10.2,315,2.833333333,45,,,,,
14210,42.867,-78.831,2023-06-28T04:00:00,62.2,0,,0,23,7.2,301,2,59,,,,,
14210,42.867,-78.831,2023-06-28T05:00:00,61.2,0,,0,9.2,8.3,300,2.305555556,60,,,,,
14210,42.867,-78.831,2023-06-28T06:00:00,61.2,0,,0,21.9,8.2,293,2.277777778,67,,,,,
14210,42.867,-78.831,2023-06-28T07:00:00,61.2,0,,0,23,6.8,303,1.888888889,57,,,,,
14210,42.867,-78.831,2023-06-28T08:00:00,60.3,0,,0,9.2,7.5,312,2.083333333,48,,,,,
14210,42.867,-78.831,2023-06-28T09:00:00,60.4,0,,0,9.2,11.1,303,3.083333333,57,,,,,
14210,42.867,-78.831,2023-06-28T10:00:00,61.5,0,,0,8.1,8.7,304,2.416666667,56,,,,,
14210,42.867,-78.831,2023-06-28T11:00:00,62.5,0,,0,13.9,9.1,295,2.527777778,65,,,,,
14210,42.867,-78.831,2023-06-28T12:00:00,64.6,0,,0,20.8,8.2,291,2.277777778,69,,,,,
14210,42.867,-78.831,2023-06-28T13:00:00,66.2,0,,0,20.8,11.3,283,3.138888889,77,,,,,
14210,42.867,-78.831,2023-06-28T14:00:00,67.4,0,,0,17.2,15.2,285,4.222222222,75,,,,,
14210,42.867,-78.831,2023-06-28T15:00:00,70.3,0,,0,19.7,12.5,300,3.472222222,60,,,,,
14210,42.867,-78.831,2023-06-28T16:00:00,72.1,0,,0,24.2,13,301,3.611111111,59,,,,,
14210,42.867,-78.831,2023-06-28T17:00:00,71.3,0,,0,16.1,9.1,309,2.527777778,51,,,,,
14210,42.867,-78.831,2023-06-28T18:00:00,68.7,0,,0,13.9,14.8,249,4.111111111,69,,,,,
14210,42.867,-78.831,2023-06-28T19:00:00,67.7,0,,0,11.4,13.4,253,3.722222222,73,,,,,
14210,42.867,-78.831,2023-06-28T20:00:00,66.7,0,,0,9.2,11.6,262,3.222222222,82,,,,,
14210,42.867,-78.831,2023-06-28T21:00:00,65.2,0,,0,11.4,7.5,218,2.083333333,38,,,,,
14210,42.867,-78.831,2023-06-28T22:00:00,63.2,0,,0,6.9,4.9,245,1.361111111,65,,,,,
14210,42.867,-78.831,2023-06-28T23:00:00,62.8,0,,0,6.9,5.9,249,1.638888889,69,,,,,
14210,42.867,-78.831,2023-06-29T00:00:00,62.4,0,,0,4.7,4,264,1.111111111,84,,,,,
14210,42.867,-78.831,2023-06-29T01:00:00,60.2,0,,0,3.4,0.1,360,0.027777778,0,,,,,
14210,42.867,-78.831,2023-06-29T02:00:00,58.6,0,,0,3.4,0.5,340,0.138888889,20,,,,,
14210,42.867,-78.831,2023-06-29T03:00:00,57.4,0,,0,4.7,0,6,0,6,,,,,
14210,42.867,-78.831,2023-06-29T04:00:00,55.1,0,,0,4.7,2.9,206,0.805555556,26,,,,,
14210,42.867,-78.831,2023-06-29T05:00:00,53.9,0,,0,4.7,2.8,203,0.777777778,23,,,,,
14210,42.867,-78.831,2023-06-29T06:00:00,53.2,0,,0,6.9,2.9,200,0.805555556,20,,,,,
14210,42.867,-78.831,2023-06-29T07:00:00,56.2,0,,0,5.8,3.9,147,1.083333333,33,,,,,
14210,42.867,-78.831,2023-06-29T08:00:00,59.7,0,,0,4.7,5.3,169,1.472222222,11,,,,,
14210,42.867,-78.831,2023-06-29T09:00:00,64.6,0,,0,4.7,5.5,205,1.527777778,25,,,,,
14210,42.867,-78.831,2023-06-29T10:00:00,68.3,0,,0,3.4,6.9,227,1.916666667,47,,,,,
14210,42.867,-78.831,2023-06-29T11:00:00,71.3,0,,0,3.4,6.9,248,1.916666667,68,,,,,
14210,42.867,-78.831,2023-06-29T12:00:00,73.3,0,,0,3.4,7.7,250,2.138888889,70,,,,,
14210,42.867,-78.831,2023-06-29T13:00:00,75.1,0,,0,4.7,8.4,240,2.333333333,60,,,,,
14210,42.867,-78.831,2023-06-29T14:00:00,75.3,0,,0,5.8,1.3,45,0.361111111,45,,,,,
14210,42.867,-78.831,2023-06-29T15:00:00,76.8,0,,0,6.9,6.3,160,1.75,20,,,,,
14210,42.867,-78.831,2023-06-29T16:00:00,78,0,,0,8.1,0.9,12,0.25,12,,,,,
14210,42.867,-78.831,2023-06-29T17:00:00,79.7,0,,0,8.1,1,12,0.277777778,12,,,,,
14210,42.867,-78.831,2023-06-29T18:00:00,80.4,0,,0,6.9,0.6,332,0.166666667,28,,,,,
14210,42.867,-78.831,2023-06-29T19:00:00,80.2,0,,0,5.8,6,336,1.666666667,24,,,,,
14210,42.867,-78.831,2023-06-29T20:00:00,76.5,0,,0,3.4,7,48,1.944444444,48,,,,,
14210,42.867,-78.831,2023-06-29T21:00:00,75.8,0,,0,4.7,5.6,73,1.555555556,73,,,,,
14210,42.867,-78.831,2023-06-29T22:00:00,70.6,0,,0,5.8,0.5,23,0.138888889,23,,,,,
14210,42.867,-78.831,2023-06-29T23:00:00,69.4,0,,0,5.8,6.6,92,1.833333333,88,,,,,
14210,42.867,-78.831,2023-06-30T00:00:00,67.5,0,,0,5.8,5.6,106,1.555555556,74,,,,,
14210,42.867,-78.831,2023-06-30T01:00:00,65.8,0,,0,5.8,5.6,117,1.555555556,63,,,,,
14210,42.867,-78.831,2023-06-30T02:00:00,64.7,0,,0,5.8,3.9,109,1.083333333,71,,,,,
14210,42.867,-78.831,2023-06-30T03:00:00,64.1,0,,0,9.2,5.5,135,1.527777778,45,,,,,
14210,42.867,-78.831,2023-06-30T04:00:00,64.4,0,,0,11.4,4.9,133,1.361111111,47,,,,,
14210,42.867,-78.831,2023-06-30T05:00:00,64.2,0,,0,12.8,4.3,137,1.194444444,43,,,,,
14210,42.867,-78.831,2023-06-30T06:00:00,64,0,,0,12.8,3.9,124,1.083333333,56,,,,,
14210,42.867,-78.831,2023-06-30T07:00:00,64.4,0,,0,12.8,6.2,132,1.722222222,48,,,,,
14210,42.867,-78.831,2023-06-30T08:00:00,66.1,0,,0,12.8,5,151,1.388888889,29,,,,,
14210,42.867,-78.831,2023-06-30T09:00:00,66.8,0.01,rain,0,10.3,0.6,330,0.166666667,30,,,,,
14210,42.867,-78.831,2023-06-30T10:00:00,70.6,0,,0,8.1,1,331,0.277777778,29,,,,,
14210,42.867,-78.831,2023-06-30T11:00:00,75.4,0,,0,5.8,0.3,358,0.083333333,2,,,,,
14210,42.867,-78.831,2023-06-30T12:00:00,76.3,0.001,rain,0,5.8,5,31,1.388888889,31,,,,,
14210,42.867,-78.831,2023-06-30T13:00:00,77.2,0,,0,5.8,6.6,83,1.833333333,83,,,,,
14210,42.867,-78.831,2023-06-30T14:00:00,77.7,0,,0,4.7,9.1,116,2.527777778,64,,,,,
14210,42.867,-78.831,2023-06-30T15:00:00,79.8,0,,0,4.7,6.8,130,1.888888889,50,,,,,
14210,42.867,-78.831,2023-06-30T16:00:00,81.7,0,,0,4.7,0.9,360,0.25,0,,,,,
14210,42.867,-78.831,2023-06-30T17:00:00,82.6,0,,0,4.7,1.3,9,0.361111111,9,,,,,
14210,42.867,-78.831,2023-06-30T18:00:00,83.3,0,,0,5.8,5.1,15,1.416666667,15,,,,,
14210,42.867,-78.831,2023-06-30T19:00:00,80.8,0,,0,8.1,5.9,322,1.638888889,38,,,,,
14210,42.867,-78.831,2023-06-30T20:00:00,78.8,0,,0,9.2,5.8,323,1.611111111,37,,,,,
14210,42.867,-78.831,2023-06-30T21:00:00,74.4,0,,0,9.2,5.4,185,1.5,5,,,,,
14210,42.867,-78.831,2023-06-30T22:00:00,73.4,0,,0,8.1,3.6,161,1,19,,,,,
14210,42.867,-78.831,2023-06-30T23:00:00,72,0,,0,5.8,5.2,172,1.444444444,8,,,,,
14210,42.867,-78.831,2023-07-01T00:00:00,70.8,0,,0,5.8,4.7,184,1.305555556,4,,,,,
14210,42.867,-78.831,2023-07-01T01:00:00,70.1,0,,0,6.9,4.7,204,1.305555556,24,,,,,
14210,42.867,-78.831,2023-07-01T02:00:00,69.1,0,,0,6.9,5.6,161,1.555555556,19,,,,,
14210,42.867,-78.831,2023-07-01T03:00:00,69.1,0,,0,5.8,4.9,143,1.361111111,37,,,,,
14210,42.867,-78.831,2023-07-01T04:00:00,69.1,0,,0,5.8,4.5,110,1.25,70,,,,,
14210,42.867,-78.831,2023-07-01T05:00:00,69.1,0,,0,5.8,5.7,144,1.583333333,36,,,,,
14210,42.867,-78.831,2023-07-01T06:00:00,69.2,0,,0,5.8,5.5,169,1.527777778,11,,,,,
14210,42.867,-78.831,2023-07-01T07:00:00,71.1,0,,0,6.9,5.7,161,1.583333333,19,,,,,
14210,42.867,-78.831,2023-07-01T08:00:00,73.3,0,,0,6.9,6.3,189,1.75,9,,,,,
14210,42.867,-78.831,2023-07-01T09:00:00,76.9,0,,0,8.1,10,190,2.777777778,10,,,,,
14210,42.867,-78.831,2023-07-01T10:00:00,78.8,0,,0,8.1,12.3,209,3.416666667,29,,,,,
14210,42.867,-78.831,2023-07-01T11:00:00,80.1,0,,0,8.1,10.7,221,2.972222222,41,,,,,
14210,42.867,-78.831,2023-07-01T12:00:00,81.1,0,,0,19.7,12.2,246,3.388888889,66,,,,,
14210,42.867,-78.831,2023-07-01T13:00:00,82.2,0,,0,24.2,15.1,246,4.194444444,66,,,,,
14210,42.867,-78.831,2023-07-01T14:00:00,80.5,0,,0,16.1,13,206,3.611111111,26,,,,,
14210,42.867,-78.831,2023-07-01T15:00:00,81.2,0,,0,19.5,9.8,222,2.722222222,42,,,,,
14210,42.867,-78.831,2023-07-01T16:00:00,80,0,,0,30,9.7,230,2.694444444,50,,,,,
14210,42.867,-78.831,2023-07-01T17:00:00,80.5,0.002,rain,0,18.3,12.1,216,3.361111111,36,,,,,
14210,42.867,-78.831,2023-07-01T18:00:00,79.9,0,,0,16.1,8.7,227,2.416666667,47,,,,,
14210,42.867,-78.831,2023-07-01T19:00:00,78.9,0,,0,10.3,8.6,212,2.388888889,32,,,,,
14210,42.867,-78.831,2023-07-01T20:00:00,78.1,0,,0,8.1,7.5,208,2.083333333,28,,,,,
14210,42.867,-78.831,2023-07-01T21:00:00,76.5,0,,0,6.9,4.6,260,1.277777778,80,,,,,
14210,42.867,-78.831,2023-07-01T22:00:00,74.8,0,,0,5.8,3.5,233,0.972222222,53,,,,,
14210,42.867,-78.831,2023-07-01T23:00:00,74.8,0,,0,5.8,6.4,202,1.777777778,22,,,,,
14210,42.867,-78.831,2023-07-02T00:00:00,73.9,0,,0,5.8,5.7,223,1.583333333,43,,,,,
14210,42.867,-78.831,2023-07-02T01:00:00,73.7,0,,0,6.9,7.4,225,2.055555556,45,,,,,
14210,42.867,-78.831,2023-07-02T02:00:00,71.9,0,,0,6.9,7.2,212,2,32,,,,,
14210,42.867,-78.831,2023-07-02T03:00:00,71.7,0,,0,6.9,7.6,229,2.111111111,49,,,,,
14210,42.867,-78.831,2023-07-02T04:00:00,71.7,0,,0,6.9,7.3,219,2.027777778,39,,,,,
14210,42.867,-78.831,2023-07-02T05:00:00,71.7,0,,0,6.9,8.4,210,2.333333333,30,,,,,
14210,42.867,-78.831,2023-07-02T06:00:00,71.7,0,,0,5.8,7.4,208,2.055555556,28,,,,,
14210,42.867,-78.831,2023-07-02T07:00:00,71.9,0,,0,6.9,6.3,206,1.75,26,,,,,
14210,42.867,-78.831,2023-07-02T08:00:00,73,0,,0,5.8,3.8,215,1.055555556,35,,,,,
14210,42.867,-78.831,2023-07-02T09:00:00,74.1,0,,0,5.8,4.7,194,1.305555556,14,,,,,
14210,42.867,-78.831,2023-07-02T10:00:00,74.9,0,,0,5.8,5.4,179,1.5,1,,,,,
14210,42.867,-78.831,2023-07-02T11:00:00,75.6,0,,0,6.9,0.8,44,0.222222222,44,,,,,
14210,42.867,-78.831,2023-07-02T12:00:00,76.6,0.001,rain,0,8.1,0.6,41,0.166666667,41,,,,,
14210,42.867,-78.831,2023-07-02T13:00:00,74,0.023,rain,0,8.1,8.2,178,2.277777778,2,,,,,
14210,42.867,-78.831,2023-07-02T14:00:00,73.2,0.088,rain,0,9.2,3.4,287,0.944444444,73,,,,,
14210,42.867,-78.831,2023-07-02T15:00:00,70.3,0.249,rain,0,8.1,6.2,40,1.722222222,40,,,,,
14210,42.867,-78.831,2023-07-02T16:00:00,70.4,0.224,rain,0,8.1,6.9,100,1.916666667,80,,,,,
14210,42.867,-78.831,2023-07-02T17:00:00,70.2,0.054,rain,0,9.2,4.5,87,1.25,87,,,,,
14210,42.867,-78.831,2023-07-02T18:00:00,70.3,0.027,rain,0,8.1,4,121,1.111111111,59,,,,,
14210,42.867,-78.831,2023-07-02T19:00:00,71.1,0,,0,6.9,0.6,48,0.166666667,48,,,,,
14210,42.867,-78.831,2023-07-02T20:00:00,71.1,0.002,rain,0,6.9,0.7,42,0.194444444,42,,,,,
14210,42.867,-78.831,2023-07-02T21:00:00,71,0,,0,5.8,0.2,12,0.055555556,12,,,,,
14210,42.867,-78.831,2023-07-02T22:00:00,70.2,0,,0,4.7,4.4,48,1.222222222,48,,,,,
14210,42.867,-78.831,2023-07-02T23:00:00,70,0,,0,3.4,5.4,119,1.5,61,,,,,
14210,42.867,-78.831,2023-07-03T00:00:00,70,0,,0,3.4,6.3,128,1.75,52,,,,,
14210,42.867,-78.831,2023-07-03T01:00:00,70,0,,0,3.4,4.7,133,1.305555556,47,,,,,
14210,42.867,-78.831,2023-07-03T02:00:00,69.3,0.01,rain,0,3.4,4.1,49,1.138888889,49,,,,,
14210,42.867,-78.831,2023-07-03T03:00:00,68.3,0,,0,3.4,4.9,45,1.361111111,45,,,,,
14210,42.867,-78.831,2023-07-03T04:00:00,68.3,0.002,rain,0,4.7,3.4,52,0.944444444,52,,,,,
14210,42.867,-78.831,2023-07-03T05:00:00,68.3,0.064,rain,0,5.8,6.6,101,1.833333333,79,,,,,
14210,42.867,-78.831,2023-07-03T06:00:00,68.3,0.203,rain,0,5.8,4.7,106,1.305555556,74,,,,,
14210,42.867,-78.831,2023-07-03T07:00:00,68.3,0.01,rain,0,5.8,5.6,96,1.555555556,84,,,,,
14210,42.867,-78.831,2023-07-03T08:00:00,69.4,0.071,rain,0,5.8,4.7,57,1.305555556,57,,,,,
14210,42.867,-78.831,2023-07-03T09:00:00,69.3,0.041,rain,0,6.9,3.5,40,0.972222222,40,,,,,
14210,42.867,-78.831,2023-07-03T10:00:00,69.8,0.038,rain,0,8.1,3.9,41,1.083333333,41,,,,,
14210,42.867,-78.831,2023-07-03T11:00:00,68.1,0.004,rain,0,9.2,8.3,42,2.305555556,42,,,,,
14210,42.867,-78.831,2023-07-03T12:00:00,69.4,0,,0,10.3,4,67,1.111111111,67,,,,,
14210,42.867,-78.831,2023-07-03T13:00:00,71,0,,0,3.4,0.7,27,0.194444444,27,,,,,
14210,42.867,-78.831,2023-07-03T14:00:00,74.1,0.008,rain,0,5.8,4.8,259,1.333333333,79,,,,,
14210,42.867,-78.831,2023-07-03T15:00:00,74.4,0.001,rain,0,5.8,6.1,267,1.694444444,87,,,,,
14210,42.867,-78.831,2023-07-03T16:00:00,77.6,0,,0,5.8,7.2,67,2,67,,,,,
14210,42.867,-78.831,2023-07-03T17:00:00,75.5,0.003,rain,0,4.7,5.9,255,1.638888889,75,,,,,
14210,42.867,-78.831,2023-07-03T18:00:00,75.8,0,,0,5.8,6.9,263,1.916666667,83,,,,,
14210,42.867,-78.831,2023-07-03T19:00:00,75.3,0,,0,4.7,6.5,346,1.805555556,14,,,,,
14210,42.867,-78.831,2023-07-03T20:00:00,75.8,0,,0,4.7,3.9,346,1.083333333,14,,,,,
14210,42.867,-78.831,2023-07-03T21:00:00,72.9,0,,0,3.4,5.7,263,1.583333333,83,,,,,
14210,42.867,-78.831,2023-07-03T22:00:00,71.5,0,,0,3.4,4.7,281,1.305555556,79,,,,,
14210,42.867,-78.831,2023-07-03T23:00:00,71.2,0,,0,2.2,3.3,36,0.916666667,36,,,,,
14210,42.867,-78.831,2023-07-04T00:00:00,70.3,0,,0,3.4,0.5,14,0.138888889,14,,,,,
14210,42.867,-78.831,2023-07-04T01:00:00,69.4,0,,0,2.2,2.9,286,0.805555556,74,,,,,
14210,42.867,-78.831,2023-07-04T02:00:00,68.5,0,,0,2.2,2.9,269,0.805555556,89,,,,,
14210,42.867,-78.831,2023-07-04T03:00:00,67.3,0,,0,4.7,2.8,253,0.777777778,73,,,,,
14210,42.867,-78.831,2023-07-04T04:00:00,67.6,0,,0,5.8,2.8,252,0.777777778,72,,,,,
14210,42.867,-78.831,2023-07-04T05:00:00,67.1,0,,0,5.8,3.9,230,1.083333333,50,,,,,
14210,42.867,-78.831,2023-07-04T06:00:00,68.3,0,,0,4.7,2.9,277,0.805555556,83,,,,,
14210,42.867,-78.831,2023-07-04T07:00:00,69.2,0,,0,2.2,3.9,278,1.083333333,82,,,,,
14210,42.867,-78.831,2023-07-04T08:00:00,69.7,0,,0,2.2,3.4,218,0.944444444,38,,,,,
14210,42.867,-78.831,2023-07-04T09:00:00,71.5,0,,0,4.7,4.6,244,1.277777778,64,,,,,
14210,42.867,-78.831,2023-07-04T10:00:00,74.3,0,,0,5.8,3.6,221,1,41,,,,,
14210,42.867,-78.831,2023-07-04T11:00:00,75.9,0,,0,8.1,4.8,216,1.333333333,36,,,,,
14210,42.867,-78.831,2023-07-04T12:00:00,78.4,0,,0,9.2,4.7,259,1.305555556,79,,,,,
14210,42.867,-78.831,2023-07-04T13:00:00,79.5,0,,0,10.3,7.7,239,2.138888889,59,,,,,
14210,42.867,-78.831,2023-07-04T14:00:00,81.5,0,,0,11.4,9.8,241,2.722222222,61,,,,,
14210,42.867,-78.831,2023-07-04T15:00:00,81.6,0,,0,13.9,8.4,241,2.333333333,61,,,,,
14210,42.867,-78.831,2023-07-04T16:00:00,82.4,0,,0,15,9.9,254,2.75,74,,,,,
14210,42.867,-78.831,2023-07-04T17:00:00,82.5,0,,0,15,9.9,227,2.75,47,,,,,
14210,42.867,-78.831,2023-07-04T18:00:00,79.8,0,,0,15,11.2,230,3.111111111,50,,,,,
14210,42.867,-78.831,2023-07-04T19:00:00,79.1,0,,0,13.9,10,238,2.777777778,58,,,,,
14210,42.867,-78.831,2023-07-04T20:00:00,76.3,0,,0,12.8,11.6,224,3.222222222,44,,,,,
14210,42.867,-78.831,2023-07-04T21:00:00,75,0,,0,6.9,6,229,1.666666667,49,,,,,
14210,42.867,-78.831,2023-07-04T22:00:00,71.5,0,,0,4.7,7.2,208,2,28,,,,,
14210,42.867,-78.831,2023-07-04T23:00:00,71.3,0,,0,3.4,6.6,197,1.833333333,17,,,,,
14210,42.867,-78.831,2023-07-05T00:00:00,70.2,0,,0,3.4,6.5,199,1.805555556,19,,,,,
14210,42.867,-78.831,2023-07-05T01:00:00,71,0,,0,3.4,6.5,218,1.805555556,38,,,,,
14210,42.867,-78.831,2023-07-05T02:00:00,70.1,0,,0,3.4,7.4,187,2.055555556,7,,,,,
14210,42.867,-78.831,2023-07-05T03:00:00,68.4,0,,0,6.9,6.7,200,1.861111111,20,,,,,
14210,42.867,-78.831,2023-07-05T04:00:00,68.5,0,,0,6.9,5.7,184,1.583333333,4,,,,,
14210,42.867,-78.831,2023-07-05T05:00:00,68.3,0,,0,6.9,6.8,165,1.888888889,15,,,,,
14210,42.867,-78.831,2023-07-05T06:00:00,67.3,0,,0,6.9,4.7,210,1.305555556,30,,,,,
14210,42.867,-78.831,2023-07-05T07:00:00,70.2,0,,0,6.9,4.7,195,1.305555556,15,,,,,
14210,42.867,-78.831,2023-07-05T08:00:00,74,0,,0,8.1,10.3,220,2.861111111,40,,,,,
14210,42.867,-78.831,2023-07-05T09:00:00,76,0,,0,8.1,9.5,220,2.638888889,40,,,,,
14210,42.867,-78.831,2023-07-05T10:00:00,78.5,0,,0,8.1,8.8,218,2.444444444,38,,,,,
14210,42.867,-78.831,2023-07-05T11:00:00,80.5,0,,0,11.4,7.9,231,2.194444444,51,,,,,
14210,42.867,-78.831,2023-07-05T12:00:00,82.6,0,,0,12.8,7.9,237,2.194444444,57,,,,,
14210,42.867,-78.831,2023-07-05T13:00:00,83.5,0,,0,13.9,7.2,211,2,31,,,,,
14210,42.867,-78.831,2023-07-05T14:00:00,84.4,0,,0,13.9,8.1,235,2.25,55,,,,,
14210,42.867,-78.831,2023-07-05T15:00:00,86.1,0,,0,15,9.9,238,2.75,58,,,,,
14210,42.867,-78.831,2023-07-05T16:00:00,86.2,0,,0,16.1,9.2,231,2.555555556,51,,,,,
14210,42.867,-78.831,2023-07-05T17:00:00,87.2,0,,0,15,7.1,221,1.972222222,41,,,,,
14210,42.867,-78.831,2023-07-05T18:00:00,87.2,0,,0,12.8,5.2,219,1.444444444,39,,,,,
14210,42.867,-78.831,2023-07-05T19:00:00,87,0,,0,9.2,4.8,225,1.333333333,45,,,,,
14210,42.867,-78.831,2023-07-05T20:00:00,83.9,0,,0,6.9,3.7,210,1.027777778,30,,,,,
14210,42.867,-78.831,2023-07-05T21:00:00,81,0,,0,5.8,5.6,221,1.555555556,41,,,,,
14210,42.867,-78.831,2023-07-05T22:00:00,79.3,0,,0,4.7,2.9,236,0.805555556,56,,,,,
14210,42.867,-78.831,2023-07-05T23:00:00,76.7,0,,0,4.7,4.9,157,1.361111111,23,,,,,
14210,42.867,-78.831,2023-07-06T00:00:00,75.3,0,,0,4.7,5.9,126,1.638888889,54,,,,,
14210,42.867,-78.831,2023-07-06T01:00:00,73.6,0,,0,4.7,4.9,127,1.361111111,53,,,,,
14210,42.867,-78.831,2023-07-06T02:00:00,71.5,0,,0,5.8,2.8,158,0.777777778,22,,,,,
14210,42.867,-78.831,2023-07-06T03:00:00,71.5,0,,0,5.8,5.8,120,1.611111111,60,,,,,
14210,42.867,-78.831,2023-07-06T04:00:00,70.8,0,,0,5.8,3.9,129,1.083333333,51,,,,,
14210,42.867,-78.831,2023-07-06T05:00:00,70.8,0,,0,5.8,4.9,128,1.361111111,52,,,,,
14210,42.867,-78.831,2023-07-06T06:00:00,70,0,,0,4.7,4.8,143,1.333333333,37,,,,,
14210,42.867,-78.831,2023-07-06T07:00:00,71.9,0,,0,4.7,5.8,133,1.611111111,47,,,,,
14210,42.867,-78.831,2023-07-06T08:00:00,76,0,,0,4.7,4.7,188,1.305555556,8,,,,,
14210,42.867,-78.831,2023-07-06T09:00:00,80.2,0,,0,6.9,7.2,183,2,3,,,,,
14210,42.867,-78.831,2023-07-06T10:00:00,83.9,0,,0,8.1,9,220,2.5,40,,,,,
14210,42.867,-78.831,2023-07-06T11:00:00,85.7,0,,0,10.3,9.9,216,2.75,36,,,,,
14210,42.867,-78.831,2023-07-06T12:00:00,86.9,0,,0,12.8,8.8,234,2.444444444,54,,,,,
14210,42.867,-78.831,2023-07-06T13:00:00,88.1,0,,0,13.9,11.2,246,3.111111111,66,,,,,
14210,42.867,-78.831,2023-07-06T14:00:00,88.2,0,,0,15,10.6,222,2.944444444,42,,,,,
14210,42.867,-78.831,2023-07-06T15:00:00,89.1,0,,0,13.9,12,247,3.333333333,67,,,,,
14210,42.867,-78.831,2023-07-06T16:00:00,88.6,0,,0,31.3,10.6,277,2.944444444,83,,,,,
14210,42.867,-78.831,2023-07-06T17:00:00,83.4,0,,0,15,10.6,345,2.944444444,15,,,,,
14210,42.867,-78.831,2023-07-06T18:00:00,80.9,0,,0,12.8,11.8,333,3.277777778,27,,,,,
14210,42.867,-78.831,2023-07-06T19:00:00,76.6,0,,0,11.4,7.5,256,2.083333333,76,,,,,
14210,42.867,-78.831,2023-07-06T20:00:00,76.3,0,,0,10.3,5.1,204,1.416666667,24,,,,,
14210,42.867,-78.831,2023-07-06T21:00:00,75.9,0,,0,8.1,8.3,202,2.305555556,22,,,,,
14210,42.867,-78.831,2023-07-06T22:00:00,75.6,0,,0,6.9,8.6,210,2.388888889,30,,,,,
14210,42.867,-78.831,2023-07-06T23:00:00,74.8,0,,0,6.9,8.2,211,2.277777778,31,,,,,
14210,42.867,-78.831,2023-07-07T00:00:00,74.7,0,,0,6.9,6.7,215,1.861111111,35,,,,,
14210,42.867,-78.831,2023-07-07T01:00:00,74.1,0,,0,5.8,6.7,229,1.861111111,49,,,,,
14210,42.867,-78.831,2023-07-07T02:00:00,73.9,0,,0,6.9,8.6,245,2.388888889,65,,,,,
14210,42.867,-78.831,2023-07-07T03:00:00,73,0,,0,9.2,5.8,239,1.611111111,59,,,,,
14210,42.867,-78.831,2023-07-07T04:00:00,72.9,0,,0,19.5,4.7,271,1.305555556,89,,,,,
14210,42.867,-78.831,2023-07-07T05:00:00,73,0,,0,6.9,7.2,269,2,89,,,,,
14210,42.867,-78.831,2023-07-07T06:00:00,72.1,0,,0,6.9,6.5,320,1.805555556,40,,,,,
14210,42.867,-78.831,2023-07-07T07:00:00,72,0,,0,4.7,9.8,338,2.722222222,22,,,,,
14210,42.867,-78.831,2023-07-07T08:00:00,72,0,,0,4.7,7.9,336,2.194444444,24,,,,,
14210,42.867,-78.831,2023-07-07T09:00:00,72.1,0,,0,6.9,10.6,335,2.944444444,25,,,,,
14210,42.867,-78.831,2023-07-07T10:00:00,71.5,0,,0,8.1,11.2,337,3.111111111,23,,,,,
14210,42.867,-78.831,2023-07-07T11:00:00,74.2,0,,0,9.2,8.8,304,2.444444444,56,,,,,
14210,42.867,-78.831,2023-07-07T12:00:00,75.8,0,,0,10.3,9.4,330,2.611111111,30,,,,,
14210,42.867,-78.831,2023-07-07T13:00:00,78.1,0,,0,11.4,8.9,331,2.472222222,29,,,,,
14210,42.867,-78.831,2023-07-07T14:00:00,78.4,0,,0,10.3,10,326,2.777777778,34,,,,,
14210,42.867,-78.831,2023-07-07T15:00:00,80.9,0,,0,18.3,10.1,326,2.805555556,34,,,,,
14210,42.867,-78.831,2023-07-07T16:00:00,80.9,0,,0,17.2,6.3,316,1.75,44,,,,,
14210,42.867,-78.831,2023-07-07T17:00:00,78.8,0,,0,19.7,12.5,238,3.472222222,58,,,,,
14210,42.867,-78.831,2023-07-07T18:00:00,77.5,0,,0,13.9,12.8,237,3.555555556,57,,,,,
14210,42.867,-78.831,2023-07-07T19:00:00,76.3,0,,0,9.2,9.2,244,2.555555556,64,,,,,
14210,42.867,-78.831,2023-07-07T20:00:00,77.9,0,,0,8.1,7.3,343,2.027777778,17,,,,,
14210,42.867,-78.831,2023-07-07T21:00:00,73.5,0,,0,5.8,5.3,7,1.472222222,7,,,,,
14210,42.867,-78.831,2023-07-07T22:00:00,70.3,0,,0,5.8,3.9,322,1.083333333,38,,,,,
14210,42.867,-78.831,2023-07-07T23:00:00,69.2,0,,0,4.7,8.2,281,2.277777778,79,,,,,
14210,42.867,-78.831,2023-07-08T00:00:00,67.1,0,,0,21.9,6.2,279,1.722222222,81,,,,,
14210,42.867,-78.831,2023-07-08T01:00:00,65.4,0,,0,4.7,3.7,263,1.027777778,83,,,,,
14210,42.867,-78.831,2023-07-08T02:00:00,63.6,0,,0,3.4,3.4,237,0.944444444,57,,,,,
14210,42.867,-78.831,2023-07-08T03:00:00,62,0,,0,3.4,3.4,212,0.944444444,32,,,,,
14210,42.867,-78.831,2023-07-08T04:00:00,60.7,0,,0,3.4,3,216,0.833333333,36,,,,,
14210,42.867,-78.831,2023-07-08T05:00:00,59.9,0,,0,3.4,2.9,209,0.805555556,29,,,,,
14210,42.867,-78.831,2023-07-08T06:00:00,60.1,0,,0,3.4,3.3,159,0.916666667,21,,,,,
14210,42.867,-78.831,2023-07-08T07:00:00,60.4,0,,0,3.4,5.3,116,1.472222222,64,,,,,
14210,42.867,-78.831,2023-07-08T08:00:00,63.1,0,,0,4.7,5.6,195,1.555555556,15,,,,,
14210,42.867,-78.831,2023-07-08T09:00:00,65.9,0,,0,4.7,5.7,210,1.583333333,30,,,,,
14210,42.867,-78.831,2023-07-08T10:00:00,70.2,0,,0,5.8,8.9,251,2.472222222,71,,,,,
14210,42.867,-78.831,2023-07-08T11:00:00,71.4,0,,0,6.9,4.8,198,1.333333333,18,,,,,
14210,42.867,-78.831,2023-07-08T12:00:00,73.4,0,,0,8.1,0.7,328,0.194444444,32,,,,,
14210,42.867,-78.831,2023-07-08T13:00:00,75.3,0,,0,9.2,4.5,68,1.25,68,,,,,
14210,42.867,-78.831,2023-07-08T14:00:00,76.1,0,,0,10.3,4.1,309,1.138888889,51,,,,,
14210,42.867,-78.831,2023-07-08T15:00:00,77.2,0,,0,5.8,5.5,202,1.527777778,22,,,,,
14210,42.867,-78.831,2023-07-08T16:00:00,79,0,,0,5.8,4.8,250,1.333333333,70,,,,,
14210,42.867,-78.831,2023-07-08T17:00:00,76.9,0,,0,4.7,6,256,1.666666667,76,,,,,
14210,42.867,-78.831,2023-07-08T18:00:00,76.4,0,,0,3.4,4.1,282,1.138888889,78,,,,,
14210,42.867,-78.831,2023-07-08T19:00:00,73.9,0,,0,2.2,8.6,20,2.388888889,20,,,,,
14210,42.867,-78.831,2023-07-08T20:00:00,73,0,,0,2.2,9.3,50,2.583333333,50,,,,,
14210,42.867,-78.831,2023-07-08T21:00:00,71.8,0,,0,2.2,6.6,55,1.833333333,55,,,,,
14210,42.867,-78.831,2023-07-08T22:00:00,71.7,0,,0,3.4,4.5,77,1.25,77,,,,,
14210,42.867,-78.831,2023-07-08T23:00:00,69.8,0,,0,4.7,6.5,59,1.805555556,59,,,,,
14210,42.867,-78.831,2023-07-09T00:00:00,69,0,,0,4.7,5.1,68,1.416666667,68,,,,,
14210,42.867,-78.831,2023-07-09T01:00:00,68,0,,0,5.8,6,22,1.666666667,22,,,,,
14210,42.867,-78.831,2023-07-09T02:00:00,66.4,0,,0,5.8,6.8,16,1.888888889,16,,,,,
14210,42.867,-78.831,2023-07-09T03:00:00,66.4,0.001,rain,0,5.8,8.4,354,2.333333333,6,,,,,
14210,42.867,-78.831,2023-07-09T04:00:00,66.2,0,,0,5.8,6.8,31,1.888888889,31,,,,,
14210,42.867,-78.831,2023-07-09T05:00:00,66.2,0,,0,5.8,7.1,49,1.972222222,49,,,,,
14210,42.867,-78.831,2023-07-09T06:00:00,65.1,0,,0,5.8,1.1,356,0.305555556,4,,,,,
14210,42.867,-78.831,2023-07-09T07:00:00,65.3,0,,0,5.8,5.6,326,1.555555556,34,,,,,
14210,42.867,-78.831,2023-07-09T08:00:00,67.3,0,,0,4.7,6.4,346,1.777777778,14,,,,,
14210,42.867,-78.831,2023-07-09T09:00:00,68.5,0,,0,4.7,5.3,12,1.472222222,12,,,,,
14210,42.867,-78.831,2023-07-09T10:00:00,70.3,0,,0,5.8,5.4,20,1.5,20,,,,,
14210,42.867,-78.831,2023-07-09T11:00:00,71.1,0,,0,5.8,3.8,30,1.055555556,30,,,,,
14210,42.867,-78.831,2023-07-09T12:00:00,73.1,0,,0,4.7,0.9,355,0.25,5,,,,,
14210,42.867,-78.831,2023-07-09T13:00:00,74.7,0,,0,5.8,4.7,323,1.305555556,37,,,,,
14210,42.867,-78.831,2023-07-09T14:00:00,74.9,0,,0,6.9,5.6,348,1.555555556,12,,,,,
14210,42.867,-78.831,2023-07-09T15:00:00,75.2,0,,0,6.9,9.1,335,2.527777778,25,,,,,
14210,42.867,-78.831,2023-07-09T16:00:00,75.9,0,,0,6.9,6.2,356,1.722222222,4,,,,,
14210,42.867,-78.831,2023-07-09T17:00:00,76.9,0,,0,6.9,10,338,2.777777778,22,,,,,
14210,42.867,-78.831,2023-07-09T18:00:00,75.9,0,,0,8.1,5.9,34,1.638888889,34,,,,,
14210,42.867,-78.831,2023-07-09T19:00:00,75.9,0,,0,8.1,6.6,10,1.833333333,10,,,,,
14210,42.867,-78.831,2023-07-09T20:00:00,73.4,0,,0,6.9,4.7,44,1.305555556,44,,,,,
14210,42.867,-78.831,2023-07-09T21:00:00,72.2,0,,0,4.7,0.1,4,0.027777778,4,,,,,
14210,42.867,-78.831,2023-07-09T22:00:00,71.1,0,,0,4.7,2.8,314,0.777777778,46,,,,,
14210,42.867,-78.831,2023-07-09T23:00:00,69,0,,0,4.7,3,314,0.833333333,46,,,,,
14210,42.867,-78.831,2023-07-10T00:00:00,69.4,0,,0,20.1,5.7,305,1.583333333,55,,,,,
14210,42.867,-78.831,2023-07-10T01:00:00,68.3,0,,0,24.2,0.9,352,0.25,8,,,,,
14210,42.867,-78.831,2023-07-10T02:00:00,68.1,0,,0,3.4,4,328,1.111111111,32,,,,,
14210,42.867,-78.831,2023-07-10T03:00:00,68.3,0,,0,19.5,5.5,311,1.527777778,49,,,,,
14210,42.867,-78.831,2023-07-10T04:00:00,68.2,0,,0,5.8,5.9,331,1.638888889,29,,,,,
14210,42.867,-78.831,2023-07-10T05:00:00,67.1,0,,0,5.8,5.8,313,1.611111111,47,,,,,
14210,42.867,-78.831,2023-07-10T06:00:00,66.1,0,,0,5.8,4.5,328,1.25,32,,,,,
14210,42.867,-78.831,2023-07-10T07:00:00,66.3,0,,0,5.8,5,316,1.388888889,44,,,,,
14210,42.867,-78.831,2023-07-10T08:00:00,67.4,0,,0,5.8,5.2,311,1.444444444,49,,,,,
14210,42.867,-78.831,2023-07-10T09:00:00,68.3,0,,0,5.8,4.6,320,1.277777778,40,,,,,
14210,42.867,-78.831,2023-07-10T10:00:00,70.5,0,,0,6.9,4.4,277,1.222222222,83,,,,,
14210,42.867,-78.831,2023-07-10T11:00:00,72.2,0,,0,8.1,3.3,286,0.916666667,74,,,,,
14210,42.867,-78.831,2023-07-10T12:00:00,74.4,0,,0,9.2,2.9,250,0.805555556,70,,,,,
14210,42.867,-78.831,2023-07-10T13:00:00,75.5,0,,0,15,9.2,230,2.555555556,50,,,,,
14210,42.867,-78.831,2023-07-10T14:00:00,74.9,0,,0,13.9,9.5,235,2.638888889,55,,,,,
14210,42.867,-78.831,2023-07-10T15:00:00,74.9,0,,0,16.1,10.1,229,2.805555556,49,,,,,
14210,42.867,-78.831,2023-07-10T16:00:00,77.5,0,,0,16.1,12.2,217,3.388888889,37,,,,,
14210,42.867,-78.831,2023-07-10T17:00:00,78.6,0,,0,17.2,13.5,238,3.75,58,,,,,
14210,42.867,-78.831,2023-07-10T18:00:00,77.4,0,,0,23,14.6,227,4.055555556,47,,,,,
14210,42.867,-78.831,2023-07-10T19:00:00,76.2,0,,0,17.2,14.5,237,4.027777778,57,,,,,
14210,42.867,-78.831,2023-07-10T20:00:00,74.3,0,,0,15,12.5,226,3.472222222,46,,,,,
14210,42.867,-78.831,2023-07-10T21:00:00,73.2,0,,0,13.9,10.3,228,2.861111111,48,,,,,
14210,42.867,-78.831,2023-07-10T22:00:00,72.1,0,,0,12.8,11.1,218,3.083333333,38,,,,,
14210,42.867,-78.831,2023-07-10T23:00:00,71.8,0,,0,9.2,9.9,227,2.75,47,,,,,
14210,42.867,-78.831,2023-07-11T00:00:00,68.5,0,,0,8.1,8.9,210,2.472222222,30,,,,,
14210,42.867,-78.831,2023-07-11T01:00:00,69.3,0,,0,8.1,8,218,2.222222222,38,,,,,
14210,42.867,-78.831,2023-07-11T02:00:00,67.4,0,,0,6.9,7.1,211,1.972222222,31,,,,,
14210,42.867,-78.831,2023-07-11T03:00:00,66.6,0,,0,8.1,6,205,1.666666667,25,,,,,
14210,42.867,-78.831,2023-07-11T04:00:00,66.5,0,,0,10.3,7.9,196,2.194444444,16,,,,,
14210,42.867,-78.831,2023-07-11T05:00:00,67.3,0,,0,10.3,7.7,202,2.138888889,22,,,,,
14210,42.867,-78.831,2023-07-11T06:00:00,66.6,0,,0,11.4,6.9,194,1.916666667,14,,,,,
14210,42.867,-78.831,2023-07-11T07:00:00,66.8,0,,0,12.8,6.1,195,1.694444444,15,,,,,
14210,42.867,-78.831,2023-07-11T08:00:00,72.2,0,,0,18.3,8.9,220,2.472222222,40,,,,,
14210,42.867,-78.831,2023-07-11T09:00:00,74.5,0,,0,18.3,13.1,227,3.638888889,47,,,,,
14210,42.867,-78.831,2023-07-11T10:00:00,76.4,0,,0,17.2,15.1,228,4.194444444,48,,,,,
14210,42.867,-78.831,2023-07-11T11:00:00,78.7,0,,0,20.8,14.3,226,3.972222222,46,,,,,
14210,42.867,-78.831,2023-07-11T12:00:00,78.8,0,,0,26.2,17.2,227,4.777777778,47,,,,,
14210,42.867,-78.831,2023-07-11T13:00:00,80.6,0,,0,28,18.1,218,5.027777778,38,,,,,
14210,42.867,-78.831,2023-07-11T14:00:00,81.2,0,,0,37.8,22.9,238,6.361111111,58,,,,,
14210,42.867,-78.831,2023-07-11T15:00:00,81.3,0,,0,35.7,21.8,240,6.055555556,60,,,,,
14210,42.867,-78.831,2023-07-11T16:00:00,82.3,0,,0,32.9,18.4,238,5.111111111,58,,,,,
14210,42.867,-78.831,2023-07-11T17:00:00,81.3,0,,0,34.8,24.5,240,6.805555556,60,,,,,
14210,42.867,-78.831,2023-07-11T18:00:00,77.5,0,,0,31.8,16,232,4.444444444,52,,,,,
14210,42.867,-78.831,2023-07-11T19:00:00,77.4,0,,0,23.1,13.5,230,3.75,50,,,,,
14210,42.867,-78.831,2023-07-11T20:00:00,76.1,0,,0,25.3,13.9,223,3.861111111,43,,,,,
14210,42.867,-78.831,2023-07-11T21:00:00,72.1,0.003,rain,0,36.4,15,250,4.166666667,70,,,,,
14210,42.867,-78.831,2023-07-11T22:00:00,69.3,0.049,rain,0,19.5,6,225,1.666666667,45,,,,,
14210,42.867,-78.831,2023-07-11T23:00:00,69,0,,0,16.1,5.5,225,1.527777778,45,,,,,
14210,42.867,-78.831,2023-07-12T00:00:00,69.9,0,,0,12.8,8.7,229,2.416666667,49,,,,,
14210,42.867,-78.831,2023-07-12T01:00:00,69.1,0,,0,9.2,5.5,209,1.527777778,29,,,,,
14210,42.867,-78.831,2023-07-12T02:00:00,69,0.005,rain,0,8.1,4.1,242,1.138888889,62,,,,,
14210,42.867,-78.831,2023-07-12T03:00:00,69,0.005,rain,0,21.9,8.8,302,2.444444444,58,,,,,
14210,42.867,-78.831,2023-07-12T04:00:00,66.9,0,,0,21.9,8.6,359,2.388888889,1,,,,,
14210,42.867,-78.831,2023-07-12T05:00:00,66,0,,0,5.8,5,359,1.388888889,1,,,,,
14210,42.867,-78.831,2023-07-12T06:00:00,65,0,,0,20.8,4,11,1.111111111,11,,,,,
14210,42.867,-78.831,2023-07-12T07:00:00,66.7,0,,0,4.7,0.2,358,0.055555556,2,,,,,
14210,42.867,-78.831,2023-07-12T08:00:00,67.8,0,,0,4.7,3.9,14,1.083333333,14,,,,,
14210,42.867,-78.831,2023-07-12T09:00:00,69,0,,0,6.9,0.8,355,0.222222222,5,,,,,
14210,42.867,-78.831,2023-07-12T10:00:00,69.1,0,,0,8.1,0.9,344,0.25,16,,,,,
14210,42.867,-78.831,2023-07-12T11:00:00,71.8,0,,0,9.2,3.5,125,0.972222222,55,,,,,
14210,42.867,-78.831,2023-07-12T12:00:00,74.7,0,,0,10.3,0.6,346,0.166666667,14,,,,,
14210,42.867,-78.831,2023-07-12T13:00:00,76,0,,0,10.3,6.4,322,1.777777778,38,,,,,
14210,42.867,-78.831,2023-07-12T14:00:00,79.7,0,,0,11.4,6.9,261,1.916666667,81,,,,,
14210,42.867,-78.831,2023-07-12T15:00:00,79.1,0,,0,11.4,3.7,311,1.027777778,49,,,,,
14210,42.867,-78.831,2023-07-12T16:00:00,79.7,0,,0,11.4,4.2,45,1.166666667,45,,,,,
14210,42.867,-78.831,2023-07-12T17:00:00,79.9,0,,0,10.3,1.3,2,0.361111111,2,,,,,
14210,42.867,-78.831,2023-07-12T18:00:00,78.9,0,,0,9.2,8.8,52,2.444444444,52,,,,,
14210,42.867,-78.831,2023-07-12T19:00:00,77,0,,0,6.9,6.8,55,1.888888889,55,,,,,
14210,42.867,-78.831,2023-07-12T20:00:00,75,0,,0,5.8,6.8,46,1.888888889,46,,,,,
14210,42.867,-78.831,2023-07-12T21:00:00,73.1,0,,0,5.8,5.8,70,1.611111111,70,,,,,
14210,42.867,-78.831,2023-07-12T22:00:00,71.9,0,,0,5.8,5.5,73,1.527777778,73,,,,,
14210,42.867,-78.831,2023-07-12T23:00:00,70.8,0.001,rain,0,6.9,4.8,68,1.333333333,68,,,,,
14210,42.867,-78.831,2023-07-13T00:00:00,68,0.01,rain,0,6.9,5.7,67,1.583333333,67,,,,,
14210,42.867,-78.831,2023-07-13T01:00:00,68.8,0,,0,8.1,4.9,133,1.361111111,47,,,,,
14210,42.867,-78.831,2023-07-13T02:00:00,68.7,0.032,rain,0,5.8,7.9,141,2.194444444,39,,,,,
14210,42.867,-78.831,2023-07-13T03:00:00,68.9,0.188,rain,0,8.1,8.1,119,2.25,61,,,,,
14210,42.867,-78.831,2023-07-13T04:00:00,69.3,0,,0,9.2,9,130,2.5,50,,,,,
14210,42.867,-78.831,2023-07-13T05:00:00,70.3,0.043,rain,0,15,12,176,3.333333333,4,,,,,
14210,42.867,-78.831,2023-07-13T06:00:00,71.4,0,,0,25.1,14,173,3.888888889,7,,,,,
14210,42.867,-78.831,2023-07-13T07:00:00,73.1,0.002,rain,0,29.5,16.1,190,4.472222222,10,,,,,
14210,42.867,-78.831,2023-07-13T08:00:00,74.2,0,,0,27.7,18.8,190,5.222222222,10,,,,,
14210,42.867,-78.831,2023-07-13T09:00:00,76.1,0,,0,34,18.8,210,5.222222222,30,,,,,
14210,42.867,-78.831,2023-07-13T10:00:00,75.7,0,,0,34.7,23,205,6.388888889,25,,,,,
14210,42.867,-78.831,2023-07-13T11:00:00,74.2,0,,0,37.9,22.3,242,6.194444444,62,,,,,
14210,42.867,-78.831,2023-07-13T12:00:00,74.7,0,,0,30.4,18.7,243,5.194444444,63,,,,,
14210,42.867,-78.831,2023-07-13T13:00:00,77.3,0,,0,26.9,12,269,3.333333333,89,,,,,
14210,42.867,-78.831,2023-07-13T14:00:00,74.7,0,,0,29.4,17.4,239,4.833333333,59,,,,,
14210,42.867,-78.831,2023-07-13T15:00:00,74.6,0,,0,32,20.5,239,5.694444444,59,,,,,
14210,42.867,-78.831,2023-07-13T16:00:00,72.7,0,,0,34.1,23.3,231,6.472222222,51,,,,,
14210,42.867,-78.831,2023-07-13T17:00:00,74.2,0,,0,34.9,19.8,248,5.5,68,,,,,
14210,42.867,-78.831,2023-07-13T18:00:00,73.6,0,,0,28.6,15.5,244,4.305555556,64,,,,,
14210,42.867,-78.831,2023-07-13T19:00:00,71.4,0,,0,29.1,16.9,230,4.694444444,50,,,,,
14210,42.867,-78.831,2023-07-13T20:00:00,70.4,0,,0,20.8,12.8,238,3.555555556,58,,,,,
14210,42.867,-78.831,2023-07-13T21:00:00,69.3,0,,0,20.8,9,232,2.5,52,,,,,
14210,42.867,-78.831,2023-07-13T22:00:00,68.3,0,,0,19.5,9.9,231,2.75,51,,,,,
14210,42.867,-78.831,2023-07-13T23:00:00,67.7,0,,0,9.2,7.8,233,2.166666667,53,,,,,
14210,42.867,-78.831,2023-07-14T00:00:00,66.5,0,,0,8.1,4.5,247,1.25,67,,,,,
14210,42.867,-78.831,2023-07-14T01:00:00,65.7,0,,0,6.9,0,354,0,6,,,,,
14210,42.867,-78.831,2023-07-14T02:00:00,62.8,0,,0,5.8,3.9,203,1.083333333,23,,,,,
14210,42.867,-78.831,2023-07-14T03:00:00,61.9,0,,0,5.8,4,215,1.111111111,35,,,,,
14210,42.867,-78.831,2023-07-14T04:00:00,62,0,,0,5.8,4.9,218,1.361111111,38,,,,,
14210,42.867,-78.831,2023-07-14T05:00:00,61.8,0,,0,4.7,3.4,130,0.944444444,50,,,,,
14210,42.867,-78.831,2023-07-14T06:00:00,60.9,0,,0,5.8,4.9,137,1.361111111,43,,,,,
14210,42.867,-78.831,2023-07-14T07:00:00,62.8,0,,0,4.7,4.8,135,1.333333333,45,,,,,
14210,42.867,-78.831,2023-07-14T08:00:00,65.5,0,,0,3.4,3.9,157,1.083333333,23,,,,,
14210,42.867,-78.831,2023-07-14T09:00:00,69.5,0,,0,3.4,4.8,185,1.333333333,5,,,,,
14210,42.867,-78.831,2023-07-14T10:00:00,72.3,0,,0,4.7,7,219,1.944444444,39,,,,,
14210,42.867,-78.831,2023-07-14T11:00:00,74.4,0,,0,5.8,6.3,229,1.75,49,,,,,
14210,42.867,-78.831,2023-07-14T12:00:00,77.1,0,,0,6.9,8.2,254,2.277777778,74,,,,,
14210,42.867,-78.831,2023-07-14T13:00:00,77.2,0,,0,8.1,6.4,168,1.777777778,12,,,,,
14210,42.867,-78.831,2023-07-14T14:00:00,79.2,0,,0,18.3,9.2,249,2.555555556,69,,,,,
14210,42.867,-78.831,2023-07-14T15:00:00,80.2,0,,0,10.3,8.1,251,2.25,71,,,,,
14210,42.867,-78.831,2023-07-14T16:00:00,80.2,0,,0,11.4,8,256,2.222222222,76,,,,,
14210,42.867,-78.831,2023-07-14T17:00:00,81.1,0,,0,10.3,8.5,221,2.361111111,41,,,,,
14210,42.867,-78.831,2023-07-14T18:00:00,82,0,,0,9.2,6.1,233,1.694444444,53,,,,,
14210,42.867,-78.831,2023-07-14T19:00:00,79.9,0,,0,6.9,8.7,225,2.416666667,45,,,,,
14210,42.867,-78.831,2023-07-14T20:00:00,76,0,,0,5.8,7.1,231,1.972222222,51,,,,,
14210,42.867,-78.831,2023-07-14T21:00:00,74,0,,0,4.7,6.6,230,1.833333333,50,,,,,
14210,42.867,-78.831,2023-07-14T22:00:00,73.8,0,,0,4.7,5,211,1.388888889,31,,,,,
14210,42.867,-78.831,2023-07-14T23:00:00,70.1,0,,0,4.7,5.8,174,1.611111111,6,,,,,
14210,42.867,-78.831,2023-07-15T00:00:00,69.9,0,,0,4.7,4,130,1.111111111,50,,,,,
14210,42.867,-78.831,2023-07-15T01:00:00,67.8,0,,0,4.7,4.9,135,1.361111111,45,,,,,
14210,42.867,-78.831,2023-07-15T02:00:00,66.8,0,,0,4.7,4.4,124,1.222222222,56,,,,,
14210,42.867,-78.831,2023-07-15T03:00:00,66,0,,0,4.7,5.9,147,1.638888889,33,,,,,
14210,42.867,-78.831,2023-07-15T04:00:00,65.7,0,,0,4.7,4.7,138,1.305555556,42,,,,,
14210,42.867,-78.831,2023-07-15T05:00:00,65.7,0,,0,4.7,3.3,98,0.916666667,82,,,,,
14210,42.867,-78.831,2023-07-15T06:00:00,65.7,0,,0,4.7,6.3,146,1.75,34,,,,,
14210,42.867,-78.831,2023-07-15T07:00:00,67.7,0,,0,5.8,4.5,151,1.25,29,,,,,
14210,42.867,-78.831,2023-07-15T08:00:00,69.4,0,,0,5.8,5.4,160,1.5,20,,,,,
14210,42.867,-78.831,2023-07-15T09:00:00,74.9,0,,0,9.2,7.8,181,2.166666667,1,,,,,
14210,42.867,-78.831,2023-07-15T10:00:00,78.5,0.001,rain,0,23,9.7,210,2.694444444,30,,,,,
14210,42.867,-78.831,2023-07-15T11:00:00,76.8,0,,0,13.9,10.1,218,2.805555556,38,,,,,
14210,42.867,-78.831,2023-07-15T12:00:00,78.3,0,,0,13.9,4.5,207,1.25,27,,,,,
14210,42.867,-78.831,2023-07-15T13:00:00,82.7,0,,0,13.9,10.7,182,2.972222222,2,,,,,
14210,42.867,-78.831,2023-07-15T14:00:00,83.6,0,,0,12.8,12.2,200,3.388888889,20,,,,,
14210,42.867,-78.831,2023-07-15T15:00:00,85.2,0.001,rain,0,10.3,9.9,268,2.75,88,,,,,
14210,42.867,-78.831,2023-07-15T16:00:00,81.5,0.001,rain,0,9.2,7.6,288,2.111111111,72,,,,,
14210,42.867,-78.831,2023-07-15T17:00:00,73.6,0.043,rain,0,8.1,7.8,28,2.166666667,28,,,,,
14210,42.867,-78.831,2023-07-15T18:00:00,73.2,0,,0,6.9,13.7,53,3.805555556,53,,,,,
14210,42.867,-78.831,2023-07-15T19:00:00,72,0,,0,5.8,6.9,82,1.916666667,82,,,,,
14210,42.867,-78.831,2023-07-15T20:00:00,71.1,0,,0,6.9,11.7,109,3.25,71,,,,,
14210,42.867,-78.831,2023-07-15T21:00:00,71,0.006,rain,0,9.2,10.2,108,2.833333333,72,,,,,
14210,42.867,-78.831,2023-07-15T22:00:00,70.8,0.082,rain,0,21.9,11.1,228,3.083333333,48,,,,,
14210,42.867,-78.831,2023-07-15T23:00:00,69.2,0.304,rain,0,8.1,7.3,14,2.027777778,14,,,,,
14210,42.867,-78.831,2023-07-16T00:00:00,69.1,0.054,rain,0,8.1,6.2,92,1.722222222,88,,,,,
14210,42.867,-78.831,2023-07-16T01:00:00,68.2,0.078,rain,0,8.1,0.9,6,0.25,6,,,,,
14210,42.867,-78.831,2023-07-16T02:00:00,68.2,0.101,rain,0,5.8,7.2,43,2,43,,,,,
14210,42.867,-78.831,2023-07-16T03:00:00,68,0.062,rain,0,4.7,3,240,0.833333333,60,,,,,
14210,42.867,-78.831,2023-07-16T04:00:00,68.2,0.054,rain,0,3.4,0.6,1,0.166666667,1,,,,,
14210,42.867,-78.831,2023-07-16T05:00:00,69.1,0,,0,3.4,0.7,353,0.194444444,7,,,,,
14210,42.867,-78.831,2023-07-16T06:00:00,68.1,0.01,rain,0,3.4,2.8,305,0.777777778,55,,,,,
14210,42.867,-78.831,2023-07-16T07:00:00,68.1,0,,0,4.7,6.1,321,1.694444444,39,,,,,
14210,42.867,-78.831,2023-07-16T08:00:00,69.4,0,,0,6.9,3.5,261,0.972222222,81,,,,,
14210,42.867,-78.831,2023-07-16T09:00:00,71,0,,0,8.1,7.3,268,2.027777778,88,,,,,
14210,42.867,-78.831,2023-07-16T10:00:00,71.4,0,,0,9.2,9,264,2.5,84,,,,,
14210,42.867,-78.831,2023-07-16T11:00:00,73.4,0,,0,19.7,12.3,262,3.416666667,82,,,,,
14210,42.867,-78.831,2023-07-16T12:00:00,74.5,0,,0,13.9,11.7,242,3.25,62,,,,,
14210,42.867,-78.831,2023-07-16T13:00:00,77.4,0,,0,17.2,10.8,230,3,50,,,,,
14210,42.867,-78.831,2023-07-16T14:00:00,76.4,0,,0,19.5,15.8,221,4.388888889,41,,,,,
14210,42.867,-78.831,2023-07-16T15:00:00,77.4,0,,0,29.3,13.2,218,3.666666667,38,,,,,
14210,42.867,-78.831,2023-07-16T16:00:00,77.4,0,,0,19.5,16.9,232,4.694444444,52,,,,,
14210,42.867,-78.831,2023-07-16T17:00:00,76.4,0,,0,19.5,15.8,228,4.388888889,48,,,,,
14210,42.867,-78.831,2023-07-16T18:00:00,75.5,0,,0,26.8,14.5,237,4.027777778,57,,,,,
14210,42.867,-78.831,2023-07-16T19:00:00,74.5,0,,0,23,13.6,222,3.777777778,42,,,,,
14210,42.867,-78.831,2023-07-16T20:00:00,74.3,0,,0,20.8,11.2,211,3.111111111,31,,,,,
14210,42.867,-78.831,2023-07-16T21:00:00,73.2,0,,0,17.2,10.3,211,2.861111111,31,,,,,
14210,42.867,-78.831,2023-07-16T22:00:00,73.8,0,,0,27.7,14.2,227,3.944444444,47,,,,,
14210,42.867,-78.831,2023-07-16T23:00:00,74,0,,0,24.2,12.3,220,3.416666667,40,,,,,
14210,42.867,-78.831,2023-07-17T00:00:00,73.1,0,,0,19.5,13.5,230,3.75,50,,,,,
14210,42.867,-78.831,2023-07-17T01:00:00,72.9,0,,0,25.3,13,238,3.611111111,58,,,,,
14210,42.867,-78.831,2023-07-17T02:00:00,72.7,0,,0,17.2,12.6,228,3.5,48,,,,,
14210,42.867,-78.831,2023-07-17T03:00:00,71.5,0,,0,15,11.7,230,3.25,50,,,,,
14210,42.867,-78.831,2023-07-17T04:00:00,70.6,0,,0,13.9,7.6,226,2.111111111,46,,,,,
14210,42.867,-78.831,2023-07-17T05:00:00,69.7,0,,0,12.8,7.7,221,2.138888889,41,,,,,
14210,42.867,-78.831,2023-07-17T06:00:00,69.6,0,,0,12.8,7.9,225,2.194444444,45,,,,,
14210,42.867,-78.831,2023-07-17T07:00:00,70.3,0,,0,12.8,6.8,238,1.888888889,58,,,,,
14210,42.867,-78.831,2023-07-17T08:00:00,70.8,0,,0,13.9,7.8,245,2.166666667,65,,,,,
14210,42.867,-78.831,2023-07-17T09:00:00,73,0,,0,12.8,9.1,236,2.527777778,56,,,,,
14210,42.867,-78.831,2023-07-17T10:00:00,74.3,0,,0,13.9,12.1,224,3.361111111,44,,,,,
14210,42.867,-78.831,2023-07-17T11:00:00,76.2,0,,0,24.2,13,234,3.611111111,54,,,,,
14210,42.867,-78.831,2023-07-17T12:00:00,79.1,0,,0,18.8,12,219,3.333333333,39,,,,,
14210,42.867,-78.831,2023-07-17T13:00:00,79.4,0,,0,23.1,15.5,211,4.305555556,31,,,,,
14210,42.867,-78.831,2023-07-17T14:00:00,80.2,0,,0,25.1,13.5,228,3.75,48,,,,,
14210,42.867,-78.831,2023-07-17T15:00:00,80.3,0,,0,28.8,15,246,4.166666667,66,,,,,
14210,42.867,-78.831,2023-07-17T16:00:00,80.4,0,,0,19.1,11.6,237,3.222222222,57,,,,,
14210,42.867,-78.831,2023-07-17T17:00:00,79.4,0,,0,25.3,13.6,228,3.777777778,48,,,,,
14210,42.867,-78.831,2023-07-17T18:00:00,77.5,0,,0,22.5,14,222,3.888888889,42,,,,,
14210,42.867,-78.831,2023-07-17T19:00:00,76.3,0,,0,25.2,10.6,214,2.944444444,34,,,,,
14210,42.867,-78.831,2023-07-17T20:00:00,74.5,0,,0,15,9.3,220,2.583333333,40,,,,,
14210,42.867,-78.831,2023-07-17T21:00:00,73.4,0,,0,12.8,8,208,2.222222222,28,,,,,
14210,42.867,-78.831,2023-07-17T22:00:00,73.1,0.015,rain,0,10.3,7.7,221,2.138888889,41,,,,,
14210,42.867,-78.831,2023-07-17T23:00:00,71.9,0.008,rain,0,10.3,4.5,207,1.25,27,,,,,
14210,42.867,-78.831,2023-07-18T00:00:00,69.7,0.041,rain,0,9.2,4.4,233,1.222222222,53,,,,,
14210,42.867,-78.831,2023-07-18T01:00:00,69.4,0.01,rain,0,9.2,3.9,225,1.083333333,45,,,,,
14210,42.867,-78.831,2023-07-18T02:00:00,69.4,0,,0,5.8,6.4,178,1.777777778,2,,,,,
14210,42.867,-78.831,2023-07-18T03:00:00,66.9,0,,0,4.7,5.3,178,1.472222222,2,,,,,
14210,42.867,-78.831,2023-07-18T04:00:00,66.2,0,,0,4.7,5.5,175,1.527777778,5,,,,,
14210,42.867,-78.831,2023-07-18T05:00:00,65.9,0,,0,3.4,5.8,155,1.611111111,25,,,,,
14210,42.867,-78.831,2023-07-18T06:00:00,65.1,0,,0,3.4,4.9,199,1.361111111,19,,,,,
14210,42.867,-78.831,2023-07-18T07:00:00,65.4,0,,0,5.8,3.9,199,1.083333333,19,,,,,
14210,42.867,-78.831,2023-07-18T08:00:00,68.5,0,,0,5.8,5.8,177,1.611111111,3,,,,,
14210,42.867,-78.831,2023-07-18T09:00:00,72.1,0,,0,9.2,9.9,212,2.75,32,,,,,
14210,42.867,-78.831,2023-07-18T10:00:00,73.2,0,,0,11.4,11.7,230,3.25,50,,,,,
14210,42.867,-78.831,2023-07-18T11:00:00,73.8,0,,0,13.9,12.5,243,3.472222222,63,,,,,
14210,42.867,-78.831,2023-07-18T12:00:00,74.6,0.058,rain,0,36.2,12.4,222,3.444444444,42,,,,,
14210,42.867,-78.831,2023-07-18T13:00:00,75.5,0.003,rain,0,13.9,14.2,243,3.944444444,63,,,,,
14210,42.867,-78.831,2023-07-18T14:00:00,77.8,0.001,rain,0,26.4,13.6,240,3.777777778,60,,,,,
14210,42.867,-78.831,2023-07-18T15:00:00,78,0,,0,28.7,12.7,241,3.527777778,61,,,,,
14210,42.867,-78.831,2023-07-18T16:00:00,77.4,0,,0,28,14.7,238,4.083333333,58,,,,,
14210,42.867,-78.831,2023-07-18T17:00:00,76.5,0,,0,24.2,17.6,239,4.888888889,59,,,,,
14210,42.867,-78.831,2023-07-18T18:00:00,76.1,0,,0,21.9,15.6,235,4.333333333,55,,,,,
14210,42.867,-78.831,2023-07-18T19:00:00,74.3,0,,0,20.8,12,224,3.333333333,44,,,,,
14210,42.867,-78.831,2023-07-18T20:00:00,74,0,,0,16.1,12,247,3.333333333,67,,,,,
14210,42.867,-78.831,2023-07-18T21:00:00,71.7,0,,0,12.8,5.5,258,1.527777778,78,,,,,
14210,42.867,-78.831,2023-07-18T22:00:00,70.8,0,,0,6.9,4.1,243,1.138888889,63,,,,,
14210,42.867,-78.831,2023-07-18T23:00:00,67.7,0,,0,4.7,4.9,216,1.361111111,36,,,,,
14210,42.867,-78.831,2023-07-19T00:00:00,65.7,0,,0,4.7,5.8,221,1.611111111,41,,,,,
14210,42.867,-78.831,2023-07-19T01:00:00,65.1,0,,0,3.4,5.9,219,1.638888889,39,,,,,
14210,42.867,-78.831,2023-07-19T02:00:00,64.7,0,,0,2.2,4.2,218,1.166666667,38,,,,,
14210,42.867,-78.831,2023-07-19T03:00:00,63.8,0,,0,2.2,0.9,18,0.25,18,,,,,
14210,42.867,-78.831,2023-07-19T04:00:00,62.2,0,,0,2.2,0.2,1,0.055555556,1,,,,,
14210,42.867,-78.831,2023-07-19T05:00:00,61.2,0,,0,3.4,2.9,91,0.805555556,89,,,,,
14210,42.867,-78.831,2023-07-19T06:00:00,60.2,0,,0,3.4,2.8,38,0.777777778,38,,,,,
14210,42.867,-78.831,2023-07-19T07:00:00,61.3,0,,0,3.4,3.9,105,1.083333333,75,,,,,
14210,42.867,-78.831,2023-07-19T08:00:00,65.4,0,,0,3.4,0.5,18,0.138888889,18,,,,,
14210,42.867,-78.831,2023-07-19T09:00:00,69.5,0,,0,3.4,5.2,118,1.444444444,62,,,,,
14210,42.867,-78.831,2023-07-19T10:00:00,72.2,0,,0,3.4,4.9,58,1.361111111,58,,,,,
14210,42.867,-78.831,2023-07-19T11:00:00,75,0,,0,3.4,5,83,1.388888889,83,,,,,
14210,42.867,-78.831,2023-07-19T12:00:00,76.2,0,,0,4.7,1.1,27,0.305555556,27,,,,,
14210,42.867,-78.831,2023-07-19T13:00:00,78,0,,0,5.8,5.4,74,1.5,74,,,,,
14210,42.867,-78.831,2023-07-19T14:00:00,79.7,0,,0,6.9,0.2,9,0.055555556,9,,,,,
14210,42.867,-78.831,2023-07-19T15:00:00,78.1,0,,0,6.9,1.2,3,0.333333333,3,,,,,
14210,42.867,-78.831,2023-07-19T16:00:00,79.9,0,,0,6.9,8.6,329,2.388888889,31,,,,,
14210,42.867,-78.831,2023-07-19T17:00:00,80,0,,0,6.9,7.8,19,2.166666667,19,,,,,
14210,42.867,-78.831,2023-07-19T18:00:00,80,0,,0,6.9,5.9,356,1.638888889,4,,,,,
14210,42.867,-78.831,2023-07-19T19:00:00,77.3,0,,0,5.8,6.7,37,1.861111111,37,,,,,
14210,42.867,-78.831,2023-07-19T20:00:00,76.9,0,,0,5.8,7.6,27,2.111111111,27,,,,,
14210,42.867,-78.831,2023-07-19T21:00:00,73.8,0,,0,4.7,5.7,29,1.583333333,29,,,,,
14210,42.867,-78.831,2023-07-19T22:00:00,71,0,,0,3.4,4,51,1.111111111,51,,,,,
14210,42.867,-78.831,2023-07-19T23:00:00,70,0,,0,3.4,4,151,1.111111111,29,,,,,
14210,42.867,-78.831,2023-07-20T00:00:00,69.3,0,,0,3.4,5.6,135,1.555555556,45,,,,,
14210,42.867,-78.831,2023-07-20T01:00:00,67.7,0,,0,3.4,2.8,151,0.777777778,29,,,,,
14210,42.867,-78.831,2023-07-20T02:00:00,66,0,,0,3.4,4.9,130,1.361111111,50,,,,,
14210,42.867,-78.831,2023-07-20T03:00:00,65.2,0,,0,4.7,5.7,142,1.583333333,38,,,,,
14210,42.867,-78.831,2023-07-20T04:00:00,64.4,0,,0,4.7,5.4,156,1.5,24,,,,,
14210,42.867,-78.831,2023-07-20T05:00:00,62.5,0,,0,4.7,4,151,1.111111111,29,,,,,
14210,42.867,-78.831,2023-07-20T06:00:00,62.9,0,,0,3.4,2.8,120,0.777777778,60,,,,,
14210,42.867,-78.831,2023-07-20T07:00:00,63.2,0,,0,3.4,4,157,1.111111111,23,,,,,
14210,42.867,-78.831,2023-07-20T08:00:00,66.3,0,,0,3.4,4.4,152,1.222222222,28,,,,,
14210,42.867,-78.831,2023-07-20T09:00:00,69.8,0,,0,5.8,4.1,205,1.138888889,25,,,,,
14210,42.867,-78.831,2023-07-20T10:00:00,74.3,0,,0,8.1,8,184,2.222222222,4,,,,,
14210,42.867,-78.831,2023-07-20T11:00:00,79,0,,0,10.3,9,235,2.5,55,,,,,
14210,42.867,-78.831,2023-07-20T12:00:00,80.1,0,,0,12.8,9.2,231,2.555555556,51,,,,,
14210,42.867,-78.831,2023-07-20T13:00:00,81.2,0,,0,19.7,13.3,221,3.694444444,41,,,,,
14210,42.867,-78.831,2023-07-20T14:00:00,83.1,0,,0,20.8,10.3,234,2.861111111,54,,,,,
14210,42.867,-78.831,2023-07-20T15:00:00,83,0,,0,16.1,14.4,200,4,20,,,,,
14210,42.867,-78.831,2023-07-20T16:00:00,81.4,0.001,rain,0,21.9,9.6,217,2.666666667,37,,,,,
14210,42.867,-78.831,2023-07-20T17:00:00,83.7,0,,0,11.4,7,195,1.944444444,15,,,,,
14210,42.867,-78.831,2023-07-20T18:00:00,81.9,0,,0,21.9,6.7,205,1.861111111,25,,,,,
14210,42.867,-78.831,2023-07-20T19:00:00,80.3,0.008,rain,0,32.4,9.9,172,2.75,8,,,,,
14210,42.867,-78.831,2023-07-20T20:00:00,74.2,0.034,rain,0,33.4,2.9,327,0.805555556,33,,,,,
14210,42.867,-78.831,2023-07-20T21:00:00,65.2,0.814,rain,0,45.9,4.4,115,1.222222222,65,,,,,
14210,42.867,-78.831,2023-07-20T22:00:00,65.2,0.075,rain,0,19.5,8.2,190,2.277777778,10,,,,,
14210,42.867,-78.831,2023-07-20T23:00:00,64.4,0,,0,15,5.8,199,1.611111111,19,,,,,
14210,42.867,-78.831,2023-07-21T00:00:00,65.2,0,,0,16.1,7,230,1.944444444,50,,,,,
14210,42.867,-78.831,2023-07-21T01:00:00,64.4,0,,0,17.2,11,204,3.055555556,24,,,,,
14210,42.867,-78.831,2023-07-21T02:00:00,64.4,0.006,rain,0,17.2,10.4,215,2.888888889,35,,,,,
14210,42.867,-78.831,2023-07-21T03:00:00,63.4,0,,0,19.5,7.1,206,1.972222222,26,,,,,
14210,42.867,-78.831,2023-07-21T04:00:00,64.2,0,,0,19.5,6.7,208,1.861111111,28,,,,,
14210,42.867,-78.831,2023-07-21T05:00:00,64.4,0,,0,18.3,8.1,195,2.25,15,,,,,
14210,42.867,-78.831,2023-07-21T06:00:00,64.9,0,,0,17.2,0.8,337,0.222222222,23,,,,,
14210,42.867,-78.831,2023-07-21T07:00:00,65.2,0,,0,13.9,4.1,291,1.138888889,69,,,,,
14210,42.867,-78.831,2023-07-21T08:00:00,66.1,0.017,rain,0,11.4,8.3,282,2.305555556,78,,,,,
14210,42.867,-78.831,2023-07-21T09:00:00,66.5,0,,0,19.5,7.7,265,2.138888889,85,,,,,
14210,42.867,-78.831,2023-07-21T10:00:00,68.4,0,,0,21.9,10.1,284,2.805555556,76,,,,,
14210,42.867,-78.831,2023-07-21T11:00:00,72.2,0,,0,16.1,11.6,293,3.222222222,67,,,,,
14210,42.867,-78.831,2023-07-21T12:00:00,72.2,0,,0,17.2,12.9,308,3.583333333,52,,,,,
14210,42.867,-78.831,2023-07-21T13:00:00,74.1,0,,0,24.2,12.8,301,3.555555556,59,,,,,
14210,42.867,-78.831,2023-07-21T14:00:00,73.6,0,,0,18.3,16.7,291,4.638888889,69,,,,,
14210,42.867,-78.831,2023-07-21T15:00:00,77.1,0,,0,23.2,14.4,310,4,50,,,,,
14210,42.867,-78.831,2023-07-21T16:00:00,76,0,,0,24.2,14.6,327,4.055555556,33,,,,,
14210,42.867,-78.831,2023-07-21T17:00:00,75.6,0,,0,24.2,15.4,303,4.277777778,57,,,,,
14210,42.867,-78.831,2023-07-21T18:00:00,77.2,0,,0,23.5,15.1,295,4.194444444,65,,,,,
14210,42.867,-78.831,2023-07-21T19:00:00,76.2,0,,0,20.7,11,305,3.055555556,55,,,,,
14210,42.867,-78.831,2023-07-21T20:00:00,75,0,,0,17.2,8,340,2.222222222,20,,,,,
14210,42.867,-78.831,2023-07-21T21:00:00,70.3,0,,0,19.5,6.1,342,1.694444444,18,,,,,
14210,42.867,-78.831,2023-07-21T22:00:00,69.2,0,,0,11.4,7.6,2,2.111111111,2,,,,,
14210,42.867,-78.831,2023-07-21T23:00:00,66.8,0,,0,9.2,4,342,1.111111111,18,,,,,
14210,42.867,-78.831,2023-07-22T00:00:00,66.4,0,,0,6.9,0.1,354,0.027777778,6,,,,,
14210,42.867,-78.831,2023-07-22T01:00:00,66.6,0,,0,5.8,2.8,6,0.777777778,6,,,,,
14210,42.867,-78.831,2023-07-22T02:00:00,63,0,,0,5.8,4,222,1.111111111,42,,,,,
14210,42.867,-78.831,2023-07-22T03:00:00,62.7,0,,0,3.4,2.9,194,0.805555556,14,,,,,
14210,42.867,-78.831,2023-07-22T04:00:00,62,0,,0,4.7,4,135,1.111111111,45,,,,,
14210,42.867,-78.831,2023-07-22T05:00:00,61.2,0,,0,4.7,4.4,213,1.222222222,33,,,,,
14210,42.867,-78.831,2023-07-22T06:00:00,60.4,0,,0,4.7,6.3,207,1.75,27,,,,,
14210,42.867,-78.831,2023-07-22T07:00:00,61.4,0,,0,4.7,4.9,214,1.361111111,34,,,,,
14210,42.867,-78.831,2023-07-22T08:00:00,65.5,0,,0,5.8,5.5,217,1.527777778,37,,,,,
14210,42.867,-78.831,2023-07-22T09:00:00,70.5,0,,0,6.9,8.6,245,2.388888889,65,,,,,
14210,42.867,-78.831,2023-07-22T10:00:00,74.1,0,,0,8.1,10.6,259,2.944444444,79,,,,,
14210,42.867,-78.831,2023-07-22T11:00:00,76.1,0,,0,18.3,10.8,232,3,52,,,,,
14210,42.867,-78.831,2023-07-22T12:00:00,77.3,0,,0,20.8,13.8,234,3.833333333,54,,,,,
14210,42.867,-78.831,2023-07-22T13:00:00,77.3,0,,0,13.9,14.9,222,4.138888889,42,,,,,
14210,42.867,-78.831,2023-07-22T14:00:00,78.7,0,,0,15,14.5,242,4.027777778,62,,,,,
14210,42.867,-78.831,2023-07-22T15:00:00,79.1,0,,0,23,11.7,249,3.25,69,,,,,
14210,42.867,-78.831,2023-07-22T16:00:00,78.2,0,,0,23,13.3,220,3.694444444,40,,,,,
14210,42.867,-78.831,2023-07-22T17:00:00,77.4,0,,0,20.8,12.6,221,3.5,41,,,,,
14210,42.867,-78.831,2023-07-22T18:00:00,78.2,0,,0,17.2,10.3,229,2.861111111,49,,,,,
14210,42.867,-78.831,2023-07-22T19:00:00,75.5,0,,0,15,12.2,221,3.388888889,41,,,,,
14210,42.867,-78.831,2023-07-22T20:00:00,74.3,0,,0,12.8,9.9,229,2.75,49,,,,,
14210,42.867,-78.831,2023-07-22T21:00:00,72.1,0,,0,10.3,7.9,217,2.194444444,37,,,,,
14210,42.867,-78.831,2023-07-22T22:00:00,71.1,0,,0,9.2,6.9,219,1.916666667,39,,,,,
14210,42.867,-78.831,2023-07-22T23:00:00,70,0,,0,8.1,6.8,219,1.888888889,39,,,,,
14210,42.867,-78.831,2023-07-23T00:00:00,67,0,,0,9.2,6.7,205,1.861111111,25,,,,,
14210,42.867,-78.831,2023-07-23T01:00:00,66.2,0,,0,8.1,6.5,208,1.805555556,28,,,,,
14210,42.867,-78.831,2023-07-23T02:00:00,64.8,0,,0,6.9,7,207,1.944444444,27,,,,,
14210,42.867,-78.831,2023-07-23T03:00:00,64.5,0,,0,6.9,5.5,206,1.527777778,26,,,,,
14210,42.867,-78.831,2023-07-23T04:00:00,63,0,,0,6.9,5.9,207,1.638888889,27,,,,,
14210,42.867,-78.831,2023-07-23T05:00:00,61.8,0,,0,6.9,5.6,179,1.555555556,1,,,,,
14210,42.867,-78.831,2023-07-23T06:00:00,61.7,0,,0,6.9,2.9,203,0.805555556,23,,,,,
14210,42.867,-78.831,2023-07-23T07:00:00,63,0,,0,6.9,5.7,172,1.583333333,8,,,,,
14210,42.867,-78.831,2023-07-23T08:00:00,66.6,0,,0,6.9,4.8,173,1.333333333,7,,,,,
14210,42.867,-78.831,2023-07-23T09:00:00,70.6,0,,0,6.9,6.8,202,1.888888889,22,,,,,
14210,42.867,-78.831,2023-07-23T10:00:00,74.3,0,,0,8.1,8.8,202,2.444444444,22,,,,,
14210,42.867,-78.831,2023-07-23T11:00:00,78.1,0,,0,9.2,7.9,228,2.194444444,48,,,,,
14210,42.867,-78.831,2023-07-23T12:00:00,79.1,0,,0,18.3,12.3,245,3.416666667,65,,,,,
14210,42.867,-78.831,2023-07-23T13:00:00,78.8,0.013,rain,0,20.9,13.2,210,3.666666667,30,,,,,
14210,42.867,-78.831,2023-07-23T14:00:00,80.5,0,,0,24.2,13.4,219,3.722222222,39,,,,,
14210,42.867,-78.831,2023-07-23T15:00:00,80.5,0,,0,13.9,12.4,247,3.444444444,67,,,,,
14210,42.867,-78.831,2023-07-23T16:00:00,80.5,0,,0,11.4,12.7,240,3.527777778,60,,,,,
14210,42.867,-78.831,2023-07-23T17:00:00,79.8,0,,0,10.3,12,238,3.333333333,58,,,,,
14210,42.867,-78.831,2023-07-23T18:00:00,81,0,,0,15,12,225,3.333333333,45,,,,,
14210,42.867,-78.831,2023-07-23T19:00:00,80.1,0,,0,12.8,8.2,234,2.277777778,54,,,,,
14210,42.867,-78.831,2023-07-23T20:00:00,77,0,,0,11.4,7.8,235,2.166666667,55,,,,,
14210,42.867,-78.831,2023-07-23T21:00:00,74.7,0,,0,9.2,6.6,204,1.833333333,24,,,,,
14210,42.867,-78.831,2023-07-23T22:00:00,73.5,0,,0,8.1,4,232,1.111111111,52,,,,,
14210,42.867,-78.831,2023-07-23T23:00:00,71.6,0,,0,6.9,3.9,161,1.083333333,19,,,,,
14210,42.867,-78.831,2023-07-24T00:00:00,69.5,0,,0,5.8,4.8,117,1.333333333,63,,,,,
14210,42.867,-78.831,2023-07-24T01:00:00,68.6,0,,0,4.7,5.8,139,1.611111111,41,,,,,
14210,42.867,-78.831,2023-07-24T02:00:00,66.6,0,,0,4.7,0.5,336,0.138888889,24,,,,,
14210,42.867,-78.831,2023-07-24T03:00:00,66.5,0,,0,5.8,4.9,129,1.361111111,51,,,,,
14210,42.867,-78.831,2023-07-24T04:00:00,65.8,0,,0,5.8,6.2,135,1.722222222,45,,,,,
14210,42.867,-78.831,2023-07-24T05:00:00,67.2,0,,0,4.7,10.5,203,2.916666667,23,,,,,
14210,42.867,-78.831,2023-07-24T06:00:00,67,0.02,rain,0,3.4,5.6,115,1.555555556,65,,,,,
14210,42.867,-78.831,2023-07-24T07:00:00,66.4,0,,0,2.2,4,136,1.111111111,44,,,,,
14210,42.867,-78.831,2023-07-24T08:00:00,67.2,0,,0,2.2,4.9,205,1.361111111,25,,,,,
14210,42.867,-78.831,2023-07-24T09:00:00,72,0,,0,5.8,9.4,217,2.611111111,37,,,,,
14210,42.867,-78.831,2023-07-24T10:00:00,73.4,0,,0,11.4,6.5,234,1.805555556,54,,,,,
14210,42.867,-78.831,2023-07-24T11:00:00,75.4,0,,0,15,8,238,2.222222222,58,,,,,
14210,42.867,-78.831,2023-07-24T12:00:00,77.8,0.038,rain,0,17.2,11.7,251,3.25,71,,,,,
14210,42.867,-78.831,2023-07-24T13:00:00,78.3,0,,0,24.2,14.8,230,4.111111111,50,,,,,
14210,42.867,-78.831,2023-07-24T14:00:00,78.7,0,,0,20.8,15,219,4.166666667,39,,,,,
14210,42.867,-78.831,2023-07-24T15:00:00,79.5,0,,0,24,12.5,234,3.472222222,54,,,,,
14210,42.867,-78.831,2023-07-24T16:00:00,80.3,0,,0,24.2,15.7,241,4.361111111,61,,,,,
14210,42.867,-78.831,2023-07-24T17:00:00,79.5,0,,0,25.3,14,251,3.888888889,71,,,,,
14210,42.867,-78.831,2023-07-24T18:00:00,77.3,0.001,rain,0,25.3,12.6,237,3.5,57,,,,,
14210,42.867,-78.831,2023-07-24T19:00:00,74.4,0.013,rain,0,24.2,12.7,235,3.527777778,55,,,,,
14210,42.867,-78.831,2023-07-24T20:00:00,70.1,0.032,rain,0,15,0.8,329,0.222222222,31,,,,,
14210,42.867,-78.831,2023-07-24T21:00:00,70.8,0,,0,12.8,5.9,218,1.638888889,38,,,,,
14210,42.867,-78.831,2023-07-24T22:00:00,70.7,0,,0,10.3,5.8,235,1.611111111,55,,,,,
14210,42.867,-78.831,2023-07-24T23:00:00,70.6,0,,0,8.1,8.2,206,2.277777778,26,,,,,
14210,42.867,-78.831,2023-07-25T00:00:00,21.5,0,,0,11.2,10.8,225,3,45,,,,,
14210,42.867,-78.831,2023-07-25T01:00:00,20.6,0,,0,11.2,10.1,185,2.805555556,5,,,,,
14210,42.867,-78.831,2023-07-25T02:00:00,20.1,0,,0,11.2,10,192,2.777777778,12,,,,,
14210,42.867,-78.831,2023-07-25T03:00:00,19.6,0,,0,13,7.3,182,2.027777778,2,,,,,
14210,42.867,-78.831,2023-07-25T04:00:00,19.1,0,,0,13,8.8,120,2.444444444,60,,,,,
14210,42.867,-78.831,2023-07-25T05:00:00,19,0,,0,13,5.5,172,1.527777778,8,,,,,
14210,42.867,-78.831,2023-07-25T06:00:00,18.7,0,,0,13,7.6,165,2.111111111,15,,,,,
14210,42.867,-78.831,2023-07-25T07:00:00,18.3,0,,0,9.4,8.6,170,2.388888889,10,,,,,
14210,42.867,-78.831,2023-07-25T08:00:00,19.2,0,,0,9.4,5.5,184,1.527777778,4,,,,,
14210,42.867,-78.831,2023-07-25T09:00:00,20.9,0,,0,13,9.6,175,2.666666667,5,,,,,
14210,42.867,-78.831,2023-07-25T10:00:00,22.4,0.004,rain,0,13,7.9,199,2.194444444,19,,,,,
14210,42.867,-78.831,2023-07-25T11:00:00,23.9,0.051,rain,0,14.8,10.9,240,3.027777778,60,,,,,
14210,42.867,-78.831,2023-07-25T12:00:00,23.7,0,,0,16.6,15.7,268,4.361111111,88,,,,,
14210,42.867,-78.831,2023-07-25T13:00:00,25.2,0.144,rain,0,16.6,6.5,326,1.805555556,34,,,,,
14210,42.867,-78.831,2023-07-25T14:00:00,24.7,0,,0,25.9,7.3,171,2.027777778,9,,,,,
14210,42.867,-78.831,2023-07-25T15:00:00,24.8,0,,0,27.7,12.2,234,3.388888889,54,,,,,
14210,42.867,-78.831,2023-07-25T16:00:00,25.6,0,,0,29.5,12.7,254,3.527777778,74,,,,,
14210,42.867,-78.831,2023-07-25T17:00:00,26.7,0,,0,27.7,14.7,242,4.083333333,62,,,,,
14210,42.867,-78.831,2023-07-25T18:00:00,26.3,0,,0,25.9,19.2,230,5.333333333,50,,,,,
14210,42.867,-78.831,2023-07-25T19:00:00,25.2,0,,0,14.8,17.1,229,4.75,49,,,,,
14210,42.867,-78.831,2023-07-25T20:00:00,24,0,,0,13,14.3,210,3.972222222,30,,,,,
14210,42.867,-78.831,2023-07-25T21:00:00,23.4,0,,0,13,14.3,217,3.972222222,37,,,,,
14210,42.867,-78.831,2023-07-25T22:00:00,22.8,0,,0,11.2,12.7,209,3.527777778,29,,,,,
14210,42.867,-78.831,2023-07-25T23:00:00,22.2,0,,0,9.4,9.2,217,2.555555556,37,,,,,
14210,42.867,-78.831,2023-07-26T00:00:00,21.3,0,,0,9.4,7.7,203,2.138888889,23,,,,,
14210,42.867,-78.831,2023-07-26T01:00:00,20.9,0,,0,9.4,13.2,202,3.666666667,22,,,,,
14210,42.867,-78.831,2023-07-26T02:00:00,21,0,,0,9.4,11.4,212,3.166666667,32,,,,,
14210,42.867,-78.831,2023-07-26T03:00:00,20.4,0,,0,20.5,9.9,193,2.75,13,,,,,
14210,42.867,-78.831,2023-07-26T04:00:00,19.8,0,,0,22.3,12.6,192,3.5,12,,,,,
14210,42.867,-78.831,2023-07-26T05:00:00,19.3,0,,0,24.1,8.5,183,2.361111111,3,,,,,
14210,42.867,-78.831,2023-07-26T06:00:00,19.3,0,,0,20.5,9.6,185,2.666666667,5,,,,,
14210,42.867,-78.831,2023-07-26T07:00:00,19.8,0,,0,22.3,13.2,201,3.666666667,21,,,,,
14210,42.867,-78.831,2023-07-26T08:00:00,22.4,0,,0,18.4,14.5,208,4.027777778,28,,,,,
14210,42.867,-78.831,2023-07-26T09:00:00,24.4,0,,0,22.3,16.5,218,4.583333333,38,,,,,
14210,42.867,-78.831,2023-07-26T10:00:00,26.2,0,,0,38.9,22.3,218,6.194444444,38,,,,,
14210,42.867,-78.831,2023-07-26T11:00:00,26.7,0,,0,27.7,25.3,235,7.027777778,55,,,,,
14210,42.867,-78.831,2023-07-26T12:00:00,27.9,0,,0,29.5,26.8,218,7.444444444,38,,,,,
14210,42.867,-78.831,2023-07-26T13:00:00,28.9,0,,0,37,19.5,219,5.416666667,39,,,,,
14210,42.867,-78.831,2023-07-26T14:00:00,29.4,0,,0,31.5,21.7,237,6.027777778,57,,,,,
14210,42.867,-78.831,2023-07-26T15:00:00,30,0,,0,45.1,17.7,220,4.916666667,40,,,,,
14210,42.867,-78.831,2023-07-26T16:00:00,30,0,,0,27.7,17.1,226,4.75,46,,,,,
14210,42.867,-78.831,2023-07-26T17:00:00,29.5,0,,0,24.1,17.3,197,4.805555556,17,,,,,
14210,42.867,-78.831,2023-07-26T18:00:00,29.9,0,,0,20.5,17.3,198,4.805555556,18,,,,,
14210,42.867,-78.831,2023-07-26T19:00:00,29.2,0,,0,14.8,23.5,189,6.527777778,9,,,,,
14210,42.867,-78.831,2023-07-26T20:00:00,28.7,0.258,rain,0,37.2,22,193,6.111111111,13,,,,,
14210,42.867,-78.831,2023-07-26T21:00:00,22.8,2.743,rain,0,59.3,20.3,192,5.638888889,12,,,,,
14210,42.867,-78.831,2023-07-26T22:00:00,22.3,0.333,rain,0,39.1,20.7,182,5.75,2,,,,,
14210,42.867,-78.831,2023-07-26T23:00:00,22.3,0,,0,29.5,18.5,207,5.138888889,27,,,,,
14210,42.867,-78.831,2023-07-27T00:00:00,22.3,0.16,rain,0,33.5,10.6,211,2.944444444,31,,,,,
14210,42.867,-78.831,2023-07-27T01:00:00,21.3,3.483,rain,0,35.3,15.8,136,4.388888889,44,,,,,
14210,42.867,-78.831,2023-07-27T02:00:00,22.1,1.337,rain,0,37.1,11.1,113,3.083333333,67,,,,,
14210,42.867,-78.831,2023-07-27T03:00:00,22.2,12.021,rain,0,33.5,16.4,202,4.555555556,22,,,,,
14210,42.867,-78.831,2023-07-27T04:00:00,21.9,3.777,rain,0,40.8,22.9,210,6.361111111,30,,,,,
14210,42.867,-78.831,2023-07-27T05:00:00,21.4,3.511,rain,0,44.1,28.5,213,7.916666667,33,,,,,
14210,42.867,-78.831,2023-07-27T06:00:00,22.3,2.988,rain,0,44.1,28.5,252,7.916666667,72,,,,,
14210,42.867,-78.831,2023-07-27T07:00:00,22.2,0,,0,46,19.7,240,5.472222222,60,,,,,
14210,42.867,-78.831,2023-07-27T08:00:00,22.8,0,,0,48.2,16.1,239,4.472222222,59,,,,,
14210,42.867,-78.831,2023-07-27T09:00:00,22.9,0,,0,38.9,23.3,240,6.472222222,60,,,,,
14210,42.867,-78.831,2023-07-27T10:00:00,23.9,0,,0,42.5,17.1,233,4.75,53,,,,,
14210,42.867,-78.831,2023-07-27T11:00:00,23.9,0,,0,38.9,20.5,240,5.694444444,60,,,,,
14210,42.867,-78.831,2023-07-27T12:00:00,24,0,,0,35.3,19.6,244,5.444444444,64,,,,,
14210,42.867,-78.831,2023-07-27T13:00:00,24.5,0,,0,37.1,21.7,240,6.027777778,60,,,,,
14210,42.867,-78.831,2023-07-27T14:00:00,25.1,0,,0,44.6,25.3,234,7.027777778,54,,,,,
14210,42.867,-78.831,2023-07-27T15:00:00,25,0,,0,46.4,26.8,246,7.444444444,66,,,,,
14210,42.867,-78.831,2023-07-27T16:00:00,24.3,0,,0,33.5,20.8,229,5.777777778,49,,,,,
14210,42.867,-78.831,2023-07-27T17:00:00,25.9,0,,0,31.3,20.7,219,5.75,39,,,,,
14210,42.867,-78.831,2023-07-27T18:00:00,25,0,,0,40.7,24.1,230,6.694444444,50,,,,,
14210,42.867,-78.831,2023-07-27T19:00:00,24.8,0,,0,35.3,23.8,226,6.611111111,46,,,,,
14210,42.867,-78.831,2023-07-27T20:00:00,24.1,0,,0,37.1,22.5,226,6.25,46,,,,,
14210,42.867,-78.831,2023-07-27T21:00:00,23.5,0,,0,24.1,18.9,222,5.25,42,,,,,
14210,42.867,-78.831,2023-07-27T22:00:00,22.9,0,,0,18.4,20.8,216,5.777777778,36,,,,,
14210,42.867,-78.831,2023-07-27T23:00:00,22.9,0,,0,37.1,20.5,228,5.694444444,48,,,,,
14210,42.867,-78.831,2023-07-28T00:00:00,23.3,0,,0,35.3,19.3,229,5.361111111,49,,,,,
14210,42.867,-78.831,2023-07-28T01:00:00,22.8,0,,0,9.4,20.2,224,5.611111111,44,,,,,
14210,42.867,-78.831,2023-07-28T02:00:00,22.7,0,,0,7.6,13.5,224,3.75,44,,,,,
14210,42.867,-78.831,2023-07-28T03:00:00,22,0,,0,11.2,14.7,223,4.083333333,43,,,,,
14210,42.867,-78.831,2023-07-28T04:00:00,22,0,,0,11.2,7.1,228,1.972222222,48,,,,,
14210,42.867,-78.831,2023-07-28T05:00:00,20.6,0,,0,11.2,9.2,202,2.555555556,22,,,,,
14210,42.867,-78.831,2023-07-28T06:00:00,20.7,0,,0,9.4,15.2,200,4.222222222,20,,,,,
14210,42.867,-78.831,2023-07-28T07:00:00,21.2,0,,0,11.2,14.3,199,3.972222222,19,,,,,
14210,42.867,-78.831,2023-07-28T08:00:00,22.4,0,,0,11.2,14.8,208,4.111111111,28,,,,,
14210,42.867,-78.831,2023-07-28T09:00:00,24.3,0,,0,14.8,16.5,228,4.583333333,48,,,,,
14210,42.867,-78.831,2023-07-28T10:00:00,25.8,0,,0,22.3,14.4,230,4,50,,,,,
14210,42.867,-78.831,2023-07-28T11:00:00,26.3,0,,0,29.5,12.8,236,3.555555556,56,,,,,
14210,42.867,-78.831,2023-07-28T12:00:00,27.9,0,,0,31.3,19.8,219,5.5,39,,,,,
14210,42.867,-78.831,2023-07-28T13:00:00,28.4,0,,0,31.3,18.6,209,5.166666667,29,,,,,
14210,42.867,-78.831,2023-07-28T14:00:00,28.9,0,,0,35.3,16.7,245,4.638888889,65,,,,,
14210,42.867,-78.831,2023-07-28T15:00:00,29.4,0,,0,35.3,20.3,233,5.638888889,53,,,,,
14210,42.867,-78.831,2023-07-28T16:00:00,30.6,0,,0,29.5,17.4,244,4.833333333,64,,,,,
14210,42.867,-78.831,2023-07-28T17:00:00,30.1,0,,0,27.7,19,222,5.277777778,42,,,,,
14210,42.867,-78.831,2023-07-28T18:00:00,29.5,0,,0,25.9,14.1,225,3.916666667,45,,,,,
14210,42.867,-78.831,2023-07-28T19:00:00,28.4,0,,0,16.6,17.4,239,4.833333333,59,,,,,
14210,42.867,-78.831,2023-07-28T20:00:00,27.9,0,,0,14.8,10.8,221,3,41,,,,,
14210,42.867,-78.831,2023-07-28T21:00:00,26.8,0,,0,13,11.7,218,3.25,38,,,,,
14210,42.867,-78.831,2023-07-28T22:00:00,26.1,0,,0,11.2,16.3,219,4.527777778,39,,,,,
14210,42.867,-78.831,2023-07-28T23:00:00,25.6,0,,0,11.2,20.9,231,5.805555556,51,,,,,
14210,42.867,-78.831,2023-07-29T00:00:00,25,0,,0,11.2,13.6,221,3.777777778,41,,,,,
14210,42.867,-78.831,2023-07-29T01:00:00,24.9,0,,0,11.2,13.6,227,3.777777778,47,,,,,
14210,42.867,-78.831,2023-07-29T02:00:00,24.9,0,,0,11.2,17,221,4.722222222,41,,,,,
14210,42.867,-78.831,2023-07-29T03:00:00,24.3,0,,0,11.2,16.9,227,4.694444444,47,,,,,
14210,42.867,-78.831,2023-07-29T04:00:00,23.9,1.895,rain,0,37.1,20.5,219,5.694444444,39,,,,,
14210,42.867,-78.831,2023-07-29T05:00:00,23.5,2.307,rain,0,11.2,12.1,224,3.361111111,44,,,,,
14210,42.867,-78.831,2023-07-29T06:00:00,23.4,0,,0,9.4,12.9,214,3.583333333,34,,,,,
14210,42.867,-78.831,2023-07-29T07:00:00,23.4,0,,0,7.6,14.1,223,3.916666667,43,,,,,
14210,42.867,-78.831,2023-07-29T08:00:00,23.4,0,,0,5.4,11,214,3.055555556,34,,,,,
14210,42.867,-78.831,2023-07-29T09:00:00,23.9,0,,0,7.6,12.7,227,3.527777778,47,,,,,
14210,42.867,-78.831,2023-07-29T10:00:00,23.4,0.785,rain,0,38.9,14.1,199,3.916666667,19,,,,,
14210,42.867,-78.831,2023-07-29T11:00:00,22.8,1.777,rain,0,63,10.6,220,2.944444444,40,,,,,
14210,42.867,-78.831,2023-07-29T12:00:00,23,1.998,rain,0,24.1,14.4,37,4,37,,,,,
14210,42.867,-78.831,2023-07-29T13:00:00,22.1,1.324,rain,0,22.3,12.6,16,3.5,16,,,,,
14210,42.867,-78.831,2023-07-29T14:00:00,20,2.013,rain,0,40.7,24.2,40,6.722222222,40,,,,,
14210,42.867,-78.831,2023-07-29T15:00:00,18.9,0.585,rain,0,35.7,21,2,5.833333333,2,,,,,
14210,42.867,-78.831,2023-07-29T16:00:00,18.9,0.247,rain,0,33.7,16.3,33,4.527777778,33,,,,,
14210,42.867,-78.831,2023-07-29T17:00:00,18.9,0,,0,22.3,13.1,9,3.638888889,9,,,,,
14210,42.867,-78.831,2023-07-29T18:00:00,18.5,0,,0,22.3,12.9,343,3.583333333,17,,,,,
14210,42.867,-78.831,2023-07-29T19:00:00,18.1,0,,0,16.6,12.8,345,3.555555556,15,,,,,
14210,42.867,-78.831,2023-07-29T20:00:00,18.6,0,,0,13,9.4,12,2.611111111,12,,,,,
14210,42.867,-78.831,2023-07-29T21:00:00,16.9,0,,0,14.8,5.6,47,1.555555556,47,,,,,
14210,42.867,-78.831,2023-07-29T22:00:00,16.3,0,,0,13,4.7,76,1.305555556,76,,,,,
14210,42.867,-78.831,2023-07-29T23:00:00,15.2,0,,0,9.4,7.5,188,2.083333333,8,,,,,
14210,42.867,-78.831,2023-07-30T00:00:00,15.3,0,,0,13,10.2,212,2.833333333,32,,,,,
14210,42.867,-78.831,2023-07-30T01:00:00,15.8,0,,0,13,7.9,233,2.194444444,53,,,,,
14210,42.867,-78.831,2023-07-30T02:00:00,15.2,0,,0,13,8.9,215,2.472222222,35,,,,,
14210,42.867,-78.831,2023-07-30T03:00:00,15.4,0,,0,5.4,2.3,343,0.638888889,17,,,,,
14210,42.867,-78.831,2023-07-30T04:00:00,16,0,,0,3.6,9.9,281,2.75,79,,,,,
14210,42.867,-78.831,2023-07-30T05:00:00,14.9,0,,0,3.6,7.6,323,2.111111111,37,,,,,
14210,42.867,-78.831,2023-07-30T06:00:00,14.6,0,,0,5.4,7.3,330,2.027777778,30,,,,,
14210,42.867,-78.831,2023-07-30T07:00:00,15.7,0,,0,7.6,0.2,356,0.055555556,4,,,,,
14210,42.867,-78.831,2023-07-30T08:00:00,18.3,0,,0,9.4,1.5,336,0.416666667,24,,,,,
14210,42.867,-78.831,2023-07-30T09:00:00,20.1,0,,0,9.4,4.7,356,1.305555556,4,,,,,
14210,42.867,-78.831,2023-07-30T10:00:00,21.2,0,,0,9.4,0.2,353,0.055555556,7,,,,,
14210,42.867,-78.831,2023-07-30T11:00:00,22.2,0,,0,9.4,8.7,355,2.416666667,5,,,,,
14210,42.867,-78.831,2023-07-30T12:00:00,22.9,0,,0,13,9.2,345,2.555555556,15,,,,,
14210,42.867,-78.831,2023-07-30T13:00:00,21.9,0,,0,16.6,7.9,333,2.194444444,27,,,,,
14210,42.867,-78.831,2023-07-30T14:00:00,22.6,0,,0,29.5,13.8,289,3.833333333,71,,,,,
14210,42.867,-78.831,2023-07-30T15:00:00,22.8,0,,0,29.5,17.4,241,4.833333333,61,,,,,
14210,42.867,-78.831,2023-07-30T16:00:00,22.9,0.202,rain,0,27.7,18.3,249,5.083333333,69,,,,,
14210,42.867,-78.831,2023-07-30T17:00:00,21.6,0.036,rain,0,35.3,22.5,234,6.25,54,,,,,
14210,42.867,-78.831,2023-07-30T18:00:00,22.2,0,,0,22.3,15.8,244,4.388888889,64,,,,,
14210,42.867,-78.831,2023-07-30T19:00:00,22.2,0,,0,16.6,15,252,4.166666667,72,,,,,
14210,42.867,-78.831,2023-07-30T20:00:00,21.2,0,,0,11.2,13.1,227,3.638888889,47,,,,,
14210,42.867,-78.831,2023-07-30T21:00:00,20.7,0,,0,31.3,9.9,223,2.75,43,,,,,
14210,42.867,-78.831,2023-07-30T22:00:00,21.1,0,,0,33.5,11.8,259,3.277777778,79,,,,,
14210,42.867,-78.831,2023-07-30T23:00:00,20.5,0,,0,11.2,16,306,4.444444444,54,,,,,
14210,42.867,-78.831,2023-07-31T00:00:00,18.8,0,,0,11.2,11.1,338,3.083333333,22,,,,,
14210,42.867,-78.831,2023-07-31T01:00:00,17.7,0,,0,13,8.1,297,2.25,63,,,,,
14210,42.867,-78.831,2023-07-31T02:00:00,16.9,0,,0,11.2,8.4,273,2.333333333,87,,,,,
14210,42.867,-78.831,2023-07-31T03:00:00,16.5,0,,0,33.5,11.1,298,3.083333333,62,,,,,
14210,42.867,-78.831,2023-07-31T04:00:00,16.3,0,,0,7.6,9.6,280,2.666666667,80,,,,,
14210,42.867,-78.831,2023-07-31T05:00:00,14.9,0,,0,9.4,6.5,243,1.805555556,63,,,,,
14210,42.867,-78.831,2023-07-31T06:00:00,15.5,0,,0,11.2,5.7,261,1.583333333,81,,,,,
14210,42.867,-78.831,2023-07-31T07:00:00,15.6,0,,0,31.3,8.1,237,2.25,57,,,,,
14210,42.867,-78.831,2023-07-31T08:00:00,17.8,0,,0,16.6,6.4,254,1.777777778,74,,,,,
14210,42.867,-78.831,2023-07-31T09:00:00,19.4,0,,0,18.4,14.1,274,3.916666667,86,,,,,
14210,42.867,-78.831,2023-07-31T10:00:00,21.2,0,,0,33.5,12.6,314,3.5,46,,,,,
14210,42.867,-78.831,2023-07-31T11:00:00,22.2,0,,0,31.7,21.1,302,5.861111111,58,,,,,
14210,42.867,-78.831,2023-07-31T12:00:00,22.9,0,,0,33.5,21.4,319,5.944444444,41,,,,,
14210,42.867,-78.831,2023-07-31T13:00:00,23.4,0,,0,25.9,19.5,320,5.416666667,40,,,,,
14210,42.867,-78.831,2023-07-31T14:00:00,22,0.009,rain,0,25.9,17.8,342,4.944444444,18,,,,,
14210,42.867,-78.831,2023-07-31T15:00:00,21.8,0,,0,24.1,17,348,4.722222222,12,,,,,
14210,42.867,-78.831,2023-07-31T16:00:00,21.9,0,,0,22.3,12.6,296,3.5,64,,,,,
14210,42.867,-78.831,2023-07-31T17:00:00,23.3,0,,0,20.5,13.6,339,3.777777778,21,,,,,
14210,42.867,-78.831,2023-07-31T18:00:00,22.4,0,,0,14.8,10.7,342,2.972222222,18,,,,,
14210,42.867,-78.831,2023-07-31T19:00:00,22.4,0,,0,9.4,10.5,317,2.916666667,43,,,,,
14210,42.867,-78.831,2023-07-31T20:00:00,21.6,0,,0,11.2,10.2,23,2.833333333,23,,,,,
14210,42.867,-78.831,2023-07-31T21:00:00,20.7,0,,0,11.2,5.5,360,1.527777778,0,,,,,
14210,42.867,-78.831,2023-07-31T22:00:00,20.4,0,,0,7.6,1.5,345,0.416666667,15,,,,,
14210,42.867,-78.831,2023-07-31T23:00:00,19.2,0,,0,7.6,1.3,342,0.361111111,18,,,,,
14210,42.867,-78.831,2023-08-01T00:00:00,19,0,,0,7.6,5.9,334,1.638888889,26,,,,,
14210,42.867,-78.831,2023-08-01T01:00:00,18.3,0,,0,5.4,1.7,353,0.472222222,7,,,,,
14210,42.867,-78.831,2023-08-01T02:00:00,17.8,0,,0,3.6,6.1,6,1.694444444,6,,,,,
14210,42.867,-78.831,2023-08-01T03:00:00,16.7,0,,0,3.6,0.4,359,0.111111111,1,,,,,
14210,42.867,-78.831,2023-08-01T04:00:00,15.8,0,,0,3.6,0.5,357,0.138888889,3,,,,,
14210,42.867,-78.831,2023-08-01T05:00:00,15,0,,0,3.6,0.3,358,0.083333333,2,,,,,
14210,42.867,-78.831,2023-08-01T06:00:00,13.9,0,,0,3.6,4.9,131,1.361111111,49,,,,,
14210,42.867,-78.831,2023-08-01T07:00:00,14.5,0,,0,3.6,0.2,1,0.055555556,1,,,,,
14210,42.867,-78.831,2023-08-01T08:00:00,16.6,0,,0,3.6,0.2,360,0.055555556,0,,,,,
14210,42.867,-78.831,2023-08-01T09:00:00,20.2,0,,0,7.6,0.9,19,0.25,19,,,,,
14210,42.867,-78.831,2023-08-01T10:00:00,21.7,0,,0,9.4,0.2,359,0.055555556,1,,,,,
14210,42.867,-78.831,2023-08-01T11:00:00,21.8,0,,0,11.2,1.9,3,0.527777778,3,,,,,
14210,42.867,-78.831,2023-08-01T12:00:00,21.5,0,,0,11.2,7.3,16,2.027777778,16,,,,,
14210,42.867,-78.831,2023-08-01T13:00:00,22.9,0,,0,13,8.5,353,2.361111111,7,,,,,
14210,42.867,-78.831,2023-08-01T14:00:00,23.4,0,,0,29.5,12.5,354,3.472222222,6,,,,,
14210,42.867,-78.831,2023-08-01T15:00:00,24.3,0,,0,16.6,11,343,3.055555556,17,,,,,
14210,42.867,-78.831,2023-08-01T16:00:00,24.4,0,,0,18.4,11.5,308,3.194444444,52,,,,,
14210,42.867,-78.831,2023-08-01T17:00:00,24,0,,0,18.4,6.4,332,1.777777778,28,,,,,
14210,42.867,-78.831,2023-08-01T18:00:00,23,0,,0,16.6,7.9,10,2.194444444,10,,,,,
14210,42.867,-78.831,2023-08-01T19:00:00,23.5,0,,0,11.2,5.6,340,1.555555556,20,,,,,
14210,42.867,-78.831,2023-08-01T20:00:00,21.9,0,,0,7.6,0.2,357,0.055555556,3,,,,,
14210,42.867,-78.831,2023-08-01T21:00:00,20.9,0,,0,9.4,0.9,31,0.25,31,,,,,
14210,42.867,-78.831,2023-08-01T22:00:00,19.9,0,,0,9.4,0.8,318,0.222222222,42,,,,,
14210,42.867,-78.831,2023-08-01T23:00:00,19.1,0,,0,9.4,4.5,142,1.25,38,,,,,
14210,42.867,-78.831,2023-08-02T00:00:00,16.9,0,,0,9.4,4.5,111,1.25,69,,,,,
14210,42.867,-78.831,2023-08-02T01:00:00,15.9,0,,0,9.4,7,127,1.944444444,53,,,,,
14210,42.867,-78.831,2023-08-02T02:00:00,14.7,0,,0,3.6,7,186,1.944444444,6,,,,,
14210,42.867,-78.831,2023-08-02T03:00:00,14.6,0,,0,3.6,7.8,153,2.166666667,27,,,,,
14210,42.867,-78.831,2023-08-02T04:00:00,14.1,0,,0,3.6,6.4,126,1.777777778,54,,,,,
14210,42.867,-78.831,2023-08-02T05:00:00,14.1,0,,0,3.6,7.9,130,2.194444444,50,,,,,
14210,42.867,-78.831,2023-08-02T06:00:00,13.3,0,,0,5.4,5.6,127,1.555555556,53,,,,,
14210,42.867,-78.831,2023-08-02T07:00:00,14.1,0,,0,5.4,9.4,129,2.611111111,51,,,,,
14210,42.867,-78.831,2023-08-02T08:00:00,15.3,0,,0,9.4,7.9,146,2.194444444,34,,,,,
14210,42.867,-78.831,2023-08-02T09:00:00,18.1,0,,0,11.2,5.7,187,1.583333333,7,,,,,
14210,42.867,-78.831,2023-08-02T10:00:00,20.8,0,,0,13,9.6,190,2.666666667,10,,,,,
14210,42.867,-78.831,2023-08-02T11:00:00,22.9,0,,0,14.8,16.1,202,4.472222222,22,,,,,
14210,42.867,-78.831,2023-08-02T12:00:00,23.8,0,,0,18.4,20.7,191,5.75,11,,,,,
14210,42.867,-78.831,2023-08-02T13:00:00,24.2,0,,0,24.1,14,226,3.888888889,46,,,,,
14210,42.867,-78.831,2023-08-02T14:00:00,24.8,0,,0,25.9,13,209,3.611111111,29,,,,,
14210,42.867,-78.831,2023-08-02T15:00:00,25.6,0,,0,30.8,13.2,211,3.666666667,31,,,,,
14210,42.867,-78.831,2023-08-02T16:00:00,25.1,0,,0,25.9,15.8,219,4.388888889,39,,,,,
14210,42.867,-78.831,2023-08-02T17:00:00,25,0,,0,24.1,13.4,236,3.722222222,56,,,,,
14210,42.867,-78.831,2023-08-02T18:00:00,24.4,0,,0,22.3,13.7,225,3.805555556,45,,,,,
14210,42.867,-78.831,2023-08-02T19:00:00,23.8,0,,0,16.6,13.2,253,3.666666667,73,,,,,
14210,42.867,-78.831,2023-08-02T20:00:00,22.9,0,,0,14.8,12.9,218,3.583333333,38,,,,,
14210,42.867,-78.831,2023-08-02T21:00:00,21.6,0,,0,13,9.3,197,2.583333333,17,,,,,
14210,42.867,-78.831,2023-08-02T22:00:00,21.2,0,,0,11.2,9.5,173,2.638888889,7,,,,,
14210,42.867,-78.831,2023-08-02T23:00:00,20.8,0,,0,11.2,10.8,191,3,11,,,,,
14210,42.867,-78.831,2023-08-03T00:00:00,20.3,0,,0,11.2,8.1,165,2.25,15,,,,,
14210,42.867,-78.831,2023-08-03T01:00:00,20.3,0,,0,13,9.4,182,2.611111111,2,,,,,
14210,42.867,-78.831,2023-08-03T02:00:00,21.3,0,,0,14.8,12.3,187,3.416666667,7,,,,,
14210,42.867,-78.831,2023-08-03T03:00:00,21.2,0.007,rain,0,13,10.5,201,2.916666667,21,,,,,
14210,42.867,-78.831,2023-08-03T04:00:00,20.7,0.023,rain,0,13,12.7,214,3.527777778,34,,,,,
14210,42.867,-78.831,2023-08-03T05:00:00,21,0.104,rain,0,13,1.9,339,0.527777778,21,,,,,
14210,42.867,-78.831,2023-08-03T06:00:00,20.6,0.047,rain,0,27.7,1.6,44,0.444444444,44,,,,,
14210,42.867,-78.831,2023-08-03T07:00:00,20.6,0.045,rain,0,25.9,10.2,163,2.833333333,17,,,,,
14210,42.867,-78.831,2023-08-03T08:00:00,20.2,0.247,rain,0,25.9,12.8,174,3.555555556,6,,,,,
14210,42.867,-78.831,2023-08-03T09:00:00,21.8,0,,0,25.9,13.2,202,3.666666667,22,,,,,
14210,42.867,-78.831,2023-08-03T10:00:00,23.9,0,,0,25.9,18,208,5,28,,,,,
14210,42.867,-78.831,2023-08-03T11:00:00,25.1,0,,0,31.7,20.7,219,5.75,39,,,,,
14210,42.867,-78.831,2023-08-03T12:00:00,26.2,0,,0,37.1,21.9,235,6.083333333,55,,,,,
14210,42.867,-78.831,2023-08-03T13:00:00,26.8,0,,0,35.3,20.5,237,5.694444444,57,,,,,
14210,42.867,-78.831,2023-08-03T14:00:00,26.8,0,,0,37.1,21.2,226,5.888888889,46,,,,,
14210,42.867,-78.831,2023-08-03T15:00:00,27.3,0,,0,40.7,24.7,237,6.861111111,57,,,,,
14210,42.867,-78.831,2023-08-03T16:00:00,27.3,0,,0,39.1,23.7,223,6.583333333,43,,,,,
14210,42.867,-78.831,2023-08-03T17:00:00,27.9,0,,0,35.8,19.1,239,5.305555556,59,,,,,
14210,42.867,-78.831,2023-08-03T18:00:00,26.4,0,,0,40.7,24.3,232,6.75,52,,,,,
14210,42.867,-78.831,2023-08-03T19:00:00,25.8,0,,0,25.9,18.6,225,5.166666667,45,,,,,
14210,42.867,-78.831,2023-08-03T20:00:00,24,0,,0,22.3,17,218,4.722222222,38,,,,,
14210,42.867,-78.831,2023-08-03T21:00:00,23,0,,0,18.4,12,229,3.333333333,49,,,,,
14210,42.867,-78.831,2023-08-03T22:00:00,22.8,0,,0,16.6,12.2,221,3.388888889,41,,,,,
14210,42.867,-78.831,2023-08-03T23:00:00,22.6,0,,0,16.6,1.5,322,0.416666667,38,,,,,
14210,42.867,-78.831,2023-08-04T00:00:00,21.5,0,,0,31.3,12.2,40,3.388888889,40,,,,,
14210,42.867,-78.831,2023-08-04T01:00:00,21,0.18,rain,0,35.3,6.4,222,1.777777778,42,,,,,
14210,42.867,-78.831,2023-08-04T02:00:00,20.9,0.395,rain,0,24.1,10.5,223,2.916666667,43,,,,,
14210,42.867,-78.831,2023-08-04T03:00:00,19.4,0.162,rain,0,25.9,17.7,195,4.916666667,15,,,,,
14210,42.867,-78.831,2023-08-04T04:00:00,19.4,0,,0,33.5,14.2,212,3.944444444,32,,,,,
14210,42.867,-78.831,2023-08-04T05:00:00,19.3,0,,0,40.7,12.2,210,3.388888889,30,,,,,
14210,42.867,-78.831,2023-08-04T06:00:00,18.9,0,,0,24.1,9.3,208,2.583333333,28,,,,,
14210,42.867,-78.831,2023-08-04T07:00:00,19.9,0,,0,25.9,8.5,205,2.361111111,25,,,,,
14210,42.867,-78.831,2023-08-04T08:00:00,21.6,0,,0,24.1,6.4,228,1.777777778,48,,,,,
14210,42.867,-78.831,2023-08-04T09:00:00,22.7,0,,0,20.5,12.9,273,3.583333333,87,,,,,
14210,42.867,-78.831,2023-08-04T10:00:00,24.1,0,,0,20.5,14.9,262,4.138888889,82,,,,,
14210,42.867,-78.831,2023-08-04T11:00:00,24.1,0,,0,24.1,13.1,311,3.638888889,49,,,,,
14210,42.867,-78.831,2023-08-04T12:00:00,24.8,0,,0,25.9,11.2,290,3.111111111,70,,,,,
14210,42.867,-78.831,2023-08-04T13:00:00,25,0,,0,29.5,15.8,275,4.388888889,85,,,,,
14210,42.867,-78.831,2023-08-04T14:00:00,25.6,0,,0,29.5,15.1,260,4.194444444,80,,,,,
14210,42.867,-78.831,2023-08-04T15:00:00,26.6,0,,0,29.5,19.8,294,5.5,66,,,,,
14210,42.867,-78.831,2023-08-04T16:00:00,25.8,0,,0,27.7,15.9,281,4.416666667,79,,,,,
14210,42.867,-78.831,2023-08-04T17:00:00,26.7,0,,0,25.9,17.8,285,4.944444444,75,,,,,
14210,42.867,-78.831,2023-08-04T18:00:00,26.3,0,,0,20.5,12.8,311,3.555555556,49,,,,,
14210,42.867,-78.831,2023-08-04T19:00:00,24.7,0,,0,14.8,9.4,281,2.611111111,79,,,,,
14210,42.867,-78.831,2023-08-04T20:00:00,24,0,,0,11.2,8.9,275,2.472222222,85,,,,,
14210,42.867,-78.831,2023-08-04T21:00:00,23.5,0,,0,11.2,7.5,277,2.083333333,83,,,,,
14210,42.867,-78.831,2023-08-04T22:00:00,23.2,0,,0,31.3,6.8,342,1.888888889,18,,,,,
14210,42.867,-78.831,2023-08-04T23:00:00,21.7,0,,0,9.4,11.9,341,3.305555556,19,,,,,
14210,42.867,-78.831,2023-08-05T00:00:00,20.7,0,,0,31.3,17.3,342,4.805555556,18,,,,,
14210,42.867,-78.831,2023-08-05T01:00:00,19.4,0,,0,5.4,10.4,348,2.888888889,12,,,,,
14210,42.867,-78.831,2023-08-05T02:00:00,19.3,0,,0,5.4,6.4,331,1.777777778,29,,,,,
14210,42.867,-78.831,2023-08-05T03:00:00,18.7,0,,0,1.8,1.4,339,0.388888889,21,,,,,
14210,42.867,-78.831,2023-08-05T04:00:00,18.7,0,,0,1.8,6,240,1.666666667,60,,,,,
14210,42.867,-78.831,2023-08-05T05:00:00,18.9,0,,0,3.6,8,347,2.222222222,13,,,,,
14210,42.867,-78.831,2023-08-05T06:00:00,18,0,,0,33.5,8.4,42,2.333333333,42,,,,,
14210,42.867,-78.831,2023-08-05T07:00:00,18.5,0,,0,31.3,6.6,64,1.833333333,64,,,,,
14210,42.867,-78.831,2023-08-05T08:00:00,19.2,0,,0,9.4,10.5,41,2.916666667,41,,,,,
14210,42.867,-78.831,2023-08-05T09:00:00,20.8,0,,0,9.4,11.9,41,3.305555556,41,,,,,
14210,42.867,-78.831,2023-08-05T10:00:00,22.1,0,,0,11.2,13.5,43,3.75,43,,,,,
14210,42.867,-78.831,2023-08-05T11:00:00,21.8,0,,0,14.8,11.1,41,3.083333333,41,,,,,
14210,42.867,-78.831,2023-08-05T12:00:00,22.3,0,,0,14.8,13.8,49,3.833333333,49,,,,,
14210,42.867,-78.831,2023-08-05T13:00:00,23.8,0,,0,31.7,10.6,41,2.944444444,41,,,,,
14210,42.867,-78.831,2023-08-05T14:00:00,24.3,0,,0,29.5,18.2,38,5.055555556,38,,,,,
14210,42.867,-78.831,2023-08-05T15:00:00,24.3,0,,0,14.8,13,11,3.611111111,11,,,,,
14210,42.867,-78.831,2023-08-05T16:00:00,23.9,0,,0,14.8,16.4,30,4.555555556,30,,,,,
14210,42.867,-78.831,2023-08-05T17:00:00,23.4,0,,0,14.8,16,42,4.444444444,42,,,,,
14210,42.867,-78.831,2023-08-05T18:00:00,23,0,,0,13,13.7,23,3.805555556,23,,,,,
14210,42.867,-78.831,2023-08-05T19:00:00,23.3,0,,0,13,9.6,14,2.666666667,14,,,,,
14210,42.867,-78.831,2023-08-05T20:00:00,21.8,0,,0,11.2,8.7,31,2.416666667,31,,,,,
14210,42.867,-78.831,2023-08-05T21:00:00,20.5,0,,0,9.4,5.2,47,1.444444444,47,,,,,
14210,42.867,-78.831,2023-08-05T22:00:00,19.1,0,,0,9.4,6.3,47,1.75,47,,,,,
14210,42.867,-78.831,2023-08-05T23:00:00,18.1,0,,0,7.6,4.6,84,1.277777778,84,,,,,
14210,42.867,-78.831,2023-08-06T00:00:00,16.6,0,,0,7.6,4.5,73,1.25,73,,,,,
14210,42.867,-78.831,2023-08-06T01:00:00,16.4,0,,0,7.6,6.4,83,1.777777778,83,,,,,
14210,42.867,-78.831,2023-08-06T02:00:00,16,0,,0,5.4,6.4,93,1.777777778,87,,,,,
14210,42.867,-78.831,2023-08-06T03:00:00,14.4,0,,0,7.6,0.8,16,0.222222222,16,,,,,
14210,42.867,-78.831,2023-08-06T04:00:00,13.9,0,,0,7.6,4.6,56,1.277777778,56,,,,,
14210,42.867,-78.831,2023-08-06T05:00:00,14.2,0,,0,7.6,7.2,56,2,56,,,,,
14210,42.867,-78.831,2023-08-06T06:00:00,14.2,0,,0,9.4,6.1,69,1.694444444,69,,,,,
14210,42.867,-78.831,2023-08-06T07:00:00,15.4,0,,0,11.2,7.9,97,2.194444444,83,,,,,
14210,42.867,-78.831,2023-08-06T08:00:00,17.2,0,,0,11.2,10.9,99,3.027777778,81,,,,,
14210,42.867,-78.831,2023-08-06T09:00:00,20,0,,0,13,11.4,90,3.166666667,90,,,,,
14210,42.867,-78.831,2023-08-06T10:00:00,22.8,0,,0,14.8,13.8,101,3.833333333,79,,,,,
14210,42.867,-78.831,2023-08-06T11:00:00,24.9,0,,0,16.6,16.4,105,4.555555556,75,,,,,
14210,42.867,-78.831,2023-08-06T12:00:00,27,0,,0,16.6,13.5,81,3.75,81,,,,,
14210,42.867,-78.831,2023-08-06T13:00:00,28.1,0,,0,33.5,18.9,96,5.25,84,,,,,
14210,42.867,-78.831,2023-08-06T14:00:00,28.6,0,,0,16.6,17.7,74,4.916666667,74,,,,,
14210,42.867,-78.831,2023-08-06T15:00:00,29.1,0,,0,32.2,16.9,54,4.694444444,54,,,,,
14210,42.867,-78.831,2023-08-06T16:00:00,28.5,0,,0,36.8,18.8,62,5.222222222,62,,,,,
14210,42.867,-78.831,2023-08-06T17:00:00,28,0,,0,16.6,25.1,49,6.972222222,49,,,,,
14210,42.867,-78.831,2023-08-06T18:00:00,26.8,0,,0,37.9,21.4,51,5.944444444,51,,,,,
14210,42.867,-78.831,2023-08-06T19:00:00,25.8,0,,0,38.6,24.6,70,6.833333333,70,,,,,
14210,42.867,-78.831,2023-08-06T20:00:00,24.3,0,,0,18.4,22,70,6.111111111,70,,,,,
14210,42.867,-78.831,2023-08-06T21:00:00,23.3,0.315,rain,0,36.7,26.7,154,7.416666667,26,,,,,
14210,42.867,-78.831,2023-08-06T22:00:00,22.3,3.378,rain,0,35.3,23.4,117,6.5,63,,,,,
14210,42.867,-78.831,2023-08-06T23:00:00,22.3,4.355,rain,0,13,11.8,94,3.277777778,86,,,,,
14210,42.867,-78.831,2023-08-07T00:00:00,22.2,0.169,rain,0,7.6,6.3,72,1.75,72,,,,,
14210,42.867,-78.831,2023-08-07T01:00:00,22.1,0,,0,7.6,11.6,129,3.222222222,51,,,,,
14210,42.867,-78.831,2023-08-07T02:00:00,22.5,0,,0,9.4,10.8,123,3,57,,,,,
14210,42.867,-78.831,2023-08-07T03:00:00,22.7,0,,0,18.4,9.7,160,2.694444444,20,,,,,
14210,42.867,-78.831,2023-08-07T04:00:00,21.8,0.369,rain,0,18.4,15.2,188,4.222222222,8,,,,,
14210,42.867,-78.831,2023-08-07T05:00:00,21.3,0.333,rain,0,20.5,9.9,202,2.75,22,,,,,
14210,42.867,-78.831,2023-08-07T06:00:00,21.3,0.009,rain,0,31.3,9.6,190,2.666666667,10,,,,,
14210,42.867,-78.831,2023-08-07T07:00:00,21.8,0,,0,22.3,12.7,173,3.527777778,7,,,,,
14210,42.867,-78.831,2023-08-07T08:00:00,22.4,0.159,rain,0,24.1,14.7,191,4.083333333,11,,,,,
14210,42.867,-78.831,2023-08-07T09:00:00,22.4,0,,0,25.9,14.3,201,3.972222222,21,,,,,
14210,42.867,-78.831,2023-08-07T10:00:00,22.9,0,,0,29.5,16.8,200,4.666666667,20,,,,,
14210,42.867,-78.831,2023-08-07T11:00:00,25.5,0,,0,42.5,21,220,5.833333333,40,,,,,
14210,42.867,-78.831,2023-08-07T12:00:00,26.2,0,,0,31.3,25.9,193,7.194444444,13,,,,,
14210,42.867,-78.831,2023-08-07T13:00:00,27.2,0,,0,37.1,9.4,229,2.611111111,49,,,,,
14210,42.867,-78.831,2023-08-07T14:00:00,27.5,0.085,rain,0,29.5,1.9,317,0.527777778,43,,,,,
14210,42.867,-78.831,2023-08-07T15:00:00,23.3,10.117,rain,0,60.7,19,239,5.277777778,59,,,,,
14210,42.867,-78.831,2023-08-07T16:00:00,21.8,0.072,rain,0,38.9,21.2,237,5.888888889,57,,,,,
14210,42.867,-78.831,2023-08-07T17:00:00,21.9,2.472,rain,0,37.1,19,237,5.277777778,57,,,,,
14210,42.867,-78.831,2023-08-07T18:00:00,21.9,0.698,rain,0,31.7,12.9,235,3.583333333,55,,,,,
14210,42.867,-78.831,2023-08-07T19:00:00,22.3,0,,0,24.1,17.5,243,4.861111111,63,,,,,
14210,42.867,-78.831,2023-08-07T20:00:00,21.7,0,,0,22.3,17.3,221,4.805555556,41,,,,,
14210,42.867,-78.831,2023-08-07T21:00:00,21.2,0,,0,24.1,15.7,238,4.361111111,58,,,,,
14210,42.867,-78.831,2023-08-07T22:00:00,21.1,0,,0,24.1,15.4,213,4.277777778,33,,,,,
14210,42.867,-78.831,2023-08-07T23:00:00,21,0,,0,24.1,14.8,246,4.111111111,66,,,,,
14210,42.867,-78.831,2023-08-08T00:00:00,20.9,0,,0,31.7,17.8,239,4.944444444,59,,,,,
14210,42.867,-78.831,2023-08-08T01:00:00,20.4,0,,0,27.7,15.7,231,4.361111111,51,,,,,
14210,42.867,-78.831,2023-08-08T02:00:00,19.4,0.005,rain,0,35.3,22.3,238,6.194444444,58,,,,,
14210,42.867,-78.831,2023-08-08T03:00:00,19.3,0,,0,27.7,19.9,241,5.527777778,61,,,,,
14210,42.867,-78.831,2023-08-08T04:00:00,18.3,0.42,rain,0,38.5,19.1,258,5.305555556,78,,,,,
14210,42.867,-78.831,2023-08-08T05:00:00,17.9,0,,0,35.3,20.5,282,5.694444444,78,,,,,
14210,42.867,-78.831,2023-08-08T06:00:00,17.3,0,,0,42.5,21.5,301,5.972222222,59,,,,,
14210,42.867,-78.831,2023-08-08T07:00:00,17.3,0.25,rain,0,39,16.4,273,4.555555556,87,,,,,
14210,42.867,-78.831,2023-08-08T08:00:00,16.8,1.259,rain,0,40.7,18.7,253,5.194444444,73,,,,,
14210,42.867,-78.831,2023-08-08T09:00:00,16.8,0.247,rain,0,36,24.3,260,6.75,80,,,,,
14210,42.867,-78.831,2023-08-08T10:00:00,17.4,0,,0,37.7,24,272,6.666666667,88,,,,,
14210,42.867,-78.831,2023-08-08T11:00:00,18.1,0,,0,33.5,21.2,271,5.888888889,89,,,,,
14210,42.867,-78.831,2023-08-08T12:00:00,19.1,0,,0,37,21.9,272,6.083333333,88,,,,,
14210,42.867,-78.831,2023-08-08T13:00:00,20.3,0,,0,43,26.3,292,7.305555556,68,,,,,
14210,42.867,-78.831,2023-08-08T14:00:00,21.5,0,,0,45.6,24.9,291,6.916666667,69,,,,,
14210,42.867,-78.831,2023-08-08T15:00:00,23.5,0,,0,46.7,29.6,295,8.222222222,65,,,,,
14210,42.867,-78.831,2023-08-08T16:00:00,23.9,0,,0,39,23.4,295,6.5,65,,,,,
14210,42.867,-78.831,2023-08-08T17:00:00,23.9,0,,0,48.2,20.1,309,5.583333333,51,,,,,
14210,42.867,-78.831,2023-08-08T18:00:00,23.9,0,,0,50,17.4,312,4.833333333,48,,,,,
14210,42.867,-78.831,2023-08-08T19:00:00,22.4,0,,0,40.7,16.1,360,4.472222222,0,,,,,
14210,42.867,-78.831,2023-08-08T20:00:00,21.8,0,,0,31.3,8.9,316,2.472222222,44,,,,,
14210,42.867,-78.831,2023-08-08T21:00:00,20.9,0,,0,27.7,10.7,315,2.972222222,45,,,,,
14210,42.867,-78.831,2023-08-08T22:00:00,20.2,0,,0,24.1,7.5,295,2.083333333,65,,,,,
14210,42.867,-78.831,2023-08-08T23:00:00,18.6,0,,0,14.8,10.7,249,2.972222222,69,,,,,
14210,42.867,-78.831,2023-08-09T00:00:00,18.2,0,,0,13,7.1,244,1.972222222,64,,,,,
14210,42.867,-78.831,2023-08-09T01:00:00,18.8,0,,0,11.2,5.4,252,1.5,72,,,,,
14210,42.867,-78.831,2023-08-09T02:00:00,16.2,0,,0,11.2,7.7,198,2.138888889,18,,,,,
14210,42.867,-78.831,2023-08-09T03:00:00,15.8,0,,0,9.4,8.9,189,2.472222222,9,,,,,
14210,42.867,-78.831,2023-08-09T04:00:00,15.6,0,,0,11.2,6.3,232,1.75,52,,,,,
14210,42.867,-78.831,2023-08-09T05:00:00,16.1,0,,0,13,7.1,211,1.972222222,31,,,,,
14210,42.867,-78.831,2023-08-09T06:00:00,16.3,0,,0,13,8.9,208,2.472222222,28,,,,,
14210,42.867,-78.831,2023-08-09T07:00:00,16.9,0,,0,16.6,7,180,1.944444444,0,,,,,
14210,42.867,-78.831,2023-08-09T08:00:00,19.1,0,,0,18.4,10.5,210,2.916666667,30,,,,,
14210,42.867,-78.831,2023-08-09T09:00:00,21.4,0,,0,20.5,14.8,213,4.111111111,33,,,,,
14210,42.867,-78.831,2023-08-09T10:00:00,22.6,0,,0,22.3,11.1,225,3.083333333,45,,,,,
14210,42.867,-78.831,2023-08-09T11:00:00,25.1,0,,0,24.1,14.1,251,3.916666667,71,,,,,
14210,42.867,-78.831,2023-08-09T12:00:00,25.1,0,,0,25.9,16.6,238,4.611111111,58,,,,,
14210,42.867,-78.831,2023-08-09T13:00:00,25.3,0,,0,38.9,23.5,226,6.527777778,46,,,,,
14210,42.867,-78.831,2023-08-09T14:00:00,25.2,0,,0,40.7,25.2,221,7,41,,,,,
14210,42.867,-78.831,2023-08-09T15:00:00,26,0,,0,44.6,25.4,231,7.055555556,51,,,,,
14210,42.867,-78.831,2023-08-09T16:00:00,25.5,0.072,rain,0,47.2,30.3,257,8.416666667,77,,,,,
14210,42.867,-78.831,2023-08-09T17:00:00,25.7,0.311,rain,0,40.4,20.3,214,5.638888889,34,,,,,
14210,42.867,-78.831,2023-08-09T18:00:00,24.6,0,,0,44.6,27.9,230,7.75,50,,,,,
14210,42.867,-78.831,2023-08-09T19:00:00,24.1,0,,0,37.1,21.5,230,5.972222222,50,,,,,
14210,42.867,-78.831,2023-08-09T20:00:00,23.5,0,,0,22.3,20.2,221,5.611111111,41,,,,,
14210,42.867,-78.831,2023-08-09T21:00:00,22.8,0,,0,27.7,19.1,219,5.305555556,39,,,,,
14210,42.867,-78.831,2023-08-09T22:00:00,22.8,0,,0,16.6,16.1,219,4.472222222,39,,,,,
14210,42.867,-78.831,2023-08-09T23:00:00,22.2,0,,0,14.8,14.4,211,4,31,,,,,
14210,42.867,-78.831,2023-08-10T00:00:00,20.9,0,,0,13,11.4,203,3.166666667,23,,,,,
14210,42.867,-78.831,2023-08-10T01:00:00,20.4,0,,0,13,9.4,194,2.611111111,14,,,,,
14210,42.867,-78.831,2023-08-10T02:00:00,20.3,0,,0,13,7.2,191,2,11,,,,,
14210,42.867,-78.831,2023-08-10T03:00:00,20.3,0,,0,14.8,7.7,172,2.138888889,8,,,,,
14210,42.867,-78.831,2023-08-10T04:00:00,20.3,0,,0,16.6,6.2,182,1.722222222,2,,,,,
14210,42.867,-78.831,2023-08-10T05:00:00,20.2,0.028,rain,0,18.4,8.2,210,2.277777778,30,,,,,
14210,42.867,-78.831,2023-08-10T06:00:00,20.1,0.699,rain,0,33.5,7.7,212,2.138888889,32,,,,,
14210,42.867,-78.831,2023-08-10T07:00:00,18.4,2.941,rain,0,20.5,15.2,252,4.222222222,72,,,,,
14210,42.867,-78.831,2023-08-10T08:00:00,18.5,4.299,rain,0,20.5,12.6,151,3.5,29,,,,,
14210,42.867,-78.831,2023-08-10T09:00:00,20.1,0,,0,20.5,14.5,180,4.027777778,0,,,,,
14210,42.867,-78.831,2023-08-10T10:00:00,21.8,0,,0,20.5,14.9,183,4.138888889,3,,,,,
14210,42.867,-78.831,2023-08-10T11:00:00,23,0,,0,20.5,20.7,215,5.75,35,,,,,
14210,42.867,-78.831,2023-08-10T12:00:00,23.5,0,,0,38.9,25,229,6.944444444,49,,,,,
14210,42.867,-78.831,2023-08-10T13:00:00,24.1,0,,0,46.4,24.8,228,6.888888889,48,,,,,
14210,42.867,-78.831,2023-08-10T14:00:00,24.2,0,,0,40.7,28.4,238,7.888888889,58,,,,,
14210,42.867,-78.831,2023-08-10T15:00:00,23.7,1.283,rain,0,60.1,21.7,271,6.027777778,89,,,,,
14210,42.867,-78.831,2023-08-10T16:00:00,19.5,8.568,rain,0,47.9,1,360,0.277777778,0,,,,,
14210,42.867,-78.831,2023-08-10T17:00:00,19.8,0,,0,37.1,6.6,205,1.833333333,25,,,,,
14210,42.867,-78.831,2023-08-10T18:00:00,20.4,0,,0,24.1,9.9,199,2.75,19,,,,,
14210,42.867,-78.831,2023-08-10T19:00:00,21.3,0,,0,20.5,14.1,235,3.916666667,55,,,,,
14210,42.867,-78.831,2023-08-10T20:00:00,21.2,0,,0,18.4,11.1,230,3.083333333,50,,,,,
14210,42.867,-78.831,2023-08-10T21:00:00,20,0,,0,16.6,6.2,231,1.722222222,51,,,,,
14210,42.867,-78.831,2023-08-10T22:00:00,19.5,0,,0,13,9.4,199,2.611111111,19,,,,,
14210,42.867,-78.831,2023-08-10T23:00:00,19.3,0,,0,11.2,9.6,209,2.666666667,29,,,,,
14210,42.867,-78.831,2023-08-11T00:00:00,19.3,0,,0,13,8.2,230,2.277777778,50,,,,,
14210,42.867,-78.831,2023-08-11T01:00:00,20,0,,0,14.8,11.7,253,3.25,73,,,,,
14210,42.867,-78.831,2023-08-11T02:00:00,19.5,0,,0,13,12.7,312,3.527777778,48,,,,,
14210,42.867,-78.831,2023-08-11T03:00:00,19.4,0,,0,37.1,11.4,317,3.166666667,43,,,,,
14210,42.867,-78.831,2023-08-11T04:00:00,19.3,0,,0,35.3,9.9,308,2.75,52,,,,,
14210,42.867,-78.831,2023-08-11T05:00:00,18.7,0,,0,13,12.6,327,3.5,33,,,,,
14210,42.867,-78.831,2023-08-11T06:00:00,17.2,0,,0,37.1,6.8,285,1.888888889,75,,,,,
14210,42.867,-78.831,2023-08-11T07:00:00,17.1,0,,0,31.3,10.1,298,2.805555556,62,,,,,
14210,42.867,-78.831,2023-08-11T08:00:00,18.8,2.206,rain,0,16.6,9.6,250,2.666666667,70,,,,,
14210,42.867,-78.831,2023-08-11T09:00:00,19.5,0,,0,16.6,10.4,292,2.888888889,68,,,,,
14210,42.867,-78.831,2023-08-11T10:00:00,21.1,0,,0,18.4,12.1,324,3.361111111,36,,,,,
14210,42.867,-78.831,2023-08-11T11:00:00,21.8,0,,0,27.7,8.8,291,2.444444444,69,,,,,
14210,42.867,-78.831,2023-08-11T12:00:00,22.7,0,,0,20.5,14.6,230,4.055555556,50,,,,,
14210,42.867,-78.831,2023-08-11T13:00:00,22.9,0,,0,24.1,11.7,270,3.25,90,,,,,
14210,42.867,-78.831,2023-08-11T14:00:00,23.1,0,,0,36.6,21,235,5.833333333,55,,,,,
14210,42.867,-78.831,2023-08-11T15:00:00,23.2,0,,0,29.5,21.5,223,5.972222222,43,,,,,
14210,42.867,-78.831,2023-08-11T16:00:00,23.2,0,,0,24.1,21.5,216,5.972222222,36,,,,,
14210,42.867,-78.831,2023-08-11T17:00:00,23,0,,0,22.3,15.2,232,4.222222222,52,,,,,
14210,42.867,-78.831,2023-08-11T18:00:00,23,0,,0,18.4,14.9,221,4.138888889,41,,,,,
14210,42.867,-78.831,2023-08-11T19:00:00,22.9,0,,0,14.8,12.3,213,3.416666667,33,,,,,
14210,42.867,-78.831,2023-08-11T20:00:00,21.2,0,,0,13,9.3,227,2.583333333,47,,,,,
14210,42.867,-78.831,2023-08-11T21:00:00,20.7,0,,0,11.2,7.4,242,2.055555556,62,,,,,
14210,42.867,-78.831,2023-08-11T22:00:00,20.6,0,,0,11.2,0.2,354,0.055555556,6,,,,,
14210,42.867,-78.831,2023-08-11T23:00:00,19.5,0,,0,11.2,10.5,142,2.916666667,38,,,,,
14210,42.867,-78.831,2023-08-12T00:00:00,19,0,,0,11.2,9.4,139,2.611111111,41,,,,,
14210,42.867,-78.831,2023-08-12T01:00:00,19,0,,0,13,11.6,152,3.222222222,28,,,,,
14210,42.867,-78.831,2023-08-12T02:00:00,18.9,0,,0,16.6,10.1,126,2.805555556,54,,,,,
14210,42.867,-78.831,2023-08-12T03:00:00,18.3,0,,0,18.4,8.5,129,2.361111111,51,,,,,
14210,42.867,-78.831,2023-08-12T04:00:00,18.2,0,,0,20.5,8,121,2.222222222,59,,,,,
14210,42.867,-78.831,2023-08-12T05:00:00,17.3,0,,0,24.1,8.7,163,2.416666667,17,,,,,
14210,42.867,-78.831,2023-08-12T06:00:00,17.9,0,,0,29.5,9.1,158,2.527777778,22,,,,,
14210,42.867,-78.831,2023-08-12T07:00:00,18.2,0.247,rain,0,37.1,14.3,180,3.972222222,0,,,,,
14210,42.867,-78.831,2023-08-12T08:00:00,19.2,0.247,rain,0,42.5,12.9,189,3.583333333,9,,,,,
14210,42.867,-78.831,2023-08-12T09:00:00,21.7,0,,0,44.3,19.7,198,5.472222222,18,,,,,
14210,42.867,-78.831,2023-08-12T10:00:00,21.8,0,,0,33.5,18.8,215,5.222222222,35,,,,,
14210,42.867,-78.831,2023-08-12T11:00:00,22.3,0.091,rain,0,46.4,18,201,5,21,,,,,
14210,42.867,-78.831,2023-08-12T12:00:00,22.4,0.433,rain,0,50,15.5,227,4.305555556,47,,,,,
14210,42.867,-78.831,2023-08-12T13:00:00,24.3,1.254,rain,0,43.3,22.7,228,6.305555556,48,,,,,
14210,42.867,-78.831,2023-08-12T14:00:00,24.8,0.014,rain,0,58.4,32.6,238,9.055555556,58,,,,,
14210,42.867,-78.831,2023-08-12T15:00:00,26.4,0,,0,48.3,27.4,232,7.611111111,52,,,,,
14210,42.867,-78.831,2023-08-12T16:00:00,24.9,0,,0,50.7,29.9,230,8.305555556,50,,,,,
14210,42.867,-78.831,2023-08-12T17:00:00,25.3,0,,0,49,25.3,231,7.027777778,51,,,,,
14210,42.867,-78.831,2023-08-12T18:00:00,25.2,0,,0,47.1,19.2,240,5.333333333,60,,,,,
14210,42.867,-78.831,2023-08-12T19:00:00,23.7,0,,0,56.2,25.2,220,7,40,,,,,
14210,42.867,-78.831,2023-08-12T20:00:00,23.4,0,,0,35.3,23.6,228,6.555555556,48,,,,,
14210,42.867,-78.831,2023-08-12T21:00:00,22.3,0,,0,25.9,14.8,197,4.111111111,17,,,,,
14210,42.867,-78.831,2023-08-12T22:00:00,21.8,0.013,rain,0,22.3,14.6,212,4.055555556,32,,,,,
14210,42.867,-78.831,2023-08-12T23:00:00,21,0,,0,20.5,10.1,205,2.805555556,25,,,,,
14210,42.867,-78.831,2023-08-13T00:00:00,21.3,0,,0,18.4,10.6,216,2.944444444,36,,,,,
14210,42.867,-78.831,2023-08-13T01:00:00,20.7,0,,0,18.4,13.2,218,3.666666667,38,,,,,
14210,42.867,-78.831,2023-08-13T02:00:00,19.5,0,,0,18.4,8.5,217,2.361111111,37,,,,,
14210,42.867,-78.831,2023-08-13T03:00:00,19.9,0,,0,16.6,10.2,297,2.833333333,63,,,,,
14210,42.867,-78.831,2023-08-13T04:00:00,18.8,0,,0,14.8,6.7,320,1.861111111,40,,,,,
14210,42.867,-78.831,2023-08-13T05:00:00,18.7,0,,0,13,6.1,254,1.694444444,74,,,,,
14210,42.867,-78.831,2023-08-13T06:00:00,18.6,0,,0,14.8,5.6,227,1.555555556,47,,,,,
14210,42.867,-78.831,2023-08-13T07:00:00,18.7,0,,0,14.8,7.8,254,2.166666667,74,,,,,
14210,42.867,-78.831,2023-08-13T08:00:00,20,0,,0,16.6,9.2,278,2.555555556,82,,,,,
14210,42.867,-78.831,2023-08-13T09:00:00,21.2,0,,0,31.3,15.2,286,4.222222222,74,,,,,
14210,42.867,-78.831,2023-08-13T10:00:00,22.3,0,,0,33.5,20.6,282,5.722222222,78,,,,,
14210,42.867,-78.831,2023-08-13T11:00:00,23.3,0,,0,46.4,26.2,253,7.277777778,73,,,,,
14210,42.867,-78.831,2023-08-13T12:00:00,22.9,0,,0,40.4,26.1,246,7.25,66,,,,,
14210,42.867,-78.831,2023-08-13T13:00:00,23.1,0,,0,42.1,26.2,256,7.277777778,76,,,,,
14210,42.867,-78.831,2023-08-13T14:00:00,23.3,0,,0,38.9,26.9,259,7.472222222,79,,,,,
14210,42.867,-78.831,2023-08-13T15:00:00,23.7,0,,0,44,26.5,249,7.361111111,69,,,,,
14210,42.867,-78.831,2023-08-13T16:00:00,23.8,0,,0,46.2,29,243,8.055555556,63,,,,,
14210,42.867,-78.831,2023-08-13T17:00:00,24.2,0,,0,46.2,25.4,242,7.055555556,62,,,,,
14210,42.867,-78.831,2023-08-13T18:00:00,23.7,0,,0,38.9,26.8,244,7.444444444,64,,,,,
14210,42.867,-78.831,2023-08-13T19:00:00,23.5,0,,0,37.1,15,247,4.166666667,67,,,,,
14210,42.867,-78.831,2023-08-13T20:00:00,22.9,0,,0,33.5,16,248,4.444444444,68,,,,,
14210,42.867,-78.831,2023-08-13T21:00:00,21.5,0,,0,9.4,9.4,256,2.611111111,76,,,,,
14210,42.867,-78.831,2023-08-13T22:00:00,21,0,,0,7.6,9.8,267,2.722222222,87,,,,,
14210,42.867,-78.831,2023-08-13T23:00:00,19.9,0,,0,5.4,8.1,287,2.25,73,,,,,
14210,42.867,-78.831,2023-08-14T00:00:00,18.9,0,,0,11.2,8,339,2.222222222,21,,,,,
14210,42.867,-78.831,2023-08-14T01:00:00,19,0,,0,9.4,5.4,330,1.5,30,,,,,
14210,42.867,-78.831,2023-08-14T02:00:00,19.4,0,,0,9.4,0.7,353,0.194444444,7,,,,,
14210,42.867,-78.831,2023-08-14T03:00:00,18.9,0,,0,9.4,0.9,352,0.25,8,,,,,
14210,42.867,-78.831,2023-08-14T04:00:00,18.7,0,,0,7.6,5.5,360,1.527777778,0,,,,,
14210,42.867,-78.831,2023-08-14T05:00:00,18.1,0,,0,7.6,0.2,355,0.055555556,5,,,,,
14210,42.867,-78.831,2023-08-14T06:00:00,18.1,0,,0,5.4,4.6,9,1.277777778,9,,,,,
14210,42.867,-78.831,2023-08-14T07:00:00,18.1,0,,0,5.4,0.3,355,0.083333333,5,,,,,
14210,42.867,-78.831,2023-08-14T08:00:00,19.4,0,,0,7.6,0.3,357,0.083333333,3,,,,,
14210,42.867,-78.831,2023-08-14T09:00:00,20.1,0,,0,7.6,5.6,352,1.555555556,8,,,,,
14210,42.867,-78.831,2023-08-14T10:00:00,21.2,0,,0,9.4,6.5,27,1.805555556,27,,,,,
14210,42.867,-78.831,2023-08-14T11:00:00,21.8,0,,0,7.6,1.3,354,0.361111111,6,,,,,
14210,42.867,-78.831,2023-08-14T12:00:00,22.2,0,,0,7.6,0.4,1,0.111111111,1,,,,,
14210,42.867,-78.831,2023-08-14T13:00:00,22.9,0,,0,7.6,7.3,58,2.027777778,58,,,,,
14210,42.867,-78.831,2023-08-14T14:00:00,22.9,0,,0,7.6,9.7,36,2.694444444,36,,,,,
14210,42.867,-78.831,2023-08-14T15:00:00,22.9,0,,0,13,9.2,58,2.555555556,58,,,,,
14210,42.867,-78.831,2023-08-14T16:00:00,22.8,0,,0,14.8,9.3,45,2.583333333,45,,,,,
14210,42.867,-78.831,2023-08-14T17:00:00,22.8,0,,0,16.6,9.9,22,2.75,22,,,,,
14210,42.867,-78.831,2023-08-14T18:00:00,21.8,0,,0,20.5,16.2,50,4.5,50,,,,,
14210,42.867,-78.831,2023-08-14T19:00:00,21.2,0,,0,22.3,17.6,50,4.888888889,50,,,,,
14210,42.867,-78.831,2023-08-14T20:00:00,20.7,0,,0,24.1,11,43,3.055555556,43,,,,,
14210,42.867,-78.831,2023-08-14T21:00:00,19.9,0,,0,22.3,12.3,68,3.416666667,68,,,,,
14210,42.867,-78.831,2023-08-14T22:00:00,19.4,0,,0,22.3,11.8,62,3.277777778,62,,,,,
14210,42.867,-78.831,2023-08-14T23:00:00,19.4,0,,0,22.3,13.9,73,3.861111111,73,,,,,
14210,42.867,-78.831,2023-08-15T00:00:00,19.4,0,,0,22.3,15.4,69,4.277777778,69,,,,,
14210,42.867,-78.831,2023-08-15T01:00:00,19.3,0,,0,22.3,9.5,41,2.638888889,41,,,,,
14210,42.867,-78.831,2023-08-15T02:00:00,18.8,0,,0,22.3,11,33,3.055555556,33,,,,,
14210,42.867,-78.831,2023-08-15T03:00:00,18,0,,0,22.3,14.9,25,4.138888889,25,,,,,
14210,42.867,-78.831,2023-08-15T04:00:00,18,0,,0,20.5,12.9,57,3.583333333,57,,,,,
14210,42.867,-78.831,2023-08-15T05:00:00,18.5,0,,0,22.3,10.7,83,2.972222222,83,,,,,
14210,42.867,-78.831,2023-08-15T06:00:00,18.5,0,,0,20.5,9.4,56,2.611111111,56,,,,,
14210,42.867,-78.831,2023-08-15T07:00:00,18.5,0,,0,20.5,9.5,64,2.638888889,64,,,,,
14210,42.867,-78.831,2023-08-15T08:00:00,19,0,,0,20.5,8.6,37,2.388888889,37,,,,,
14210,42.867,-78.831,2023-08-15T09:00:00,20.3,0,,0,38.9,15.7,52,4.361111111,52,,,,,
14210,42.867,-78.831,2023-08-15T10:00:00,20.8,0,,0,37.1,15.5,53,4.305555556,53,,,,,
14210,42.867,-78.831,2023-08-15T11:00:00,21.9,0,,0,35.3,21.9,55,6.083333333,55,,,,,
14210,42.867,-78.831,2023-08-15T12:00:00,23.3,0,,0,31.3,15.2,53,4.222222222,53,,,,,
14210,42.867,-78.831,2023-08-15T13:00:00,23.3,0,,0,31.3,16,79,4.444444444,79,,,,,
14210,42.867,-78.831,2023-08-15T14:00:00,22.9,0,,0,24.1,14.8,70,4.111111111,70,,,,,
14210,42.867,-78.831,2023-08-15T15:00:00,22.8,0.009,rain,0,31.3,14.9,82,4.138888889,82,,,,,
14210,42.867,-78.831,2023-08-15T16:00:00,20.8,0.866,rain,0,33.5,11.4,57,3.166666667,57,,,,,
14210,42.867,-78.831,2023-08-15T17:00:00,20.7,0.479,rain,0,24.1,13.2,34,3.666666667,34,,,,,
14210,42.867,-78.831,2023-08-15T18:00:00,20.5,0.305,rain,0,22.3,11,73,3.055555556,73,,,,,
14210,42.867,-78.831,2023-08-15T19:00:00,19.8,1.057,rain,0,20.5,17.6,32,4.888888889,32,,,,,
14210,42.867,-78.831,2023-08-15T20:00:00,18.8,0.119,rain,0,20.5,12,26,3.333333333,26,,,,,
14210,42.867,-78.831,2023-08-15T21:00:00,18.9,0.041,rain,0,20.5,5.9,18,1.638888889,18,,,,,
14210,42.867,-78.831,2023-08-15T22:00:00,18.4,0.003,rain,0,20.5,7.5,5,2.083333333,5,,,,,
14210,42.867,-78.831,2023-08-15T23:00:00,18.4,0,,0,18.4,7.6,8,2.111111111,8,,,,,
14210,42.867,-78.831,2023-08-16T00:00:00,18.5,0,,0,16.6,9.3,337,2.583333333,23,,,,,
14210,42.867,-78.831,2023-08-16T01:00:00,18.9,0.068,rain,0,14.8,9.9,336,2.75,24,,,,,
14210,42.867,-78.831,2023-08-16T02:00:00,18.9,1.052,rain,0,13,7.7,311,2.138888889,49,,,,,
14210,42.867,-78.831,2023-08-16T03:00:00,18.9,0.005,rain,0,9.4,6.5,300,1.805555556,60,,,,,
14210,42.867,-78.831,2023-08-16T04:00:00,18.9,0.006,rain,0,7.6,8.4,291,2.333333333,69,,,,,
14210,42.867,-78.831,2023-08-16T05:00:00,18.9,0,,0,5.4,7.6,310,2.111111111,50,,,,,
14210,42.867,-78.831,2023-08-16T06:00:00,18.4,0,,0,5.4,4.7,293,1.305555556,67,,,,,
14210,42.867,-78.831,2023-08-16T07:00:00,18.7,0,,0,5.4,7.3,306,2.027777778,54,,,,,
14210,42.867,-78.831,2023-08-16T08:00:00,19.9,0,,0,5.4,8.3,291,2.305555556,69,,,,,
14210,42.867,-78.831,2023-08-16T09:00:00,21.1,0,,0,7.6,8.1,309,2.25,51,,,,,
14210,42.867,-78.831,2023-08-16T10:00:00,22.3,0,,0,9.4,9.6,333,2.666666667,27,,,,,
14210,42.867,-78.831,2023-08-16T11:00:00,23.7,0,,0,11.2,11.1,9,3.083333333,9,,,,,
14210,42.867,-78.831,2023-08-16T12:00:00,24.3,0,,0,13,5.6,355,1.555555556,5,,,,,
14210,42.867,-78.831,2023-08-16T13:00:00,25,0,,0,14.8,7.8,298,2.166666667,62,,,,,
14210,42.867,-78.831,2023-08-16T14:00:00,24.2,0,,0,22.3,14.5,272,4.027777778,88,,,,,
14210,42.867,-78.831,2023-08-16T15:00:00,24.7,0,,0,20.5,10.3,182,2.861111111,2,,,,,
14210,42.867,-78.831,2023-08-16T16:00:00,25.8,0,,0,22.3,13.3,248,3.694444444,68,,,,,
14210,42.867,-78.831,2023-08-16T17:00:00,25.7,0,,0,22.3,19.4,230,5.388888889,50,,,,,
14210,42.867,-78.831,2023-08-16T18:00:00,25.1,0,,0,20.5,19.4,235,5.388888889,55,,,,,
14210,42.867,-78.831,2023-08-16T19:00:00,23.9,0,,0,16.6,16.2,228,4.5,48,,,,,
14210,42.867,-78.831,2023-08-16T20:00:00,22.9,0,,0,11.2,13.9,220,3.861111111,40,,,,,
14210,42.867,-78.831,2023-08-16T21:00:00,21.2,0,,0,13,8.2,236,2.277777778,56,,,,,
14210,42.867,-78.831,2023-08-16T22:00:00,20.5,0,,0,11.2,7.7,217,2.138888889,37,,,,,
14210,42.867,-78.831,2023-08-16T23:00:00,19.9,0,,0,11.2,9.3,181,2.583333333,1,,,,,
14210,42.867,-78.831,2023-08-17T00:00:00,19.3,0,,0,9.4,10.9,181,3.027777778,1,,,,,
14210,42.867,-78.831,2023-08-17T01:00:00,18.5,0,,0,9.4,9.6,174,2.666666667,6,,,,,
14210,42.867,-78.831,2023-08-17T02:00:00,19,0,,0,9.4,8,164,2.222222222,16,,,,,
14210,42.867,-78.831,2023-08-17T03:00:00,18.5,0,,0,9.4,9.2,158,2.555555556,22,,,,,
14210,42.867,-78.831,2023-08-17T04:00:00,18.1,0,,0,9.4,9.4,156,2.611111111,24,,,,,
14210,42.867,-78.831,2023-08-17T05:00:00,18,0,,0,9.4,6.3,146,1.75,34,,,,,
14210,42.867,-78.831,2023-08-17T06:00:00,17.5,0,,0,11.2,9.1,153,2.527777778,27,,,,,
14210,42.867,-78.831,2023-08-17T07:00:00,17.9,0,,0,11.2,7.6,141,2.111111111,39,,,,,
14210,42.867,-78.831,2023-08-17T08:00:00,19.6,0,,0,13,10.9,168,3.027777778,12,,,,,
14210,42.867,-78.831,2023-08-17T09:00:00,21.4,0,,0,20.5,11.5,173,3.194444444,7,,,,,
14210,42.867,-78.831,2023-08-17T10:00:00,21.8,0,,0,35.3,16.8,197,4.666666667,17,,,,,
14210,42.867,-78.831,2023-08-17T11:00:00,22.3,0,,0,29.5,13.9,198,3.861111111,18,,,,,
14210,42.867,-78.831,2023-08-17T12:00:00,23.5,0,,0,33.6,19.5,202,5.416666667,22,,,,,
14210,42.867,-78.831,2023-08-17T13:00:00,25.6,0,,0,31.3,25.4,217,7.055555556,37,,,,,
14210,42.867,-78.831,2023-08-17T14:00:00,25.6,0,,0,31.3,17.4,203,4.833333333,23,,,,,
14210,42.867,-78.831,2023-08-17T15:00:00,25.2,0,,0,31.3,17.2,247,4.777777778,67,,,,,
14210,42.867,-78.831,2023-08-17T16:00:00,25,0,,0,27.7,17.4,253,4.833333333,73,,,,,
14210,42.867,-78.831,2023-08-17T17:00:00,24.5,0,,0,24.1,16.4,231,4.555555556,51,,,,,
14210,42.867,-78.831,2023-08-17T18:00:00,24.4,0,,0,31.3,16.7,219,4.638888889,39,,,,,
14210,42.867,-78.831,2023-08-17T19:00:00,23.9,0,,0,33.5,18.1,182,5.027777778,2,,,,,
14210,42.867,-78.831,2023-08-17T20:00:00,23.4,0,,0,33.5,23.1,184,6.416666667,4,,,,,
14210,42.867,-78.831,2023-08-17T21:00:00,23,0,,0,34,20.7,182,5.75,2,,,,,
14210,42.867,-78.831,2023-08-17T22:00:00,22.9,0,,0,38.9,16.8,208,4.666666667,28,,,,,
14210,42.867,-78.831,2023-08-17T23:00:00,22.3,0,,0,69.2,19.3,220,5.361111111,40,,,,,
14210,42.867,-78.831,2023-08-18T00:00:00,17.9,4.7,rain,0,64.8,21.8,231,6.055555556,51,,,,,
14210,42.867,-78.831,2023-08-18T01:00:00,17.9,1.66,rain,0,51.8,18.2,208,5.055555556,28,,,,,
14210,42.867,-78.831,2023-08-18T02:00:00,17.5,0.824,rain,0,33.5,17.8,205,4.944444444,25,,,,,
14210,42.867,-78.831,2023-08-18T03:00:00,17.4,3.509,rain,0,33.5,17.2,247,4.777777778,67,,,,,
14210,42.867,-78.831,2023-08-18T04:00:00,17.2,0.344,rain,0,46.1,16.2,281,4.5,79,,,,,
14210,42.867,-78.831,2023-08-18T05:00:00,16.8,0,,0,35.3,11.3,261,3.138888889,81,,,,,
14210,42.867,-78.831,2023-08-18T06:00:00,16.1,0,,0,53.6,16.7,261,4.638888889,81,,,,,
14210,42.867,-78.831,2023-08-18T07:00:00,15.6,0,,0,44.3,13.2,252,3.666666667,72,,,,,
14210,42.867,-78.831,2023-08-18T08:00:00,16.2,0,,0,33.5,21.1,252,5.861111111,72,,,,,
14210,42.867,-78.831,2023-08-18T09:00:00,16.8,0,,0,47.5,22.2,260,6.166666667,80,,,,,
14210,42.867,-78.831,2023-08-18T10:00:00,17.9,0,,0,49.3,29.7,252,8.25,72,,,,,
14210,42.867,-78.831,2023-08-18T11:00:00,18.8,0,,0,53.6,27,270,7.5,90,,,,,
14210,42.867,-78.831,2023-08-18T12:00:00,18.4,0,,0,50,25.8,261,7.166666667,81,,,,,
14210,42.867,-78.831,2023-08-18T13:00:00,17.7,0,,0,49.2,33.4,281,9.277777778,79,,,,,
14210,42.867,-78.831,2023-08-18T14:00:00,18,0,,0,50.7,31.3,270,8.694444444,90,,,,,
14210,42.867,-78.831,2023-08-18T15:00:00,18.9,0,,0,49.9,30.1,263,8.361111111,83,,,,,
14210,42.867,-78.831,2023-08-18T16:00:00,18.3,0,,0,52.6,31.5,264,8.75,84,,,,,
14210,42.867,-78.831,2023-08-18T17:00:00,17.8,0,,0,51.6,29,263,8.055555556,83,,,,,
14210,42.867,-78.831,2023-08-18T18:00:00,17.2,0,,0,48.7,27.5,271,7.638888889,89,,,,,
14210,42.867,-78.831,2023-08-18T19:00:00,16.9,0,,0,41.4,21.3,264,5.916666667,84,,,,,
14210,42.867,-78.831,2023-08-18T20:00:00,16.8,0,,0,47.5,21.4,282,5.944444444,78,,,,,
14210,42.867,-78.831,2023-08-18T21:00:00,16.2,0,,0,51.8,17.8,290,4.944444444,70,,,,,
14210,42.867,-78.831,2023-08-18T22:00:00,15.7,0,,0,48.2,17.3,271,4.805555556,89,,,,,
14210,42.867,-78.831,2023-08-18T23:00:00,15.7,0,,0,29.5,15.5,262,4.305555556,82,,,,,
14210,42.867,-78.831,2023-08-19T00:00:00,14.9,0,,0,40.7,14.9,261,4.138888889,81,,,,,
14210,42.867,-78.831,2023-08-19T01:00:00,14.9,0,,0,42.5,16.1,259,4.472222222,79,,,,,
14210,42.867,-78.831,2023-08-19T02:00:00,14.3,0,,0,25.9,14.9,261,4.138888889,81,,,,,
14210,42.867,-78.831,2023-08-19T03:00:00,13.7,0,,0,24.1,11.2,262,3.111111111,82,,,,,
14210,42.867,-78.831,2023-08-19T04:00:00,13.8,0,,0,22.3,13.3,259,3.694444444,79,,,,,
14210,42.867,-78.831,2023-08-19T05:00:00,13.8,0,,0,14.8,14.8,260,4.111111111,80,,,,,
14210,42.867,-78.831,2023-08-19T06:00:00,13.7,0,,0,37.1,14.9,261,4.138888889,81,,,,,
14210,42.867,-78.831,2023-08-19T07:00:00,13.2,0,,0,40.7,14.5,261,4.027777778,81,,,,,
14210,42.867,-78.831,2023-08-19T08:00:00,15,0,,0,24.1,14.7,278,4.083333333,82,,,,,
14210,42.867,-78.831,2023-08-19T09:00:00,16.8,0,,0,38.9,16.3,269,4.527777778,89,,,,,
14210,42.867,-78.831,2023-08-19T10:00:00,18.9,0,,0,38.9,15.9,270,4.416666667,90,,,,,
14210,42.867,-78.831,2023-08-19T11:00:00,20.7,0,,0,33.5,18.6,269,5.166666667,89,,,,,
14210,42.867,-78.831,2023-08-19T12:00:00,21.8,0,,0,35.7,23.7,246,6.583333333,66,,,,,
14210,42.867,-78.831,2023-08-19T13:00:00,22.9,0,,0,35,16.3,261,4.527777778,81,,,,,
14210,42.867,-78.831,2023-08-19T14:00:00,23,0,,0,38.6,24.4,245,6.777777778,65,,,,,
14210,42.867,-78.831,2023-08-19T15:00:00,22.5,0,,0,45.2,23.1,238,6.416666667,58,,,,,
14210,42.867,-78.831,2023-08-19T16:00:00,22.4,0,,0,41.6,26.3,232,7.305555556,52,,,,,
14210,42.867,-78.831,2023-08-19T17:00:00,22,0,,0,41.8,24.9,239,6.916666667,59,,,,,
14210,42.867,-78.831,2023-08-19T18:00:00,21.5,0,,0,33.5,27.2,239,7.555555556,59,,,,,
14210,42.867,-78.831,2023-08-19T19:00:00,21.3,0,,0,40.7,18.7,238,5.194444444,58,,,,,
14210,42.867,-78.831,2023-08-19T20:00:00,20.6,0,,0,27.7,21.1,237,5.861111111,57,,,,,
14210,42.867,-78.831,2023-08-19T21:00:00,19.9,0,,0,22.3,16.2,227,4.5,47,,,,,
14210,42.867,-78.831,2023-08-19T22:00:00,18.7,0,,0,18.4,13.1,214,3.638888889,34,,,,,
14210,42.867,-78.831,2023-08-19T23:00:00,16.9,0,,0,16.6,11.3,201,3.138888889,21,,,,,
14210,42.867,-78.831,2023-08-20T00:00:00,16.4,0,,0,16.6,9.8,207,2.722222222,27,,,,,
14210,42.867,-78.831,2023-08-20T01:00:00,15.9,0,,0,14.8,8.5,205,2.361111111,25,,,,,
14210,42.867,-78.831,2023-08-20T02:00:00,15.9,0,,0,14.8,10.3,203,2.861111111,23,,,,,
14210,42.867,-78.831,2023-08-20T03:00:00,15.9,0,,0,11.2,9.4,191,2.611111111,11,,,,,
14210,42.867,-78.831,2023-08-20T04:00:00,15.9,0,,0,11.2,8.9,196,2.472222222,16,,,,,
14210,42.867,-78.831,2023-08-20T05:00:00,15.3,0,,0,11.2,7.1,189,1.972222222,9,,,,,
14210,42.867,-78.831,2023-08-20T06:00:00,15.2,0,,0,11.2,9.1,183,2.527777778,3,,,,,
14210,42.867,-78.831,2023-08-20T07:00:00,14.7,0,,0,11.2,10.8,207,3,27,,,,,
14210,42.867,-78.831,2023-08-20T08:00:00,18.1,0,,0,13,12.2,181,3.388888889,1,,,,,
14210,42.867,-78.831,2023-08-20T09:00:00,20.2,0,,0,14.8,16,201,4.444444444,21,,,,,
14210,42.867,-78.831,2023-08-20T10:00:00,22.8,0,,0,22.3,18,225,5,45,,,,,
14210,42.867,-78.831,2023-08-20T11:00:00,23.1,0,,0,27.7,18.6,227,5.166666667,47,,,,,
14210,42.867,-78.831,2023-08-20T12:00:00,24.4,0,,0,31.3,25.3,219,7.027777778,39,,,,,
14210,42.867,-78.831,2023-08-20T13:00:00,25.1,0,,0,41.5,26,227,7.222222222,47,,,,,
14210,42.867,-78.831,2023-08-20T14:00:00,25.9,0,,0,42.5,24.6,236,6.833333333,56,,,,,
14210,42.867,-78.831,2023-08-20T15:00:00,26.8,0,,0,46.4,26.7,229,7.416666667,49,,,,,
14210,42.867,-78.831,2023-08-20T16:00:00,26.1,0,,0,37.4,21.7,231,6.027777778,51,,,,,
14210,42.867,-78.831,2023-08-20T17:00:00,25.7,0,,0,35.3,19,238,5.277777778,58,,,,,
14210,42.867,-78.831,2023-08-20T18:00:00,25.6,0,,0,35.3,23.5,248,6.527777778,68,,,,,
14210,42.867,-78.831,2023-08-20T19:00:00,25.1,0,,0,24.1,17.9,248,4.972222222,68,,,,,
14210,42.867,-78.831,2023-08-20T20:00:00,24.1,0,,0,24.1,16.6,223,4.611111111,43,,,,,
14210,42.867,-78.831,2023-08-20T21:00:00,23.6,0,,0,22.3,15.9,229,4.416666667,49,,,,,
14210,42.867,-78.831,2023-08-20T22:00:00,23.5,0,,0,22.3,14.1,219,3.916666667,39,,,,,
14210,42.867,-78.831,2023-08-20T23:00:00,23.3,0,,0,22.3,15.5,223,4.305555556,43,,,,,
14210,42.867,-78.831,2023-08-21T00:00:00,23.2,0,,0,22.3,15.4,222,4.277777778,42,,,,,
14210,42.867,-78.831,2023-08-21T01:00:00,22.6,0,,0,22.3,12,222,3.333333333,42,,,,,
14210,42.867,-78.831,2023-08-21T02:00:00,22.1,0,,0,18.4,10.8,223,3,43,,,,,
14210,42.867,-78.831,2023-08-21T03:00:00,22,0,,0,9.4,8.5,233,2.361111111,53,,,,,
14210,42.867,-78.831,2023-08-21T04:00:00,21.1,0,,0,9.4,6.4,223,1.777777778,43,,,,,
14210,42.867,-78.831,2023-08-21T05:00:00,20.6,0,,0,7.6,7.2,235,2,55,,,,,
14210,42.867,-78.831,2023-08-21T06:00:00,21.1,0,,0,7.6,0.4,353,0.111111111,7,,,,,
14210,42.867,-78.831,2023-08-21T07:00:00,21.4,0,,0,7.6,1,333,0.277777778,27,,,,,
14210,42.867,-78.831,2023-08-21T08:00:00,22.1,0,,0,9.4,6.3,296,1.75,64,,,,,
14210,42.867,-78.831,2023-08-21T09:00:00,21.7,0,,0,13,11.4,333,3.166666667,27,,,,,
14210,42.867,-78.831,2023-08-21T10:00:00,22.2,0,,0,16.6,16.3,352,4.527777778,8,,,,,
14210,42.867,-78.831,2023-08-21T11:00:00,22.2,0,,0,18.4,10.9,11,3.027777778,11,,,,,
14210,42.867,-78.831,2023-08-21T12:00:00,23.4,0,,0,18.4,13.8,21,3.833333333,21,,,,,
14210,42.867,-78.831,2023-08-21T13:00:00,23.1,0,,0,18.4,15.2,20,4.222222222,20,,,,,
14210,42.867,-78.831,2023-08-21T14:00:00,23.1,0,,0,18.4,11.3,37,3.138888889,37,,,,,
14210,42.867,-78.831,2023-08-21T15:00:00,23.6,0,,0,18.4,11.2,356,3.111111111,4,,,,,
14210,42.867,-78.831,2023-08-21T16:00:00,22.9,0,,0,20.5,15.6,348,4.333333333,12,,,,,
14210,42.867,-78.831,2023-08-21T17:00:00,22.4,0,,0,20.5,10.1,13,2.805555556,13,,,,,
14210,42.867,-78.831,2023-08-21T18:00:00,22.9,0,,0,16.6,10.1,360,2.805555556,0,,,,,
14210,42.867,-78.831,2023-08-21T19:00:00,21.7,0,,0,14.8,12.3,30,3.416666667,30,,,,,
14210,42.867,-78.831,2023-08-21T20:00:00,20.6,0,,0,14.8,7.3,29,2.027777778,29,,,,,
14210,42.867,-78.831,2023-08-21T21:00:00,19.3,0,,0,16.6,1.6,8,0.444444444,8,,,,,
14210,42.867,-78.831,2023-08-21T22:00:00,18.3,0,,0,14.8,5.9,8,1.638888889,8,,,,,
14210,42.867,-78.831,2023-08-21T23:00:00,18,0,,0,13,1.7,356,0.472222222,4,,,,,
14210,42.867,-78.831,2023-08-22T00:00:00,18,0,,0,31.3,8.1,344,2.25,16,,,,,
14210,42.867,-78.831,2023-08-22T01:00:00,17.3,0,,0,31.3,11.3,352,3.138888889,8,,,,,
14210,42.867,-78.831,2023-08-22T02:00:00,16.8,0,,0,3.6,14.5,22,4.027777778,22,,,,,
14210,42.867,-78.831,2023-08-22T03:00:00,16.3,0,,0,31.3,10.2,19,2.833333333,19,,,,,
14210,42.867,-78.831,2023-08-22T04:00:00,15.3,0,,0,5.4,6.7,13,1.861111111,13,,,,,
14210,42.867,-78.831,2023-08-22T05:00:00,14.7,0,,0,5.4,9.7,30,2.694444444,30,,,,,
14210,42.867,-78.831,2023-08-22T06:00:00,14.6,0,,0,5.4,8.2,19,2.277777778,19,,,,,
14210,42.867,-78.831,2023-08-22T07:00:00,14.5,0,,0,5.4,6.2,3,1.722222222,3,,,,,
14210,42.867,-78.831,2023-08-22T08:00:00,15.9,0,,0,5.4,9.5,37,2.638888889,37,,,,,
14210,42.867,-78.831,2023-08-22T09:00:00,18.5,0,,0,13,16.1,39,4.472222222,39,,,,,
14210,42.867,-78.831,2023-08-22T10:00:00,19.4,0,,0,18.4,16.1,37,4.472222222,37,,,,,
14210,42.867,-78.831,2023-08-22T11:00:00,21.2,0,,0,22.3,16.2,48,4.5,48,,,,,
14210,42.867,-78.831,2023-08-22T12:00:00,22.2,0,,0,22.3,15.9,49,4.416666667,49,,,,,
14210,42.867,-78.831,2023-08-22T13:00:00,22.8,0,,0,22.3,11.9,14,3.305555556,14,,,,,
14210,42.867,-78.831,2023-08-22T14:00:00,23,0,,0,20.5,11.9,20,3.305555556,20,,,,,
14210,42.867,-78.831,2023-08-22T15:00:00,23.8,0,,0,27.7,19.5,37,5.416666667,37,,,,,
14210,42.867,-78.831,2023-08-22T16:00:00,24.3,0,,0,18.4,14.6,31,4.055555556,31,,,,,
14210,42.867,-78.831,2023-08-22T17:00:00,23.8,0,,0,18.4,6.2,191,1.722222222,11,,,,,
14210,42.867,-78.831,2023-08-22T18:00:00,23.8,0,,0,16.6,14.6,40,4.055555556,40,,,,,
14210,42.867,-78.831,2023-08-22T19:00:00,22.9,0,,0,14.8,12.6,38,3.5,38,,,,,
14210,42.867,-78.831,2023-08-22T20:00:00,21.1,0,,0,11.2,12.1,40,3.361111111,40,,,,,
14210,42.867,-78.831,2023-08-22T21:00:00,19.7,0,,0,11.2,7.8,47,2.166666667,47,,,,,
14210,42.867,-78.831,2023-08-22T22:00:00,19.2,0,,0,9.4,7.9,63,2.194444444,63,,,,,
14210,42.867,-78.831,2023-08-22T23:00:00,18.8,0,,0,9.4,8.7,120,2.416666667,60,,,,,
14210,42.867,-78.831,2023-08-23T00:00:00,18.4,0,,0,9.4,6.4,117,1.777777778,63,,,,,
14210,42.867,-78.831,2023-08-23T01:00:00,17.9,0,,0,7.6,6.4,99,1.777777778,81,,,,,
14210,42.867,-78.831,2023-08-23T02:00:00,17.8,0,,0,5.4,8.6,117,2.388888889,63,,,,,
14210,42.867,-78.831,2023-08-23T03:00:00,17.9,0,,0,5.4,5.6,88,1.555555556,88,,,,,
14210,42.867,-78.831,2023-08-23T04:00:00,18.3,0,,0,3.6,4.5,81,1.25,81,,,,,
14210,42.867,-78.831,2023-08-23T05:00:00,17.2,0.006,rain,0,3.6,11.8,117,3.277777778,63,,,,,
14210,42.867,-78.831,2023-08-23T06:00:00,17.2,0.02,rain,0,5.4,8.9,184,2.472222222,4,,,,,
14210,42.867,-78.831,2023-08-23T07:00:00,17.2,0.009,rain,0,5.4,0.2,357,0.055555556,3,,,,,
14210,42.867,-78.831,2023-08-23T08:00:00,17.7,0,,0,7.6,0.9,30,0.25,30,,,,,
14210,42.867,-78.831,2023-08-23T09:00:00,17.3,0.025,rain,0,13,9.4,226,2.611111111,46,,,,,
14210,42.867,-78.831,2023-08-23T10:00:00,17.3,0.327,rain,0,18.4,15.2,172,4.222222222,8,,,,,
14210,42.867,-78.831,2023-08-23T11:00:00,17.4,0,,0,24.1,18,199,5,19,,,,,
14210,42.867,-78.831,2023-08-23T12:00:00,17.9,0,,0,25.9,12.9,225,3.583333333,45,,,,,
14210,42.867,-78.831,2023-08-23T13:00:00,18.4,0.032,rain,0,27.7,8,162,2.222222222,18,,,,,
14210,42.867,-78.831,2023-08-23T14:00:00,18.5,0.105,rain,0,27.7,15.8,162,4.388888889,18,,,,,
14210,42.867,-78.831,2023-08-23T15:00:00,19.3,0,,0,33.5,17.1,188,4.75,8,,,,,
14210,42.867,-78.831,2023-08-23T16:00:00,18.9,0,,0,24.1,13.1,176,3.638888889,4,,,,,
14210,42.867,-78.831,2023-08-23T17:00:00,19.4,0,,0,24.1,17.5,158,4.861111111,22,,,,,
14210,42.867,-78.831,2023-08-23T18:00:00,19.4,0,,0,24.1,14.4,142,4,38,,,,,
14210,42.867,-78.831,2023-08-23T19:00:00,19.3,0,,0,24.1,13.3,149,3.694444444,31,,,,,
14210,42.867,-78.831,2023-08-23T20:00:00,19.3,0.004,rain,0,25.9,15.9,139,4.416666667,41,,,,,
14210,42.867,-78.831,2023-08-23T21:00:00,18.9,0,,0,24.1,12.5,138,3.472222222,42,,,,,
14210,42.867,-78.831,2023-08-23T22:00:00,18.9,0,,0,24.1,15.5,130,4.305555556,50,,,,,
14210,42.867,-78.831,2023-08-23T23:00:00,18.9,0,,0,24.1,12.4,128,3.444444444,52,,,,,
14210,42.867,-78.831,2023-08-24T00:00:00,18.9,0,,0,22.3,11,136,3.055555556,44,,,,,
14210,42.867,-78.831,2023-08-24T01:00:00,18.9,0,,0,20.5,9.6,138,2.666666667,42,,,,,
14210,42.867,-78.831,2023-08-24T02:00:00,18.9,0,,0,18.4,10.2,143,2.833333333,37,,,,,
14210,42.867,-78.831,2023-08-24T03:00:00,18.8,0,,0,16.6,9.2,126,2.555555556,54,,,,,
14210,42.867,-78.831,2023-08-24T04:00:00,18.8,0,,0,14.8,10.6,105,2.944444444,75,,,,,
14210,42.867,-78.831,2023-08-24T05:00:00,18.9,0,,0,13,14.6,161,4.055555556,19,,,,,
14210,42.867,-78.831,2023-08-24T06:00:00,18.9,0,,0,13,6.5,130,1.805555556,50,,,,,
14210,42.867,-78.831,2023-08-24T07:00:00,18.9,0,,0,14.8,5.4,125,1.5,55,,,,,
14210,42.867,-78.831,2023-08-24T08:00:00,19.3,0,,0,14.8,1.2,30,0.333333333,30,,,,,
14210,42.867,-78.831,2023-08-24T09:00:00,20,0,,0,16.6,8,165,2.222222222,15,,,,,
14210,42.867,-78.831,2023-08-24T10:00:00,20.2,0,,0,14.8,15.8,165,4.388888889,15,,,,,
14210,42.867,-78.831,2023-08-24T11:00:00,20.8,0,,0,18.4,13,168,3.611111111,12,,,,,
14210,42.867,-78.831,2023-08-24T12:00:00,21.7,0,,0,20.5,10.9,203,3.027777778,23,,,,,
14210,42.867,-78.831,2023-08-24T13:00:00,22.4,0,,0,20.5,16.1,227,4.472222222,47,,,,,
14210,42.867,-78.831,2023-08-24T14:00:00,23,0,,0,27.7,17.7,252,4.916666667,72,,,,,
14210,42.867,-78.831,2023-08-24T15:00:00,24.9,0,,0,29.5,12.6,294,3.5,66,,,,,
14210,42.867,-78.831,2023-08-24T16:00:00,25,0,,0,38.9,22.6,292,6.277777778,68,,,,,
14210,42.867,-78.831,2023-08-24T17:00:00,23.9,0,,0,24.1,12.4,257,3.444444444,77,,,,,
14210,42.867,-78.831,2023-08-24T18:00:00,23.5,0,,0,22.3,14,214,3.888888889,34,,,,,
14210,42.867,-78.831,2023-08-24T19:00:00,23.5,0,,0,14.8,18.6,215,5.166666667,35,,,,,
14210,42.867,-78.831,2023-08-24T20:00:00,23.4,0,,0,9.4,14.6,224,4.055555556,44,,,,,
14210,42.867,-78.831,2023-08-24T21:00:00,23.4,0,,0,9.4,9.4,203,2.611111111,23,,,,,
14210,42.867,-78.831,2023-08-24T22:00:00,23.4,0.012,rain,0,9.4,5.7,155,1.583333333,25,,,,,
14210,42.867,-78.831,2023-08-24T23:00:00,22.8,0.949,rain,0,9.4,13.1,217,3.638888889,37,,,,,
14210,42.867,-78.831,2023-08-25T00:00:00,22.7,0.647,rain,0,13,12.8,284,3.555555556,76,,,,,
14210,42.867,-78.831,2023-08-25T01:00:00,22.2,7.024,rain,0,14.8,18.1,212,5.027777778,32,,,,,
14210,42.867,-78.831,2023-08-25T02:00:00,22.2,2.076,rain,0,16.6,18.5,219,5.138888889,39,,,,,
14210,42.867,-78.831,2023-08-25T03:00:00,22.3,0.174,rain,0,18.4,13.1,219,3.638888889,39,,,,,
14210,42.867,-78.831,2023-08-25T04:00:00,21.8,0.41,rain,0,20.5,5.8,152,1.611111111,28,,,,,
14210,42.867,-78.831,2023-08-25T05:00:00,21.7,0,,0,22.3,11.5,184,3.194444444,4,,,,,
14210,42.867,-78.831,2023-08-25T06:00:00,22.2,0,,0,20.5,11.9,228,3.305555556,48,,,,,
14210,42.867,-78.831,2023-08-25T07:00:00,22.2,0,,0,27.7,12.7,269,3.527777778,89,,,,,
14210,42.867,-78.831,2023-08-25T08:00:00,22.1,0,,0,24.1,11.8,297,3.277777778,63,,,,,
14210,42.867,-78.831,2023-08-25T09:00:00,21.6,0,,0,25.9,13.1,332,3.638888889,28,,,,,
14210,42.867,-78.831,2023-08-25T10:00:00,21.6,0,,0,16.6,11.6,325,3.222222222,35,,,,,
14210,42.867,-78.831,2023-08-25T11:00:00,21.1,0,,0,20.5,12.5,324,3.472222222,36,,,,,
14210,42.867,-78.831,2023-08-25T12:00:00,21.6,0,,0,18.4,14,317,3.888888889,43,,,,,
14210,42.867,-78.831,2023-08-25T13:00:00,21.3,0,,0,18.4,9.5,323,2.638888889,37,,,,,
14210,42.867,-78.831,2023-08-25T14:00:00,21.9,0,,0,20.5,9.4,340,2.611111111,20,,,,,
14210,42.867,-78.831,2023-08-25T15:00:00,23.4,0,,0,18.4,14.5,343,4.027777778,17,,,,,
14210,42.867,-78.831,2023-08-25T16:00:00,23.5,0,,0,18.4,7.5,322,2.083333333,38,,,,,
14210,42.867,-78.831,2023-08-25T17:00:00,23.4,0,,0,16.6,8.2,345,2.277777778,15,,,,,
14210,42.867,-78.831,2023-08-25T18:00:00,22.9,0,,0,14.8,10.8,344,3,16,,,,,
14210,42.867,-78.831,2023-08-25T19:00:00,22.8,0,,0,14.8,9.1,322,2.527777778,38,,,,,
14210,42.867,-78.831,2023-08-25T20:00:00,22.2,0,,0,13,1.1,337,0.305555556,23,,,,,
14210,42.867,-78.831,2023-08-25T21:00:00,21.7,0,,0,11.2,1.2,334,0.333333333,26,,,,,
14210,42.867,-78.831,2023-08-25T22:00:00,21.2,0,,0,11.2,7.2,258,2,78,,,,,
14210,42.867,-78.831,2023-08-25T23:00:00,21.1,0,,0,9.4,7.9,260,2.194444444,80,,,,,
14210,42.867,-78.831,2023-08-26T00:00:00,20.7,0,,0,7.6,7.8,296,2.166666667,64,,,,,
14210,42.867,-78.831,2023-08-26T01:00:00,20.7,0,,0,5.4,5.9,306,1.638888889,54,,,,,
14210,42.867,-78.831,2023-08-26T02:00:00,20.3,0,,0,5.4,6.3,349,1.75,11,,,,,
14210,42.867,-78.831,2023-08-26T03:00:00,19.1,0,,0,7.6,0.3,355,0.083333333,5,,,,,
14210,42.867,-78.831,2023-08-26T04:00:00,18.5,0,,0,9.4,0.2,354,0.055555556,6,,,,,
14210,42.867,-78.831,2023-08-26T05:00:00,17.7,0,,0,7.6,0.3,351,0.083333333,9,,,,,
14210,42.867,-78.831,2023-08-26T06:00:00,17.7,0,,0,7.6,0.2,358,0.055555556,2,,,,,
14210,42.867,-78.831,2023-08-26T07:00:00,18.1,0,,0,9.4,0,355,0,5,,,,,
14210,42.867,-78.831,2023-08-26T08:00:00,18.5,0,,0,9.4,0.2,352,0.055555556,8,,,,,
14210,42.867,-78.831,2023-08-26T09:00:00,21.1,0,,0,11.2,7.6,337,2.111111111,23,,,,,
14210,42.867,-78.831,2023-08-26T10:00:00,22.2,0,,0,13,7.3,292,2.027777778,68,,,,,
14210,42.867,-78.831,2023-08-26T11:00:00,23.3,0,,0,16.6,5.7,317,1.583333333,43,,,,,
14210,42.867,-78.831,2023-08-26T12:00:00,23.4,0,,0,18.4,9,324,2.5,36,,,,,
14210,42.867,-78.831,2023-08-26T13:00:00,24.5,0,,0,20.5,10.4,233,2.888888889,53,,,,,
14210,42.867,-78.831,2023-08-26T14:00:00,25,0,,0,22.3,11.8,270,3.277777778,90,,,,,
14210,42.867,-78.831,2023-08-26T15:00:00,24.1,0.009,rain,0,18.4,13.8,225,3.833333333,45,,,,,
14210,42.867,-78.831,2023-08-26T16:00:00,24.4,0.552,rain,0,31.3,13.3,277,3.694444444,83,,,,,
14210,42.867,-78.831,2023-08-26T17:00:00,22,0.298,rain,0,18.4,17.8,248,4.944444444,68,,,,,
14210,42.867,-78.831,2023-08-26T18:00:00,21.4,0,,0,13,9.1,315,2.527777778,45,,,,,
14210,42.867,-78.831,2023-08-26T19:00:00,21.8,0,,0,11.2,11.5,322,3.194444444,38,,,,,
14210,42.867,-78.831,2023-08-26T20:00:00,21.1,0,,0,16.6,11,3,3.055555556,3,,,,,
14210,42.867,-78.831,2023-08-26T21:00:00,20.1,0,,0,35.3,10.1,19,2.805555556,19,,,,,
14210,42.867,-78.831,2023-08-26T22:00:00,19.4,0,,0,16.6,13.9,28,3.861111111,28,,,,,
14210,42.867,-78.831,2023-08-26T23:00:00,18.7,0,,0,44.6,14.9,31,4.138888889,31,,,,,
14210,42.867,-78.831,2023-08-27T00:00:00,17.2,0,,0,36.4,19,28,5.277777778,28,,,,,
14210,42.867,-78.831,2023-08-27T01:00:00,16.8,0,,0,42.5,14,45,3.888888889,45,,,,,
14210,42.867,-78.831,2023-08-27T02:00:00,16.3,0,,0,16.6,10.4,47,2.888888889,47,,,,,
14210,42.867,-78.831,2023-08-27T03:00:00,15.2,0.659,rain,0,35.3,10.6,82,2.944444444,82,,,,,
14210,42.867,-78.831,2023-08-27T04:00:00,15.1,0,,0,16.6,5.6,44,1.555555556,44,,,,,
14210,42.867,-78.831,2023-08-27T05:00:00,14.9,0,,0,14.8,5.6,15,1.555555556,15,,,,,
14210,42.867,-78.831,2023-08-27T06:00:00,14.9,0,,0,14.8,5.6,12,1.555555556,12,,,,,
14210,42.867,-78.831,2023-08-27T07:00:00,14,0,,0,14.8,8.2,28,2.277777778,28,,,,,
14210,42.867,-78.831,2023-08-27T08:00:00,15.7,0,,0,16.6,6.6,26,1.833333333,26,,,,,
14210,42.867,-78.831,2023-08-27T09:00:00,16.8,0,,0,16.6,13.2,30,3.666666667,30,,,,,
14210,42.867,-78.831,2023-08-27T10:00:00,17.4,0,,0,31.3,12,36,3.333333333,36,,,,,
14210,42.867,-78.831,2023-08-27T11:00:00,18.9,0,,0,16.6,13,34,3.611111111,34,,,,,
14210,42.867,-78.831,2023-08-27T12:00:00,19.9,0,,0,16.6,10.2,41,2.833333333,41,,,,,
14210,42.867,-78.831,2023-08-27T13:00:00,20.9,0,,0,14.8,14.6,4,4.055555556,4,,,,,
14210,42.867,-78.831,2023-08-27T14:00:00,21.2,0,,0,27.7,7.5,18,2.083333333,18,,,,,
14210,42.867,-78.831,2023-08-27T15:00:00,21.6,0,,0,14.8,13.5,31,3.75,31,,,,,
14210,42.867,-78.831,2023-08-27T16:00:00,22.1,0,,0,14.8,14.7,40,4.083333333,40,,,,,
14210,42.867,-78.831,2023-08-27T17:00:00,21.1,0,,0,14.8,11,46,3.055555556,46,,,,,
14210,42.867,-78.831,2023-08-27T18:00:00,21.7,0,,0,14.8,9.9,340,2.75,20,,,,,
14210,42.867,-78.831,2023-08-27T19:00:00,20.7,0,,0,14.8,9.5,8,2.638888889,8,,,,,
14210,42.867,-78.831,2023-08-27T20:00:00,18.8,0,,0,14.8,7.6,26,2.111111111,26,,,,,
14210,42.867,-78.831,2023-08-27T21:00:00,16.7,0,,0,13,8.7,39,2.416666667,39,,,,,
14210,42.867,-78.831,2023-08-27T22:00:00,16.1,0,,0,13,9.2,39,2.555555556,39,,,,,
14210,42.867,-78.831,2023-08-27T23:00:00,14.9,0,,0,11.2,7.1,55,1.972222222,55,,,,,
14210,42.867,-78.831,2023-08-28T00:00:00,14.3,0,,0,11.2,8.9,97,2.472222222,83,,,,,
14210,42.867,-78.831,2023-08-28T01:00:00,13.3,0,,0,9.4,8.5,61,2.361111111,61,,,,,
14210,42.867,-78.831,2023-08-28T02:00:00,12.8,0,,0,9.4,8.6,55,2.388888889,55,,,,,
14210,42.867,-78.831,2023-08-28T03:00:00,13.1,0,,0,7.6,4.7,64,1.305555556,64,,,,,
14210,42.867,-78.831,2023-08-28T04:00:00,12.2,0,,0,7.6,4.5,41,1.25,41,,,,,
14210,42.867,-78.831,2023-08-28T05:00:00,11.7,0,,0,7.6,0.1,7,0.027777778,7,,,,,
14210,42.867,-78.831,2023-08-28T06:00:00,11.5,0,,0,7.6,0,358,0,2,,,,,
14210,42.867,-78.831,2023-08-28T07:00:00,12.2,0,,0,9.4,6.4,71,1.777777778,71,,,,,
14210,42.867,-78.831,2023-08-28T08:00:00,14.4,0,,0,9.4,0.9,20,0.25,20,,,,,
14210,42.867,-78.831,2023-08-28T09:00:00,17.3,0,,0,11.2,7.8,68,2.166666667,68,,,,,
14210,42.867,-78.831,2023-08-28T10:00:00,19.1,0,,0,11.2,9.7,69,2.694444444,69,,,,,
14210,42.867,-78.831,2023-08-28T11:00:00,21.1,0,,0,11.2,11.2,67,3.111111111,67,,,,,
14210,42.867,-78.831,2023-08-28T12:00:00,22.8,0,,0,11.2,12.4,49,3.444444444,49,,,,,
14210,42.867,-78.831,2023-08-28T13:00:00,23.8,0,,0,9.4,9.9,44,2.75,44,,,,,
14210,42.867,-78.831,2023-08-28T14:00:00,23.9,0,,0,11.2,8.9,37,2.472222222,37,,,,,
14210,42.867,-78.831,2023-08-28T15:00:00,25.2,0,,0,11.2,9.9,27,2.75,27,,,,,
14210,42.867,-78.831,2023-08-28T16:00:00,24.7,0,,0,37.1,8.7,359,2.416666667,1,,,,,
14210,42.867,-78.831,2023-08-28T17:00:00,24.6,0,,0,13,14.8,9,4.111111111,9,,,,,
14210,42.867,-78.831,2023-08-28T18:00:00,23.6,0,,0,14.8,13.3,14,3.694444444,14,,,,,
14210,42.867,-78.831,2023-08-28T19:00:00,22.1,0,,0,13,15.4,22,4.277777778,22,,,,,
14210,42.867,-78.831,2023-08-28T20:00:00,20.5,0,,0,13,10.3,24,2.861111111,24,,,,,
14210,42.867,-78.831,2023-08-28T21:00:00,19.2,0,,0,9.4,10,38,2.777777778,38,,,,,
14210,42.867,-78.831,2023-08-28T22:00:00,18.2,0,,0,7.6,6.3,55,1.75,55,,,,,
14210,42.867,-78.831,2023-08-28T23:00:00,18.2,0,,0,7.6,7.9,45,2.194444444,45,,,,,
14210,42.867,-78.831,2023-08-29T00:00:00,17.8,0,,0,3.6,6.4,56,1.777777778,56,,,,,
14210,42.867,-78.831,2023-08-29T01:00:00,17.6,0,,0,3.6,4.6,30,1.277777778,30,,,,,
14210,42.867,-78.831,2023-08-29T02:00:00,17,0,,0,3.6,0.9,350,0.25,10,,,,,
14210,42.867,-78.831,2023-08-29T03:00:00,16.1,0,,0,5.4,8.5,345,2.361111111,15,,,,,
14210,42.867,-78.831,2023-08-29T04:00:00,16.1,0,,0,5.4,4.6,32,1.277777778,32,,,,,
14210,42.867,-78.831,2023-08-29T05:00:00,15.9,0,,0,3.6,0.2,354,0.055555556,6,,,,,
14210,42.867,-78.831,2023-08-29T06:00:00,16.4,0,,0,7.6,0.2,353,0.055555556,7,,,,,
14210,42.867,-78.831,2023-08-29T07:00:00,16.8,0,,0,7.6,4.6,330,1.277777778,30,,,,,
14210,42.867,-78.831,2023-08-29T08:00:00,17.6,0,,0,7.6,0.8,28,0.222222222,28,,,,,
14210,42.867,-78.831,2023-08-29T09:00:00,18.9,0,,0,7.6,4.8,29,1.333333333,29,,,,,
14210,42.867,-78.831,2023-08-29T10:00:00,19.6,0,,0,7.6,7.5,102,2.083333333,78,,,,,
14210,42.867,-78.831,2023-08-29T11:00:00,20.4,0,,0,7.6,5.3,130,1.472222222,50,,,,,
14210,42.867,-78.831,2023-08-29T12:00:00,22.3,0,,0,7.6,6.5,13,1.805555556,13,,,,,
14210,42.867,-78.831,2023-08-29T13:00:00,23.4,0,,0,9.4,2,325,0.555555556,35,,,,,
14210,42.867,-78.831,2023-08-29T14:00:00,24.4,0,,0,13,8.1,199,2.25,19,,,,,
14210,42.867,-78.831,2023-08-29T15:00:00,25.7,0,,0,16.6,13,260,3.611111111,80,,,,,
14210,42.867,-78.831,2023-08-29T16:00:00,25.6,0,,0,27.7,11.1,258,3.083333333,78,,,,,
14210,42.867,-78.831,2023-08-29T17:00:00,25.9,0,,0,29.5,8.1,253,2.25,73,,,,,
14210,42.867,-78.831,2023-08-29T18:00:00,24.3,0,,0,25.9,17.5,222,4.861111111,42,,,,,
14210,42.867,-78.831,2023-08-29T19:00:00,22.9,0,,0,16.6,13.2,224,3.666666667,44,,,,,
14210,42.867,-78.831,2023-08-29T20:00:00,21.1,0,,0,14.8,12.8,219,3.555555556,39,,,,,
14210,42.867,-78.831,2023-08-29T21:00:00,19.9,0,,0,14.8,7.8,224,2.166666667,44,,,,,
14210,42.867,-78.831,2023-08-29T22:00:00,18.8,0,,0,14.8,11,191,3.055555556,11,,,,,
14210,42.867,-78.831,2023-08-29T23:00:00,18.4,0,,0,16.6,11.1,199,3.083333333,19,,,,,
14210,42.867,-78.831,2023-08-30T00:00:00,17.9,0,,0,18.4,14.3,202,3.972222222,22,,,,,
14210,42.867,-78.831,2023-08-30T01:00:00,18,0,,0,31.3,10.1,245,2.805555556,65,,,,,
14210,42.867,-78.831,2023-08-30T02:00:00,18.4,0,,0,22.3,13.2,247,3.666666667,67,,,,,
14210,42.867,-78.831,2023-08-30T03:00:00,16.6,0.959,rain,0,24.1,11.8,229,3.277777778,49,,,,,
14210,42.867,-78.831,2023-08-30T04:00:00,16.7,0.129,rain,0,27.7,11.5,247,3.194444444,67,,,,,
14210,42.867,-78.831,2023-08-30T05:00:00,16.6,0,,0,29.5,14.3,250,3.972222222,70,,,,,
14210,42.867,-78.831,2023-08-30T06:00:00,16,0,,0,31.3,15.7,267,4.361111111,87,,,,,
14210,42.867,-78.831,2023-08-30T07:00:00,15.6,0,,0,33.5,11.5,232,3.194444444,52,,,,,
14210,42.867,-78.831,2023-08-30T08:00:00,16.2,0,,0,33.5,17.6,260,4.888888889,80,,,,,
14210,42.867,-78.831,2023-08-30T09:00:00,16.7,0,,0,31.3,16,263,4.444444444,83,,,,,
14210,42.867,-78.831,2023-08-30T10:00:00,16.8,0,,0,36.9,20.9,289,5.805555556,71,,,,,
14210,42.867,-78.831,2023-08-30T11:00:00,16.3,0,,0,37.1,17.1,264,4.75,84,,,,,
14210,42.867,-78.831,2023-08-30T12:00:00,16.9,0,,0,33.5,18.9,253,5.25,73,,,,,
14210,42.867,-78.831,2023-08-30T13:00:00,17,0,,0,33.5,17.4,263,4.833333333,83,,,,,
14210,42.867,-78.831,2023-08-30T14:00:00,17.5,0,,0,35.3,17,255,4.722222222,75,,,,,
14210,42.867,-78.831,2023-08-30T15:00:00,16.7,0,,0,42.5,19.1,251,5.305555556,71,,,,,
14210,42.867,-78.831,2023-08-30T16:00:00,18.2,0,,0,33.5,17.2,261,4.777777778,81,,,,,
14210,42.867,-78.831,2023-08-30T17:00:00,19,0,,0,33.5,20.7,304,5.75,56,,,,,
14210,42.867,-78.831,2023-08-30T18:00:00,19,0,,0,38.5,13.4,324,3.722222222,36,,,,,
14210,42.867,-78.831,2023-08-30T19:00:00,18.4,0,,0,38.9,17.8,332,4.944444444,28,,,,,
14210,42.867,-78.831,2023-08-30T20:00:00,16.7,0,,0,33.5,18.5,339,5.138888889,21,,,,,
14210,42.867,-78.831,2023-08-30T21:00:00,16.3,0,,0,38.9,16.5,322,4.583333333,38,,,,,
14210,42.867,-78.831,2023-08-30T22:00:00,16.2,0,,0,37.1,19.1,321,5.305555556,39,,,,,
14210,42.867,-78.831,2023-08-30T23:00:00,15.8,0,,0,29.5,14.8,313,4.111111111,47,,,,,
14210,42.867,-78.831,2023-08-31T00:00:00,15.8,0,,0,22.3,13.1,330,3.638888889,30,,,,,
14210,42.867,-78.831,2023-08-31T01:00:00,15.7,0,,0,18.4,12.5,352,3.472222222,8,,,,,
14210,42.867,-78.831,2023-08-31T02:00:00,15.5,0,,0,18.4,7.9,12,2.194444444,12,,,,,
14210,42.867,-78.831,2023-08-31T03:00:00,14.8,0,,0,16.6,8.9,348,2.472222222,12,,,,,
14210,42.867,-78.831,2023-08-31T04:00:00,12.4,0,,0,14.8,7.4,340,2.055555556,20,,,,,
14210,42.867,-78.831,2023-08-31T05:00:00,11.8,0,,0,13,8.1,341,2.25,19,,,,,
14210,42.867,-78.831,2023-08-31T06:00:00,11.7,0,,0,11.2,5,6,1.388888889,6,,,,,
14210,42.867,-78.831,2023-08-31T07:00:00,11.7,0,,0,11.2,5.7,11,1.583333333,11,,,,,
14210,42.867,-78.831,2023-08-31T08:00:00,13.9,0,,0,11.2,10.3,23,2.861111111,23,,,,,
14210,42.867,-78.831,2023-08-31T09:00:00,16.3,0,,0,13,14.3,41,3.972222222,41,,,,,
14210,42.867,-78.831,2023-08-31T10:00:00,17.4,0,,0,20.5,17.9,41,4.972222222,41,,,,,
14210,42.867,-78.831,2023-08-31T11:00:00,18.5,0,,0,24.1,15.8,47,4.388888889,47,,,,,
14210,42.867,-78.831,2023-08-31T12:00:00,19.5,0,,0,25.9,17.7,10,4.916666667,10,,,,,
14210,42.867,-78.831,2023-08-31T13:00:00,20.7,0,,0,24.1,14.4,57,4,57,,,,,
14210,42.867,-78.831,2023-08-31T14:00:00,21.1,0,,0,22.3,6.6,25,1.833333333,25,,,,,
14210,42.867,-78.831,2023-08-31T15:00:00,22.1,0,,0,20.5,14.6,345,4.055555556,15,,,,,
14210,42.867,-78.831,2023-08-31T16:00:00,22.6,0,,0,20.5,12.5,8,3.472222222,8,,,,,
14210,42.867,-78.831,2023-08-31T17:00:00,22.1,0,,0,18.4,6,308,1.666666667,52,,,,,
14210,42.867,-78.831,2023-08-31T18:00:00,22,0,,0,14.8,5.9,316,1.638888889,44,,,,,
14210,42.867,-78.831,2023-08-31T19:00:00,20.6,0,,0,11.2,11.8,20,3.277777778,20,,,,,
14210,42.867,-78.831,2023-08-31T20:00:00,18.3,0,,0,7.6,6.4,355,1.777777778,5,,,,,
14210,42.867,-78.831,2023-08-31T21:00:00,18,0,,0,13,0.1,352,0.027777778,8,,,,,
14210,42.867,-78.831,2023-08-31T22:00:00,17.5,0,,0,9.4,0.1,352,0.027777778,8,,,,,
14210,42.867,-78.831,2023-08-31T23:00:00,15.8,0,,0,5.4,6.3,131,1.75,49,,,,,
14210,42.867,-78.831,2023-09-01T00:00:00,14.7,0,,0,5.4,4.4,123,1.222222222,57,,,,,
14210,42.867,-78.831,2023-09-01T01:00:00,14.2,0,,0,3.6,4.8,116,1.333333333,64,,,,,
14210,42.867,-78.831,2023-09-01T02:00:00,13.2,0,,0,3.6,4.6,116,1.277777778,64,,,,,
14210,42.867,-78.831,2023-09-01T03:00:00,12.7,0,,0,1.8,6.3,135,1.75,45,,,,,
14210,42.867,-78.831,2023-09-01T04:00:00,12.1,0,,0,3.6,6.4,118,1.777777778,62,,,,,
14210,42.867,-78.831,2023-09-01T05:00:00,11.6,0,,0,5.4,7.8,131,2.166666667,49,,,,,
14210,42.867,-78.831,2023-09-01T06:00:00,11.1,0,,0,5.4,4.6,128,1.277777778,52,,,,,
14210,42.867,-78.831,2023-09-01T07:00:00,10.7,0,,0,5.4,4.6,144,1.277777778,36,,,,,
14210,42.867,-78.831,2023-09-01T08:00:00,11.9,0,,0,5.4,6.3,142,1.75,38,,,,,
14210,42.867,-78.831,2023-09-01T09:00:00,14.7,0,,0,7.6,4.6,148,1.277777778,32,,,,,
14210,42.867,-78.831,2023-09-01T10:00:00,18.1,0,,0,5.4,5.4,179,1.5,1,,,,,
14210,42.867,-78.831,2023-09-01T11:00:00,20.6,0,,0,3.6,0.3,7,0.083333333,7,,,,,
14210,42.867,-78.831,2023-09-01T12:00:00,21.7,0,,0,5.4,1.1,349,0.305555556,11,,,,,
14210,42.867,-78.831,2023-09-01T13:00:00,22.8,0,,0,7.6,0.4,351,0.111111111,9,,,,,
14210,42.867,-78.831,2023-09-01T14:00:00,23.8,0,,0,9.4,0.4,10,0.111111111,10,,,,,
14210,42.867,-78.831,2023-09-01T15:00:00,24.2,0,,0,9.4,10,355,2.777777778,5,,,,,
14210,42.867,-78.831,2023-09-01T16:00:00,24.8,0,,0,9.4,1.3,46,0.361111111,46,,,,,
14210,42.867,-78.831,2023-09-01T17:00:00,25.4,0,,0,9.4,0.3,354,0.083333333,6,,,,,
14210,42.867,-78.831,2023-09-01T18:00:00,25,0,,0,9.4,6.4,331,1.777777778,29,,,,,
14210,42.867,-78.831,2023-09-01T19:00:00,23.6,0,,0,7.6,9.6,14,2.666666667,14,,,,,
14210,42.867,-78.831,2023-09-01T20:00:00,20.5,0,,0,5.4,11.8,44,3.277777778,44,,,,,
14210,42.867,-78.831,2023-09-01T21:00:00,18.6,0,,0,5.4,7.2,40,2,40,,,,,
14210,42.867,-78.831,2023-09-01T22:00:00,18.1,0,,0,7.6,10.4,93,2.888888889,87,,,,,
14210,42.867,-78.831,2023-09-01T23:00:00,17.1,0,,0,7.6,11.6,106,3.222222222,74,,,,,
14210,42.867,-78.831,2023-09-02T00:00:00,16.7,0,,0,9.4,10.8,152,3,28,,,,,
14210,42.867,-78.831,2023-09-02T01:00:00,15.9,0,,0,9.4,4.5,234,1.25,54,,,,,
14210,42.867,-78.831,2023-09-02T02:00:00,15.4,0,,0,9.4,0.1,6,0.027777778,6,,,,,
14210,42.867,-78.831,2023-09-02T03:00:00,15.3,0,,0,11.2,4.6,139,1.277777778,41,,,,,
14210,42.867,-78.831,2023-09-02T04:00:00,14.5,0,,0,11.2,9.3,193,2.583333333,13,,,,,
14210,42.867,-78.831,2023-09-02T05:00:00,14.6,0,,0,13,11,174,3.055555556,6,,,,,
14210,42.867,-78.831,2023-09-02T06:00:00,14.7,0,,0,13,10.9,116,3.027777778,64,,,,,
14210,42.867,-78.831,2023-09-02T07:00:00,14.6,0,,0,14.8,11,188,3.055555556,8,,,,,
14210,42.867,-78.831,2023-09-02T08:00:00,16.1,0,,0,16.6,11.1,189,3.083333333,9,,,,,
14210,42.867,-78.831,2023-09-02T09:00:00,20.1,0,,0,20.5,12.5,231,3.472222222,51,,,,,
14210,42.867,-78.831,2023-09-02T10:00:00,21.9,0,,0,29.5,17.7,228,4.916666667,48,,,,,
14210,42.867,-78.831,2023-09-02T11:00:00,23,0,,0,29.5,26.8,218,7.444444444,38,,,,,
14210,42.867,-78.831,2023-09-02T12:00:00,23.9,0,,0,42.5,21.3,228,5.916666667,48,,,,,
14210,42.867,-78.831,2023-09-02T13:00:00,24.1,0,,0,40.3,27.1,222,7.527777778,42,,,,,
14210,42.867,-78.831,2023-09-02T14:00:00,24.6,0,,0,50.9,28,240,7.777777778,60,,,,,
14210,42.867,-78.831,2023-09-02T15:00:00,23.5,0,,0,42,30,226,8.333333333,46,,,,,
14210,42.867,-78.831,2023-09-02T16:00:00,22.8,0,,0,42.2,27.3,220,7.583333333,40,,,,,
14210,42.867,-78.831,2023-09-02T17:00:00,22.3,0,,0,49.2,21.3,223,5.916666667,43,,,,,
14210,42.867,-78.831,2023-09-02T18:00:00,22.8,0,,0,40.5,27,219,7.5,39,,,,,
14210,42.867,-78.831,2023-09-02T19:00:00,22.9,0,,0,42.4,25.4,224,7.055555556,44,,,,,
14210,42.867,-78.831,2023-09-02T20:00:00,22.8,0,,0,35.3,17.1,233,4.75,53,,,,,
14210,42.867,-78.831,2023-09-02T21:00:00,21.9,0,,0,27.7,13.9,238,3.861111111,58,,,,,
14210,42.867,-78.831,2023-09-02T22:00:00,20.5,0,,0,20.5,10.7,208,2.972222222,28,,,,,
14210,42.867,-78.831,2023-09-02T23:00:00,20.6,0,,0,14.8,9.9,209,2.75,29,,,,,
14210,42.867,-78.831,2023-09-03T00:00:00,20,0,,0,13,11.2,209,3.111111111,29,,,,,
14210,42.867,-78.831,2023-09-03T01:00:00,19.6,0,,0,14.8,13.1,202,3.638888889,22,,,,,
14210,42.867,-78.831,2023-09-03T02:00:00,20.2,0,,0,14.8,13.2,211,3.666666667,31,,,,,
14210,42.867,-78.831,2023-09-03T03:00:00,20.7,0,,0,20.5,13.4,220,3.722222222,40,,,,,
14210,42.867,-78.831,2023-09-03T04:00:00,21.6,0,,0,20.5,17.3,230,4.805555556,50,,,,,
14210,42.867,-78.831,2023-09-03T05:00:00,21.6,0,,0,18.4,14.3,229,3.972222222,49,,,,,
14210,42.867,-78.831,2023-09-03T06:00:00,21.6,0,,0,18.4,17.1,229,4.75,49,,,,,
14210,42.867,-78.831,2023-09-03T07:00:00,21.5,0,,0,18.4,15.6,229,4.333333333,49,,,,,
14210,42.867,-78.831,2023-09-03T08:00:00,22.2,0,,0,22.3,14.2,230,3.944444444,50,,,,,
14210,42.867,-78.831,2023-09-03T09:00:00,23.4,0,,0,33.5,16.3,239,4.527777778,59,,,,,
14210,42.867,-78.831,2023-09-03T10:00:00,24,0,,0,40.7,24,234,6.666666667,54,,,,,
14210,42.867,-78.831,2023-09-03T11:00:00,24.6,0,,0,42.5,22.9,229,6.361111111,49,,,,,
14210,42.867,-78.831,2023-09-03T12:00:00,25.3,0,,0,42.5,25.9,230,7.194444444,50,,,,,
14210,42.867,-78.831,2023-09-03T13:00:00,26.4,0,,0,44.6,29.9,244,8.305555556,64,,,,,
14210,42.867,-78.831,2023-09-03T14:00:00,26,0,,0,46.4,32,237,8.888888889,57,,,,,
14210,42.867,-78.831,2023-09-03T15:00:00,26.5,0,,0,45.7,27.8,226,7.722222222,46,,,,,
14210,42.867,-78.831,2023-09-03T16:00:00,26,0,,0,51.5,30.6,228,8.5,48,,,,,
14210,42.867,-78.831,2023-09-03T17:00:00,24.6,0,,0,49.6,25.2,228,7,48,,,,,
14210,42.867,-78.831,2023-09-03T18:00:00,24.5,0,,0,53,31.1,236,8.638888889,56,,,,,
14210,42.867,-78.831,2023-09-03T19:00:00,24.4,0,,0,53.9,23.9,230,6.638888889,50,,,,,
14210,42.867,-78.831,2023-09-03T20:00:00,24,0,,0,33.5,21.6,238,6,58,,,,,
14210,42.867,-78.831,2023-09-03T21:00:00,24,0,,0,35.3,21.3,238,5.916666667,58,,,,,
14210,42.867,-78.831,2023-09-03T22:00:00,24,0,,0,38.9,22,231,6.111111111,51,,,,,
14210,42.867,-78.831,2023-09-03T23:00:00,23.6,0,,0,31.7,20.6,229,5.722222222,49,,,,,
14210,42.867,-78.831,2023-09-04T00:00:00,23.8,0,,0,31.3,19.6,228,5.444444444,48,,,,,
14210,42.867,-78.831,2023-09-04T01:00:00,23.8,0,,0,37.1,20.9,228,5.805555556,48,,,,,
14210,42.867,-78.831,2023-09-04T02:00:00,23.8,0,,0,27.7,19.9,231,5.527777778,51,,,,,
14210,42.867,-78.831,2023-09-04T03:00:00,23.8,0,,0,24.1,20.4,223,5.666666667,43,,,,,
14210,42.867,-78.831,2023-09-04T04:00:00,23.4,0,,0,37.1,24.4,230,6.777777778,50,,,,,
14210,42.867,-78.831,2023-09-04T05:00:00,23.3,0,,0,25.9,21.1,232,5.861111111,52,,,,,
14210,42.867,-78.831,2023-09-04T06:00:00,22.8,0,,0,25.9,18.1,230,5.027777778,50,,,,,
14210,42.867,-78.831,2023-09-04T07:00:00,22.7,0,,0,25.9,20.3,231,5.638888889,51,,,,,
14210,42.867,-78.831,2023-09-04T08:00:00,23.3,0,,0,31.3,20.3,229,5.638888889,49,,,,,
14210,42.867,-78.831,2023-09-04T09:00:00,24,0,,0,40.7,21.1,232,5.861111111,52,,,,,
14210,42.867,-78.831,2023-09-04T10:00:00,25.2,0,,0,31.3,20.9,232,5.805555556,52,,,,,
14210,42.867,-78.831,2023-09-04T11:00:00,25.4,0,,0,40.7,26.9,226,7.472222222,46,,,,,
14210,42.867,-78.831,2023-09-04T12:00:00,26.1,0,,0,40.7,24.9,225,6.916666667,45,,,,,
14210,42.867,-78.831,2023-09-04T13:00:00,26.7,0,,0,42.5,27.4,232,7.611111111,52,,,,,
14210,42.867,-78.831,2023-09-04T14:00:00,27.5,0,,0,38.9,26,217,7.222222222,37,,,,,
14210,42.867,-78.831,2023-09-04T15:00:00,27.5,0,,0,42.5,26.9,228,7.472222222,48,,,,,
14210,42.867,-78.831,2023-09-04T16:00:00,27.6,0,,0,49.9,29.8,229,8.277777778,49,,,,,
14210,42.867,-78.831,2023-09-04T17:00:00,27.1,0,,0,46.1,28.5,227,7.916666667,47,,,,,
14210,42.867,-78.831,2023-09-04T18:00:00,26.5,0,,0,42.5,22.9,227,6.361111111,47,,,,,
14210,42.867,-78.831,2023-09-04T19:00:00,25.3,0,,0,37.1,23,227,6.388888889,47,,,,,
14210,42.867,-78.831,2023-09-04T20:00:00,24.1,0,,0,27.7,17.8,228,4.944444444,48,,,,,
14210,42.867,-78.831,2023-09-04T21:00:00,23.5,0,,0,24.1,17.5,222,4.861111111,42,,,,,
14210,42.867,-78.831,2023-09-04T22:00:00,23,0,,0,24.1,13.2,220,3.666666667,40,,,,,
14210,42.867,-78.831,2023-09-04T23:00:00,22.8,0,,0,24.1,12.3,222,3.416666667,42,,,,,
14210,42.867,-78.831,2023-09-05T00:00:00,22.8,0,,0,20.5,15.3,220,4.25,40,,,,,
14210,42.867,-78.831,2023-09-05T01:00:00,22.7,0,,0,16.6,13.3,218,3.694444444,38,,,,,
14210,42.867,-78.831,2023-09-05T02:00:00,22.8,0,,0,9.4,12.4,218,3.444444444,38,,,,,
14210,42.867,-78.831,2023-09-05T03:00:00,22.2,0,,0,9.4,13.9,220,3.861111111,40,,,,,
14210,42.867,-78.831,2023-09-05T04:00:00,21.7,0,,0,9.4,9.1,221,2.527777778,41,,,,,
14210,42.867,-78.831,2023-09-05T05:00:00,20.7,0,,0,9.4,8.9,193,2.472222222,13,,,,,
14210,42.867,-78.831,2023-09-05T06:00:00,20.7,0,,0,9.4,8.8,207,2.444444444,27,,,,,
14210,42.867,-78.831,2023-09-05T07:00:00,20.7,0,,0,9.4,9.1,200,2.527777778,20,,,,,
14210,42.867,-78.831,2023-09-05T08:00:00,22.3,0,,0,9.4,10.9,199,3.027777778,19,,,,,
14210,42.867,-78.831,2023-09-05T09:00:00,24.3,0,,0,11.2,10.9,218,3.027777778,38,,,,,
14210,42.867,-78.831,2023-09-05T10:00:00,26.2,0,,0,13,11.2,220,3.111111111,40,,,,,
14210,42.867,-78.831,2023-09-05T11:00:00,27.3,0,,0,24.1,17.1,218,4.75,38,,,,,
14210,42.867,-78.831,2023-09-05T12:00:00,27.9,0,,0,25.9,15.9,229,4.416666667,49,,,,,
14210,42.867,-78.831,2023-09-05T13:00:00,28.5,0,,0,27.7,15.9,243,4.416666667,63,,,,,
14210,42.867,-78.831,2023-09-05T14:00:00,29.5,0,,0,29.5,17.6,229,4.888888889,49,,,,,
14210,42.867,-78.831,2023-09-05T15:00:00,29.5,0,,0,29.5,17.5,217,4.861111111,37,,,,,
14210,42.867,-78.831,2023-09-05T16:00:00,30,0,,0,29.5,19.7,241,5.472222222,61,,,,,
14210,42.867,-78.831,2023-09-05T17:00:00,29.4,0,,0,27.7,19.6,232,5.444444444,52,,,,,
14210,42.867,-78.831,2023-09-05T18:00:00,28.9,0,,0,22.3,14.9,235,4.138888889,55,,,,,
14210,42.867,-78.831,2023-09-05T19:00:00,27.9,0,,0,9.4,14.4,226,4,46,,,,,
14210,42.867,-78.831,2023-09-05T20:00:00,25.8,0,,0,7.6,13.7,209,3.805555556,29,,,,,
14210,42.867,-78.831,2023-09-05T21:00:00,24.5,0,,0,7.6,9.1,215,2.527777778,35,,,,,
14210,42.867,-78.831,2023-09-05T22:00:00,23.5,0,,0,7.6,10.4,206,2.888888889,26,,,,,
14210,42.867,-78.831,2023-09-05T23:00:00,23.4,0,,0,7.6,9,190,2.5,10,,,,,
14210,42.867,-78.831,2023-09-06T00:00:00,22.9,0,,0,9.4,9,190,2.5,10,,,,,
14210,42.867,-78.831,2023-09-06T01:00:00,22.4,0,,0,9.4,7.9,141,2.194444444,39,,,,,
14210,42.867,-78.831,2023-09-06T02:00:00,21.8,0,,0,9.4,6.5,167,1.805555556,13,,,,,
14210,42.867,-78.831,2023-09-06T03:00:00,21.3,0,,0,9.4,7.9,155,2.194444444,25,,,,,
14210,42.867,-78.831,2023-09-06T04:00:00,21.3,0,,0,7.6,6.3,139,1.75,41,,,,,
14210,42.867,-78.831,2023-09-06T05:00:00,20.8,0,,0,7.6,6.3,195,1.75,15,,,,,
14210,42.867,-78.831,2023-09-06T06:00:00,20.7,0,,0,7.6,9.2,152,2.555555556,28,,,,,
14210,42.867,-78.831,2023-09-06T07:00:00,20.8,0,,0,7.6,9.3,154,2.583333333,26,,,,,
14210,42.867,-78.831,2023-09-06T08:00:00,22.4,0,,0,7.6,8.6,178,2.388888889,2,,,,,
14210,42.867,-78.831,2023-09-06T09:00:00,25.1,0,,0,11.2,10.9,191,3.027777778,11,,,,,
14210,42.867,-78.831,2023-09-06T10:00:00,27.8,0,,0,14.8,12.7,209,3.527777778,29,,,,,
14210,42.867,-78.831,2023-09-06T11:00:00,28.8,0,,0,18.4,19.8,246,5.5,66,,,,,
14210,42.867,-78.831,2023-09-06T12:00:00,29.3,0,,0,20.5,19.8,227,5.5,47,,,,,
14210,42.867,-78.831,2023-09-06T13:00:00,30,0,,0,20.5,16.9,225,4.694444444,45,,,,,
14210,42.867,-78.831,2023-09-06T14:00:00,30.7,0,,0,31.3,16.8,224,4.666666667,44,,,,,
14210,42.867,-78.831,2023-09-06T15:00:00,31.6,0,,0,33.5,16.3,218,4.527777778,38,,,,,
14210,42.867,-78.831,2023-09-06T16:00:00,31.6,0,,0,33.5,17.6,221,4.888888889,41,,,,,
14210,42.867,-78.831,2023-09-06T17:00:00,31.6,0,,0,33.5,17.1,228,4.75,48,,,,,
14210,42.867,-78.831,2023-09-06T18:00:00,30.9,0,,0,36.8,16.7,245,4.638888889,65,,,,,
14210,42.867,-78.831,2023-09-06T19:00:00,26.2,0,,0,43.3,21.4,232,5.944444444,52,,,,,
14210,42.867,-78.831,2023-09-06T20:00:00,24,0,,0,16.6,14.3,220,3.972222222,40,,,,,
14210,42.867,-78.831,2023-09-06T21:00:00,23.4,0,,0,16.6,9.5,199,2.638888889,19,,,,,
14210,42.867,-78.831,2023-09-06T22:00:00,23.4,0,,0,16.6,11.8,194,3.277777778,14,,,,,
14210,42.867,-78.831,2023-09-06T23:00:00,23.3,0.661,rain,0,11.2,1.7,324,0.472222222,36,,,,,
14210,42.867,-78.831,2023-09-07T00:00:00,22,11.29,rain,0,14.8,8.8,239,2.444444444,59,,,,,
14210,42.867,-78.831,2023-09-07T01:00:00,21.8,5.594,rain,0,13,11.4,214,3.166666667,34,,,,,
14210,42.867,-78.831,2023-09-07T02:00:00,21.9,1.56,rain,0,11.2,9.6,200,2.666666667,20,,,,,
14210,42.867,-78.831,2023-09-07T03:00:00,21.8,1.501,rain,0,35.3,14.1,213,3.916666667,33,,,,,
14210,42.867,-78.831,2023-09-07T04:00:00,21.3,10.161,rain,0,11.2,11.8,187,3.277777778,7,,,,,
14210,42.867,-78.831,2023-09-07T05:00:00,21.3,4.988,rain,0,11.2,1.5,337,0.416666667,23,,,,,
14210,42.867,-78.831,2023-09-07T06:00:00,21.2,1.31,rain,0,55.4,17.3,189,4.805555556,9,,,,,
14210,42.867,-78.831,2023-09-07T07:00:00,20.8,4.309,rain,0,29.5,17.1,153,4.75,27,,,,,
14210,42.867,-78.831,2023-09-07T08:00:00,20.8,0,,0,11.2,14.7,173,4.083333333,7,,,,,
14210,42.867,-78.831,2023-09-07T09:00:00,22.1,0,,0,14.8,21.3,170,5.916666667,10,,,,,
14210,42.867,-78.831,2023-09-07T10:00:00,23.8,0,,0,18.4,16.5,190,4.583333333,10,,,,,
14210,42.867,-78.831,2023-09-07T11:00:00,24.5,0,,0,20.5,15.2,220,4.222222222,40,,,,,
14210,42.867,-78.831,2023-09-07T12:00:00,25.2,0,,0,33.5,16.4,221,4.555555556,41,,,,,
14210,42.867,-78.831,2023-09-07T13:00:00,25.9,0,,0,33.5,22.6,238,6.277777778,58,,,,,
14210,42.867,-78.831,2023-09-07T14:00:00,26.3,0,,0,31.3,17.4,247,4.833333333,67,,,,,
14210,42.867,-78.831,2023-09-07T15:00:00,26.8,0,,0,27.7,14.4,229,4,49,,,,,
14210,42.867,-78.831,2023-09-07T16:00:00,26.9,0,,0,25.9,17.8,226,4.944444444,46,,,,,
14210,42.867,-78.831,2023-09-07T17:00:00,25.4,0,,0,24.1,21.2,218,5.888888889,38,,,,,
14210,42.867,-78.831,2023-09-07T18:00:00,24.8,0,,0,22.3,17.2,211,4.777777778,31,,,,,
14210,42.867,-78.831,2023-09-07T19:00:00,23.6,0,,0,18.4,17.9,215,4.972222222,35,,,,,
14210,42.867,-78.831,2023-09-07T20:00:00,23,0,,0,33.5,22.1,218,6.138888889,38,,,,,
14210,42.867,-78.831,2023-09-07T21:00:00,22.8,0,,0,16.6,19.1,227,5.305555556,47,,,,,
14210,42.867,-78.831,2023-09-07T22:00:00,22.2,0,,0,35.3,19.3,220,5.361111111,40,,,,,
14210,42.867,-78.831,2023-09-07T23:00:00,22.1,0,,0,27.7,18,236,5,56,,,,,
14210,42.867,-78.831,2023-09-08T00:00:00,22,0,,0,31.3,11.8,231,3.277777778,51,,,,,
14210,42.867,-78.831,2023-09-08T01:00:00,21.1,0.259,rain,0,13,16.3,305,4.527777778,55,,,,,
14210,42.867,-78.831,2023-09-08T02:00:00,19.9,0,,0,9.4,13.7,328,3.805555556,32,,,,,
14210,42.867,-78.831,2023-09-08T03:00:00,19.3,0,,0,14.8,13.2,312,3.666666667,48,,,,,
14210,42.867,-78.831,2023-09-08T04:00:00,18.8,0,,0,14.8,14.9,320,4.138888889,40,,,,,
14210,42.867,-78.831,2023-09-08T05:00:00,18.4,0,,0,13,12.3,293,3.416666667,67,,,,,
14210,42.867,-78.831,2023-09-08T06:00:00,17.9,0,,0,35.3,12.6,312,3.5,48,,,,,
14210,42.867,-78.831,2023-09-08T07:00:00,17.8,0,,0,33.5,13.5,319,3.75,41,,,,,
14210,42.867,-78.831,2023-09-08T08:00:00,17.8,0,,0,9.4,11.7,320,3.25,40,,,,,
14210,42.867,-78.831,2023-09-08T09:00:00,17.8,0,,0,9.4,8.4,327,2.333333333,33,,,,,
14210,42.867,-78.831,2023-09-08T10:00:00,17.9,0,,0,9.4,9.7,310,2.694444444,50,,,,,
14210,42.867,-78.831,2023-09-08T11:00:00,18.8,0,,0,9.4,2.7,344,0.75,16,,,,,
14210,42.867,-78.831,2023-09-08T12:00:00,19.3,0,,0,13,6.3,324,1.75,36,,,,,
14210,42.867,-78.831,2023-09-08T13:00:00,20.1,0,,0,14.8,6.6,311,1.833333333,49,,,,,
14210,42.867,-78.831,2023-09-08T14:00:00,20.5,0,,0,16.6,10,254,2.777777778,74,,,,,
14210,42.867,-78.831,2023-09-08T15:00:00,20.9,0,,0,18.4,12.6,303,3.5,57,,,,,
14210,42.867,-78.831,2023-09-08T16:00:00,20.6,0,,0,18.4,11.2,302,3.111111111,58,,,,,
14210,42.867,-78.831,2023-09-08T17:00:00,20,0,,0,18.4,14.3,302,3.972222222,58,,,,,
14210,42.867,-78.831,2023-09-08T18:00:00,20,0,,0,16.6,12.2,321,3.388888889,39,,,,,
14210,42.867,-78.831,2023-09-08T19:00:00,18.9,0,,0,16.6,11.9,350,3.305555556,10,,,,,
14210,42.867,-78.831,2023-09-08T20:00:00,18.4,0,,0,14.8,8.9,345,2.472222222,15,,,,,
14210,42.867,-78.831,2023-09-08T21:00:00,18.4,0,,0,13,8.9,21,2.472222222,21,,,,,
14210,42.867,-78.831,2023-09-08T22:00:00,18.4,0,,0,11.2,9.2,21,2.555555556,21,,,,,
14210,42.867,-78.831,2023-09-08T23:00:00,17.8,0,,0,9.4,8.1,27,2.25,27,,,,,
14210,42.867,-78.831,2023-09-09T00:00:00,17.3,0,,0,7.6,10.8,37,3,37,,,,,
14210,42.867,-78.831,2023-09-09T01:00:00,17.3,0,,0,7.6,9.7,27,2.694444444,27,,,,,
14210,42.867,-78.831,2023-09-09T02:00:00,17.3,0,,0,7.6,6.5,36,1.805555556,36,,,,,
14210,42.867,-78.831,2023-09-09T03:00:00,17.3,0,,0,9.4,6.6,63,1.833333333,63,,,,,
14210,42.867,-78.831,2023-09-09T04:00:00,17.3,0,,0,9.4,4.9,71,1.361111111,71,,,,,
14210,42.867,-78.831,2023-09-09T05:00:00,17.3,0,,0,9.4,8.2,62,2.277777778,62,,,,,
14210,42.867,-78.831,2023-09-09T06:00:00,17.3,0,,0,9.4,6.8,45,1.888888889,45,,,,,
14210,42.867,-78.831,2023-09-09T07:00:00,17.3,0,,0,9.4,5.5,47,1.527777778,47,,,,,
14210,42.867,-78.831,2023-09-09T08:00:00,17.4,0,,0,11.2,9.5,73,2.638888889,73,,,,,
14210,42.867,-78.831,2023-09-09T09:00:00,18.1,0.004,rain,0,9.4,9.5,86,2.638888889,86,,,,,
14210,42.867,-78.831,2023-09-09T10:00:00,19.4,0.004,rain,0,33.5,11.5,66,3.194444444,66,,,,,
14210,42.867,-78.831,2023-09-09T11:00:00,19.9,0,,0,20.5,13.4,85,3.722222222,85,,,,,
14210,42.867,-78.831,2023-09-09T12:00:00,20,0,,0,22.3,14.7,78,4.083333333,78,,,,,
14210,42.867,-78.831,2023-09-09T13:00:00,20.1,0,,0,31.3,15.2,102,4.222222222,78,,,,,
14210,42.867,-78.831,2023-09-09T14:00:00,19.5,0,,0,22.3,11.7,87,3.25,87,,,,,
14210,42.867,-78.831,2023-09-09T15:00:00,19.5,0,,0,20.5,13.2,52,3.666666667,52,,,,,
14210,42.867,-78.831,2023-09-09T16:00:00,19.3,0,,0,33.5,14.2,73,3.944444444,73,,,,,
14210,42.867,-78.831,2023-09-09T17:00:00,18.9,0,,0,24.1,13.1,51,3.638888889,51,,,,,
14210,42.867,-78.831,2023-09-09T18:00:00,19.2,0,,0,22.3,11,39,3.055555556,39,,,,,
14210,42.867,-78.831,2023-09-09T19:00:00,18.8,0,,0,22.3,12.9,33,3.583333333,33,,,,,
14210,42.867,-78.831,2023-09-09T20:00:00,18.3,0,,0,20.5,12.8,34,3.555555556,34,,,,,
14210,42.867,-78.831,2023-09-09T21:00:00,17.4,0,,0,18.4,15.7,44,4.361111111,44,,,,,
14210,42.867,-78.831,2023-09-09T22:00:00,17.4,0,,0,18.4,12.1,62,3.361111111,62,,,,,
14210,42.867,-78.831,2023-09-09T23:00:00,17.4,0,,0,16.6,8.7,57,2.416666667,57,,,,,
14210,42.867,-78.831,2023-09-10T00:00:00,17.4,0,,0,14.8,4.8,39,1.333333333,39,,,,,
14210,42.867,-78.831,2023-09-10T01:00:00,17.9,0,,0,14.8,4.7,55,1.305555556,55,,,,,
14210,42.867,-78.831,2023-09-10T02:00:00,17.4,0,,0,14.8,9.1,22,2.527777778,22,,,,,
14210,42.867,-78.831,2023-09-10T03:00:00,17.3,0,,0,13,9,57,2.5,57,,,,,
14210,42.867,-78.831,2023-09-10T04:00:00,16.8,0,,0,13,4.6,1,1.277777778,1,,,,,
14210,42.867,-78.831,2023-09-10T05:00:00,17.2,0,,0,13,1.2,8,0.333333333,8,,,,,
14210,42.867,-78.831,2023-09-10T06:00:00,17.3,0,,0,13,6.4,93,1.777777778,87,,,,,
14210,42.867,-78.831,2023-09-10T07:00:00,17.4,0,,0,13,4.7,65,1.305555556,65,,,,,
14210,42.867,-78.831,2023-09-10T08:00:00,17.9,0,,0,13,5.3,100,1.472222222,80,,,,,
14210,42.867,-78.831,2023-09-10T09:00:00,18.4,0,,0,14.8,4.6,49,1.277777778,49,,,,,
14210,42.867,-78.831,2023-09-10T10:00:00,19,0,,0,14.8,4.7,342,1.305555556,18,,,,,
14210,42.867,-78.831,2023-09-10T11:00:00,20.1,0,,0,16.6,6.3,37,1.75,37,,,,,
14210,42.867,-78.831,2023-09-10T12:00:00,21.7,0,,0,16.6,7.2,47,2,47,,,,,
14210,42.867,-78.831,2023-09-10T13:00:00,22.2,0,,0,16.6,5.5,343,1.527777778,17,,,,,
14210,42.867,-78.831,2023-09-10T14:00:00,23.4,0,,0,14.8,6.2,48,1.722222222,48,,,,,
14210,42.867,-78.831,2023-09-10T15:00:00,24.2,0,,0,14.8,6.2,321,1.722222222,39,,,,,
14210,42.867,-78.831,2023-09-10T16:00:00,24,0,,0,16.6,8.6,11,2.388888889,11,,,,,
14210,42.867,-78.831,2023-09-10T17:00:00,23.2,0,,0,18.4,12.9,20,3.583333333,20,,,,,
14210,42.867,-78.831,2023-09-10T18:00:00,22.1,0,,0,16.6,13.9,23,3.861111111,23,,,,,
14210,42.867,-78.831,2023-09-10T19:00:00,21.6,0,,0,14.8,10.7,27,2.972222222,27,,,,,
14210,42.867,-78.831,2023-09-10T20:00:00,20.6,0,,0,13,7.8,28,2.166666667,28,,,,,
14210,42.867,-78.831,2023-09-10T21:00:00,20.4,0,,0,11.2,7.1,23,1.972222222,23,,,,,
14210,42.867,-78.831,2023-09-10T22:00:00,19.1,0,,0,9.4,9.4,352,2.611111111,8,,,,,
14210,42.867,-78.831,2023-09-10T23:00:00,18.5,0,,0,7.6,7.1,39,1.972222222,39,,,,,
14210,42.867,-78.831,2023-09-11T00:00:00,17.7,0,,0,11.2,6,19,1.666666667,19,,,,,
14210,42.867,-78.831,2023-09-11T01:00:00,17.1,0,,0,7.6,1,360,0.277777778,0,,,,,
14210,42.867,-78.831,2023-09-11T02:00:00,16.1,0,,0,5.4,6.3,343,1.75,17,,,,,
14210,42.867,-78.831,2023-09-11T03:00:00,16,0,,0,9.4,0.1,12,0.027777778,12,,,,,
14210,42.867,-78.831,2023-09-11T04:00:00,15.9,0,,0,7.6,5.6,16,1.555555556,16,,,,,
14210,42.867,-78.831,2023-09-11T05:00:00,16.4,0,,0,7.6,7.9,48,2.194444444,48,,,,,
14210,42.867,-78.831,2023-09-11T06:00:00,15.8,0,,0,9.4,4.6,47,1.277777778,47,,,,,
14210,42.867,-78.831,2023-09-11T07:00:00,14.8,0,,0,9.4,6.4,351,1.777777778,9,,,,,
14210,42.867,-78.831,2023-09-11T08:00:00,16.6,0,,0,9.4,6.4,58,1.777777778,58,,,,,
14210,42.867,-78.831,2023-09-11T09:00:00,19,0,,0,9.4,7.8,63,2.166666667,63,,,,,
14210,42.867,-78.831,2023-09-11T10:00:00,20.8,0,,0,11.2,12.3,30,3.416666667,30,,,,,
14210,42.867,-78.831,2023-09-11T11:00:00,21.9,0,,0,11.2,9.3,41,2.583333333,41,,,,,
14210,42.867,-78.831,2023-09-11T12:00:00,23,0,,0,9.4,10.6,1,2.944444444,1,,,,,
14210,42.867,-78.831,2023-09-11T13:00:00,23.4,0,,0,9.4,9.7,22,2.694444444,22,,,,,
14210,42.867,-78.831,2023-09-11T14:00:00,23.4,0,,0,9.4,14.1,61,3.916666667,61,,,,,
14210,42.867,-78.831,2023-09-11T15:00:00,23.7,0,,0,9.4,8.5,31,2.361111111,31,,,,,
14210,42.867,-78.831,2023-09-11T16:00:00,23.8,0,,0,9.4,5.9,353,1.638888889,7,,,,,
14210,42.867,-78.831,2023-09-11T17:00:00,23.8,0,,0,11.2,13.3,33,3.694444444,33,,,,,
14210,42.867,-78.831,2023-09-11T18:00:00,22.9,0,,0,9.4,10.8,43,3,43,,,,,
14210,42.867,-78.831,2023-09-11T19:00:00,22.3,0,,0,9.4,10.7,54,2.972222222,54,,,,,
14210,42.867,-78.831,2023-09-11T20:00:00,20.7,0,,0,9.4,8,60,2.222222222,60,,,,,
14210,42.867,-78.831,2023-09-11T21:00:00,19.3,0,,0,9.4,7.1,82,1.972222222,82,,,,,
14210,42.867,-78.831,2023-09-11T22:00:00,18.7,0,,0,7.6,9.3,108,2.583333333,72,,,,,
14210,42.867,-78.831,2023-09-11T23:00:00,18.3,0,,0,7.6,4.6,130,1.277777778,50,,,,,
14210,42.867,-78.831,2023-09-12T00:00:00,17.1,0,,0,9.4,0.9,21,0.25,21,,,,,
14210,42.867,-78.831,2023-09-12T01:00:00,16.6,0,,0,9.4,9.3,118,2.583333333,62,,,,,
14210,42.867,-78.831,2023-09-12T02:00:00,16.2,0,,0,7.6,7.8,193,2.166666667,13,,,,,
14210,42.867,-78.831,2023-09-12T03:00:00,16.2,0,,0,9.4,8,145,2.222222222,35,,,,,
14210,42.867,-78.831,2023-09-12T04:00:00,15.7,0,,0,11.2,7.1,156,1.972222222,24,,,,,
14210,42.867,-78.831,2023-09-12T05:00:00,15.2,0,,0,13,6.4,156,1.777777778,24,,,,,
14210,42.867,-78.831,2023-09-12T06:00:00,15.9,0,,0,13,4.6,130,1.277777778,50,,,,,
14210,42.867,-78.831,2023-09-12T07:00:00,15.9,0,,0,16.6,4.9,140,1.361111111,40,,,,,
14210,42.867,-78.831,2023-09-12T08:00:00,16.9,0,,0,20.5,7.3,137,2.027777778,43,,,,,
14210,42.867,-78.831,2023-09-12T09:00:00,18.1,0,,0,25.9,8.5,180,2.361111111,0,,,,,
14210,42.867,-78.831,2023-09-12T10:00:00,19.6,0,,0,33.5,14.4,190,4,10,,,,,
14210,42.867,-78.831,2023-09-12T11:00:00,20.9,0,,0,40.7,19.3,201,5.361111111,21,,,,,
14210,42.867,-78.831,2023-09-12T12:00:00,21.9,0.023,rain,0,36.7,20.3,211,5.638888889,31,,,,,
14210,42.867,-78.831,2023-09-12T13:00:00,22.5,0.276,rain,0,44.6,29,219,8.055555556,39,,,,,
14210,42.867,-78.831,2023-09-12T14:00:00,22.6,0.04,rain,0,46.4,26,217,7.222222222,37,,,,,
14210,42.867,-78.831,2023-09-12T15:00:00,22,0.004,rain,0,51.6,29,220,8.055555556,40,,,,,
14210,42.867,-78.831,2023-09-12T16:00:00,19.5,1.342,rain,0,49.9,28.8,238,8,58,,,,,
14210,42.867,-78.831,2023-09-12T17:00:00,20.2,5.241,rain,0,51.8,18.5,228,5.138888889,48,,,,,
14210,42.867,-78.831,2023-09-12T18:00:00,20.2,0,,0,35.3,16.3,229,4.527777778,49,,,,,
14210,42.867,-78.831,2023-09-12T19:00:00,19.5,0,,0,35.3,17.3,222,4.805555556,42,,,,,
14210,42.867,-78.831,2023-09-12T20:00:00,18.6,0.412,rain,0,33.5,15.4,205,4.277777778,25,,,,,
14210,42.867,-78.831,2023-09-12T21:00:00,18.4,2.06,rain,0,29.5,10.9,205,3.027777778,25,,,,,
14210,42.867,-78.831,2023-09-12T22:00:00,18.4,1.071,rain,0,24.1,11.1,197,3.083333333,17,,,,,
14210,42.867,-78.831,2023-09-12T23:00:00,17.7,0,,0,18.4,9.7,204,2.694444444,24,,,,,
14210,42.867,-78.831,2023-09-13T00:00:00,17.6,0.412,rain,0,31.3,8.4,207,2.333333333,27,,,,,
14210,42.867,-78.831,2023-09-13T01:00:00,16.7,0,,0,31.3,6.8,267,1.888888889,87,,,,,
14210,42.867,-78.831,2023-09-13T02:00:00,16.2,0,,0,13,10.3,301,2.861111111,59,,,,,
14210,42.867,-78.831,2023-09-13T03:00:00,15.7,0,,0,18.4,8.4,316,2.333333333,44,,,,,
14210,42.867,-78.831,2023-09-13T04:00:00,15.4,0,,0,31.3,7.6,296,2.111111111,64,,,,,
14210,42.867,-78.831,2023-09-13T05:00:00,15.3,0,,0,24.1,7.5,292,2.083333333,68,,,,,
14210,42.867,-78.831,2023-09-13T06:00:00,14.7,0,,0,14.8,11.1,289,3.083333333,71,,,,,
14210,42.867,-78.831,2023-09-13T07:00:00,14.6,0,,0,31.3,8.2,269,2.277777778,89,,,,,
14210,42.867,-78.831,2023-09-13T08:00:00,14.9,0,,0,20.5,8.1,261,2.25,81,,,,,
14210,42.867,-78.831,2023-09-13T09:00:00,15.7,0,,0,37.1,13.6,271,3.777777778,89,,,,,
14210,42.867,-78.831,2023-09-13T10:00:00,16.6,0,,0,37.1,17.9,292,4.972222222,68,,,,,
14210,42.867,-78.831,2023-09-13T11:00:00,16.3,0,,0,25.9,18.2,273,5.055555556,87,,,,,
14210,42.867,-78.831,2023-09-13T12:00:00,17.2,0,,0,25.9,19.1,272,5.305555556,88,,,,,
14210,42.867,-78.831,2023-09-13T13:00:00,17.9,0,,0,33.5,15.4,264,4.277777778,84,,,,,
14210,42.867,-78.831,2023-09-13T14:00:00,18.4,0,,0,29.5,22.3,254,6.194444444,74,,,,,
14210,42.867,-78.831,2023-09-13T15:00:00,18.5,0,,0,35.3,21.6,255,6,75,,,,,
14210,42.867,-78.831,2023-09-13T16:00:00,18.4,0,,0,31.3,17.6,272,4.888888889,88,,,,,
14210,42.867,-78.831,2023-09-13T17:00:00,19,0,,0,27.7,19.2,275,5.333333333,85,,,,,
14210,42.867,-78.831,2023-09-13T18:00:00,18.5,0,,0,37.1,15.3,283,4.25,77,,,,,
14210,42.867,-78.831,2023-09-13T19:00:00,17.9,0,,0,35.3,12,290,3.333333333,70,,,,,
14210,42.867,-78.831,2023-09-13T20:00:00,16.3,0,,0,18.4,9.6,289,2.666666667,71,,,,,
14210,42.867,-78.831,2023-09-13T21:00:00,15.3,0,,0,35.3,9.8,289,2.722222222,71,,,,,
14210,42.867,-78.831,2023-09-13T22:00:00,14.2,0,,0,37.1,10,300,2.777777778,60,,,,,
14210,42.867,-78.831,2023-09-13T23:00:00,14.2,0,,0,18.4,9,284,2.5,76,,,,,
14210,42.867,-78.831,2023-09-14T00:00:00,13.3,0,,0,35.3,8.5,284,2.361111111,76,,,,,
14210,42.867,-78.831,2023-09-14T01:00:00,12.7,0,,0,35.3,1.9,341,0.527777778,19,,,,,
14210,42.867,-78.831,2023-09-14T02:00:00,11.6,0,,0,13,8.6,246,2.388888889,66,,,,,
14210,42.867,-78.831,2023-09-14T03:00:00,10.6,0,,0,31.3,6.6,237,1.833333333,57,,,,,
14210,42.867,-78.831,2023-09-14T04:00:00,10.7,0,,0,31.3,7.9,245,2.194444444,65,,,,,
14210,42.867,-78.831,2023-09-14T05:00:00,10.5,0,,0,11.2,9.6,252,2.666666667,72,,,,,
14210,42.867,-78.831,2023-09-14T06:00:00,9.9,0,,0,31.3,8,260,2.222222222,80,,,,,
14210,42.867,-78.831,2023-09-14T07:00:00,10.8,0,,0,11.2,13,296,3.611111111,64,,,,,
14210,42.867,-78.831,2023-09-14T08:00:00,12.1,0,,0,11.2,10.4,299,2.888888889,61,,,,,
14210,42.867,-78.831,2023-09-14T09:00:00,14.4,0,,0,13,16.1,311,4.472222222,49,,,,,
14210,42.867,-78.831,2023-09-14T10:00:00,14.2,0,,0,31.7,16.3,343,4.527777778,17,,,,,
14210,42.867,-78.831,2023-09-14T11:00:00,16.6,0,,0,22.3,15.5,340,4.305555556,20,,,,,
14210,42.867,-78.831,2023-09-14T12:00:00,16.8,0,,0,22.3,12.5,309,3.472222222,51,,,,,
14210,42.867,-78.831,2023-09-14T13:00:00,18,0,,0,24.1,9.4,335,2.611111111,25,,,,,
14210,42.867,-78.831,2023-09-14T14:00:00,18.4,0,,0,25.9,16,337,4.444444444,23,,,,,
14210,42.867,-78.831,2023-09-14T15:00:00,18.9,0,,0,25.9,12.7,336,3.527777778,24,,,,,
14210,42.867,-78.831,2023-09-14T16:00:00,19.4,0,,0,27.7,12.4,339,3.444444444,21,,,,,
14210,42.867,-78.831,2023-09-14T17:00:00,19.3,0,,0,25.9,15.2,329,4.222222222,31,,,,,
14210,42.867,-78.831,2023-09-14T18:00:00,18.5,0,,0,20.5,10.6,330,2.944444444,30,,,,,
14210,42.867,-78.831,2023-09-14T19:00:00,17.3,0,,0,16.6,6.4,344,1.777777778,16,,,,,
14210,42.867,-78.831,2023-09-14T20:00:00,15.7,0,,0,13,5.7,225,1.583333333,45,,,,,
14210,42.867,-78.831,2023-09-14T21:00:00,15.5,0,,0,7.6,0.9,319,0.25,41,,,,,
14210,42.867,-78.831,2023-09-14T22:00:00,14.3,0,,0,5.4,4.5,336,1.25,24,,,,,
14210,42.867,-78.831,2023-09-14T23:00:00,13.2,0,,0,5.4,6.4,133,1.777777778,47,,,,,
14210,42.867,-78.831,2023-09-15T00:00:00,11.6,0,,0,5.4,4.7,137,1.305555556,43,,,,,
14210,42.867,-78.831,2023-09-15T01:00:00,11.1,0,,0,5.4,4.7,124,1.305555556,56,,,,,
14210,42.867,-78.831,2023-09-15T02:00:00,10.1,0,,0,5.4,5.4,146,1.5,34,,,,,
14210,42.867,-78.831,2023-09-15T03:00:00,10,0,,0,5.4,9,126,2.5,54,,,,,
14210,42.867,-78.831,2023-09-15T04:00:00,9.5,0,,0,5.4,6.5,131,1.805555556,49,,,,,
14210,42.867,-78.831,2023-09-15T05:00:00,9.4,0,,0,5.4,0.2,359,0.055555556,1,,,,,
14210,42.867,-78.831,2023-09-15T06:00:00,8.8,0,,0,5.4,7.1,95,1.972222222,85,,,,,
14210,42.867,-78.831,2023-09-15T07:00:00,8.4,0,,0,5.4,6.5,98,1.805555556,82,,,,,
14210,42.867,-78.831,2023-09-15T08:00:00,9.5,0,,0,5.4,0.1,5,0.027777778,5,,,,,
14210,42.867,-78.831,2023-09-15T09:00:00,13,0,,0,5.4,0.2,8,0.055555556,8,,,,,
14210,42.867,-78.831,2023-09-15T10:00:00,16.3,0,,0,9.4,4.8,75,1.333333333,75,,,,,
14210,42.867,-78.831,2023-09-15T11:00:00,18,0,,0,11.2,1.3,8,0.361111111,8,,,,,
14210,42.867,-78.831,2023-09-15T12:00:00,18.8,0,,0,11.2,10.8,55,3,55,,,,,
14210,42.867,-78.831,2023-09-15T13:00:00,20,0,,0,11.2,9.5,58,2.638888889,58,,,,,
14210,42.867,-78.831,2023-09-15T14:00:00,19.6,0,,0,9.4,8.7,99,2.416666667,81,,,,,
14210,42.867,-78.831,2023-09-15T15:00:00,20.6,0,,0,11.2,8.3,357,2.305555556,3,,,,,
14210,42.867,-78.831,2023-09-15T16:00:00,20.6,0,,0,11.2,6.7,2,1.861111111,2,,,,,
14210,42.867,-78.831,2023-09-15T17:00:00,21,0,,0,11.2,8.3,24,2.305555556,24,,,,,
14210,42.867,-78.831,2023-09-15T18:00:00,19.4,0,,0,11.2,20.3,353,5.638888889,7,,,,,
14210,42.867,-78.831,2023-09-15T19:00:00,17.9,0,,0,11.2,11.7,3,3.25,3,,,,,
14210,42.867,-78.831,2023-09-15T20:00:00,16.1,0,,0,9.4,4.4,28,1.222222222,28,,,,,
14210,42.867,-78.831,2023-09-15T21:00:00,14.6,0,,0,9.4,0.8,360,0.222222222,0,,,,,
14210,42.867,-78.831,2023-09-15T22:00:00,14.4,0,,0,7.6,0.3,2,0.083333333,2,,,,,
14210,42.867,-78.831,2023-09-15T23:00:00,13.4,0,,0,7.6,4.6,102,1.277777778,78,,,,,
14210,42.867,-78.831,2023-09-16T00:00:00,12.5,0,,0,7.6,4.5,108,1.25,72,,,,,
14210,42.867,-78.831,2023-09-16T01:00:00,10.6,0,,0,5.4,6.4,119,1.777777778,61,,,,,
14210,42.867,-78.831,2023-09-16T02:00:00,10.5,0,,0,5.4,4.5,88,1.25,88,,,,,
14210,42.867,-78.831,2023-09-16T03:00:00,9.3,0,,0,5.4,6.4,125,1.777777778,55,,,,,
14210,42.867,-78.831,2023-09-16T04:00:00,8.9,0,,0,5.4,6.4,138,1.777777778,42,,,,,
14210,42.867,-78.831,2023-09-16T05:00:00,8.8,0,,0,5.4,0.1,354,0.027777778,6,,,,,
14210,42.867,-78.831,2023-09-16T06:00:00,8.8,0,,0,5.4,0.1,354,0.027777778,6,,,,,
14210,42.867,-78.831,2023-09-16T07:00:00,7.8,0,,0,7.6,4.6,198,1.277777778,18,,,,,
14210,42.867,-78.831,2023-09-16T08:00:00,8.9,0,,0,7.6,6.3,167,1.75,13,,,,,
14210,42.867,-78.831,2023-09-16T09:00:00,11.6,0,,0,7.6,7.8,196,2.166666667,16,,,,,
14210,42.867,-78.831,2023-09-16T10:00:00,15.5,0,,0,9.4,7.3,194,2.027777778,14,,,,,
14210,42.867,-78.831,2023-09-16T11:00:00,18.5,0,,0,11.2,9.7,267,2.694444444,87,,,,,
14210,42.867,-78.831,2023-09-16T12:00:00,20.1,0,,0,13,12.6,302,3.5,58,,,,,
14210,42.867,-78.831,2023-09-16T13:00:00,20.8,0,,0,14.8,8.4,292,2.333333333,68,,,,,
14210,42.867,-78.831,2023-09-16T14:00:00,21.2,0,,0,16.6,13.7,263,3.805555556,83,,,,,
14210,42.867,-78.831,2023-09-16T15:00:00,21.3,0,,0,28.2,13,224,3.611111111,44,,,,,
14210,42.867,-78.831,2023-09-16T16:00:00,21,0,,0,14.8,13.7,202,3.805555556,22,,,,,
14210,42.867,-78.831,2023-09-16T17:00:00,21,0,,0,16.6,15.4,259,4.277777778,79,,,,,
14210,42.867,-78.831,2023-09-16T18:00:00,20.2,0,,0,16.6,19,233,5.277777778,53,,,,,
14210,42.867,-78.831,2023-09-16T19:00:00,19,0,,0,14.8,15,253,4.166666667,73,,,,,
14210,42.867,-78.831,2023-09-16T20:00:00,18.2,0,,0,14.8,11.4,240,3.166666667,60,,,,,
14210,42.867,-78.831,2023-09-16T21:00:00,17,0,,0,13,11.2,247,3.111111111,67,,,,,
14210,42.867,-78.831,2023-09-16T22:00:00,16.5,0,,0,13,6.1,241,1.694444444,61,,,,,
14210,42.867,-78.831,2023-09-16T23:00:00,15,0,,0,11.2,7.1,197,1.972222222,17,,,,,
14210,42.867,-78.831,2023-09-17T00:00:00,14.1,0,,0,11.2,9.4,213,2.611111111,33,,,,,
14210,42.867,-78.831,2023-09-17T01:00:00,14.2,0,,0,9.4,4.6,214,1.277777778,34,,,,,
14210,42.867,-78.831,2023-09-17T02:00:00,13.3,0,,0,9.4,6.5,196,1.805555556,16,,,,,
14210,42.867,-78.831,2023-09-17T03:00:00,12.5,0,,0,5.4,4.5,199,1.25,19,,,,,
14210,42.867,-78.831,2023-09-17T04:00:00,11.9,0,,0,5.4,7.9,134,2.194444444,46,,,,,
14210,42.867,-78.831,2023-09-17T05:00:00,11.9,0,,0,5.4,7.8,142,2.166666667,38,,,,,
14210,42.867,-78.831,2023-09-17T06:00:00,11.4,0,,0,7.6,8,150,2.222222222,30,,,,,
14210,42.867,-78.831,2023-09-17T07:00:00,10.9,0,,0,7.6,6.3,198,1.75,18,,,,,
14210,42.867,-78.831,2023-09-17T08:00:00,12,0,,0,7.6,5.3,110,1.472222222,70,,,,,
14210,42.867,-78.831,2023-09-17T09:00:00,13.1,0,,0,7.6,4.6,198,1.277777778,18,,,,,
14210,42.867,-78.831,2023-09-17T10:00:00,15.5,0,,0,9.4,1.4,328,0.388888889,32,,,,,
14210,42.867,-78.831,2023-09-17T11:00:00,18.1,0,,0,9.4,0.9,328,0.25,32,,,,,
14210,42.867,-78.831,2023-09-17T12:00:00,19.4,0,,0,5.4,1.3,321,0.361111111,39,,,,,
14210,42.867,-78.831,2023-09-17T13:00:00,21.1,0,,0,5.4,8.7,267,2.416666667,87,,,,,
14210,42.867,-78.831,2023-09-17T14:00:00,22,0,,0,5.4,8,337,2.222222222,23,,,,,
14210,42.867,-78.831,2023-09-17T15:00:00,21.7,0,,0,5.4,5.3,354,1.472222222,6,,,,,
14210,42.867,-78.831,2023-09-17T16:00:00,21.3,0,,0,7.6,7.9,12,2.194444444,12,,,,,
14210,42.867,-78.831,2023-09-17T17:00:00,22.2,0,,0,7.6,12.5,22,3.472222222,22,,,,,
14210,42.867,-78.831,2023-09-17T18:00:00,20.9,0,,0,7.6,9,360,2.5,0,,,,,
14210,42.867,-78.831,2023-09-17T19:00:00,19.5,0,,0,5.4,11.8,5,3.277777778,5,,,,,
14210,42.867,-78.831,2023-09-17T20:00:00,17.9,0,,0,5.4,8.5,55,2.361111111,55,,,,,
14210,42.867,-78.831,2023-09-17T21:00:00,16.7,0,,0,5.4,7.8,54,2.166666667,54,,,,,
14210,42.867,-78.831,2023-09-17T22:00:00,17.1,0,,0,5.4,0.5,354,0.138888889,6,,,,,
14210,42.867,-78.831,2023-09-17T23:00:00,16.6,0,,0,5.4,2.3,338,0.638888889,22,,,,,
14210,42.867,-78.831,2023-09-18T00:00:00,16.3,0,,0,35.3,9.6,298,2.666666667,62,,,,,
14210,42.867,-78.831,2023-09-18T01:00:00,16.2,0,,0,1.8,6.6,340,1.833333333,20,,,,,
14210,42.867,-78.831,2023-09-18T02:00:00,16.1,0,,0,,1.5,340,0.416666667,20,,,,,
14210,42.867,-78.831,2023-09-18T03:00:00,15.8,0,,0,14.8,6.6,195,1.833333333,15,,,,,
14210,42.867,-78.831,2023-09-18T04:00:00,16.1,0,,0,13,8,250,2.222222222,70,,,,,
14210,42.867,-78.831,2023-09-18T05:00:00,16.3,0,,0,11.2,7.2,290,2,70,,,,,
14210,42.867,-78.831,2023-09-18T06:00:00,15.5,0,,0,7.6,10.2,287,2.833333333,73,,,,,
14210,42.867,-78.831,2023-09-18T07:00:00,15,0,,0,5.4,5.7,273,1.583333333,87,,,,,
14210,42.867,-78.831,2023-09-18T08:00:00,16,0,,0,5.4,1.8,332,0.5,28,,,,,
14210,42.867,-78.831,2023-09-18T09:00:00,16.7,0,,0,7.6,12.1,255,3.361111111,75,,,,,
14210,42.867,-78.831,2023-09-18T10:00:00,17.9,0,,0,9.4,9.6,290,2.666666667,70,,,,,
14210,42.867,-78.831,2023-09-18T11:00:00,18.1,0,,0,11.2,12.8,264,3.555555556,84,,,,,
14210,42.867,-78.831,2023-09-18T12:00:00,20,0,,0,31.3,13.5,275,3.75,85,,,,,
14210,42.867,-78.831,2023-09-18T13:00:00,20.7,0,,0,33,18.1,236,5.027777778,56,,,,,
14210,42.867,-78.831,2023-09-18T14:00:00,20.7,0,,0,24.1,23.2,259,6.444444444,79,,,,,
14210,42.867,-78.831,2023-09-18T15:00:00,19.3,0,,0,33.5,7.1,306,1.972222222,54,,,,,
14210,42.867,-78.831,2023-09-18T16:00:00,19.3,0.028,rain,0,33.5,16.4,219,4.555555556,39,,,,,
14210,42.867,-78.831,2023-09-18T17:00:00,19,0,,0,50,13.7,242,3.805555556,62,,,,,
14210,42.867,-78.831,2023-09-18T18:00:00,18.3,0.013,rain,0,14.8,15,236,4.166666667,56,,,,,
14210,42.867,-78.831,2023-09-18T19:00:00,15.9,5.026,rain,0,35.3,7.2,294,2,66,,,,,
14210,42.867,-78.831,2023-09-18T20:00:00,15.2,0,,0,29.5,9.6,300,2.666666667,60,,,,,
14210,42.867,-78.831,2023-09-18T21:00:00,15.1,0,,0,38.9,12.5,333,3.472222222,27,,,,,
14210,42.867,-78.831,2023-09-18T22:00:00,14,0.379,rain,0,27.7,10.8,329,3,31,,,,,
14210,42.867,-78.831,2023-09-18T23:00:00,14.1,0,,0,27.7,12.4,313,3.444444444,47,,,,,
14210,42.867,-78.831,2023-09-19T00:00:00,14.4,0,,0,40.7,11.7,314,3.25,46,,,,,
14210,42.867,-78.831,2023-09-19T01:00:00,14.1,0,,0,40.7,8.9,293,2.472222222,67,,,,,
14210,42.867,-78.831,2023-09-19T02:00:00,13.3,0,,0,14.8,11.1,296,3.083333333,64,,,,,
14210,42.867,-78.831,2023-09-19T03:00:00,12.1,0,,0,14.8,9.6,259,2.666666667,79,,,,,
14210,42.867,-78.831,2023-09-19T04:00:00,11.8,0,,0,14.8,10,254,2.777777778,74,,,,,
14210,42.867,-78.831,2023-09-19T05:00:00,11.6,0,,0,14.8,7.9,270,2.194444444,90,,,,,
14210,42.867,-78.831,2023-09-19T06:00:00,11.6,0,,0,14.8,11.9,286,3.305555556,74,,,,,
14210,42.867,-78.831,2023-09-19T07:00:00,11.9,0,,0,14.8,14.2,280,3.944444444,80,,,,,
14210,42.867,-78.831,2023-09-19T08:00:00,12.2,0,,0,11.2,14,287,3.888888889,73,,,,,
14210,42.867,-78.831,2023-09-19T09:00:00,13.9,0,,0,31.3,13.6,289,3.777777778,71,,,,,
14210,42.867,-78.831,2023-09-19T10:00:00,16.1,0,,0,25.9,14,300,3.888888889,60,,,,,
14210,42.867,-78.831,2023-09-19T11:00:00,16.8,0,,0,27.7,18.4,281,5.111111111,79,,,,,
14210,42.867,-78.831,2023-09-19T12:00:00,17.9,0,,0,31.7,17.6,281,4.888888889,79,,,,,
14210,42.867,-78.831,2023-09-19T13:00:00,18,0,,0,31.7,20,303,5.555555556,57,,,,,
14210,42.867,-78.831,2023-09-19T14:00:00,19,0,,0,29.5,18.4,319,5.111111111,41,,,,,
14210,42.867,-78.831,2023-09-19T15:00:00,18.4,0,,0,33.5,15.2,255,4.222222222,75,,,,,
14210,42.867,-78.831,2023-09-19T16:00:00,19.1,0,,0,37.6,25.2,247,7,67,,,,,
14210,42.867,-78.831,2023-09-19T17:00:00,18.1,0,,0,27.7,17.4,241,4.833333333,61,,,,,
14210,42.867,-78.831,2023-09-19T18:00:00,19,0,,0,37.1,22.1,250,6.138888889,70,,,,,
14210,42.867,-78.831,2023-09-19T19:00:00,17.9,0,,0,18.4,13.8,268,3.833333333,88,,,,,
14210,42.867,-78.831,2023-09-19T20:00:00,17.1,0,,0,14.8,11,249,3.055555556,69,,,,,
14210,42.867,-78.831,2023-09-19T21:00:00,16.1,0,,0,11.2,7.6,249,2.111111111,69,,,,,
14210,42.867,-78.831,2023-09-19T22:00:00,15.2,0,,0,33.5,10.9,253,3.027777778,73,,,,,
14210,42.867,-78.831,2023-09-19T23:00:00,14.8,0,,0,3.6,12,280,3.333333333,80,,,,,
14210,42.867,-78.831,2023-09-20T00:00:00,13.6,0,,0,9.4,10.8,322,3,38,,,,,
14210,42.867,-78.831,2023-09-20T01:00:00,12.7,0,,0,7.6,0.3,358,0.083333333,2,,,,,
14210,42.867,-78.831,2023-09-20T02:00:00,12,0,,0,5.4,0.1,360,0.027777778,0,,,,,
14210,42.867,-78.831,2023-09-20T03:00:00,11.4,0,,0,5.4,0.3,359,0.083333333,1,,,,,
14210,42.867,-78.831,2023-09-20T04:00:00,10.5,0,,0,5.4,0.2,359,0.055555556,1,,,,,
14210,42.867,-78.831,2023-09-20T05:00:00,10.4,0,,0,5.4,0.2,359,0.055555556,1,,,,,
14210,42.867,-78.831,2023-09-20T06:00:00,9.3,0,,0,5.4,0.2,358,0.055555556,2,,,,,
14210,42.867,-78.831,2023-09-20T07:00:00,9.3,0,,0,5.4,5.3,104,1.472222222,76,,,,,
14210,42.867,-78.831,2023-09-20T08:00:00,10.1,0,,0,5.4,0.2,0,0.055555556,0,,,,,
14210,42.867,-78.831,2023-09-20T09:00:00,12.5,0,,0,5.4,0.2,358,0.055555556,2,,,,,
14210,42.867,-78.831,2023-09-20T10:00:00,15.8,0,,0,9.4,4.8,54,1.333333333,54,,,,,
14210,42.867,-78.831,2023-09-20T11:00:00,17.2,0,,0,11.2,0.9,356,0.25,4,,,,,
14210,42.867,-78.831,2023-09-20T12:00:00,17.9,0,,0,9.4,12.9,304,3.583333333,56,,,,,
14210,42.867,-78.831,2023-09-20T13:00:00,18.8,0,,0,11.2,12.5,279,3.472222222,81,,,,,
14210,42.867,-78.831,2023-09-20T14:00:00,19.4,0,,0,25.9,8.4,290,2.333333333,70,,,,,
14210,42.867,-78.831,2023-09-20T15:00:00,19.9,0,,0,14.8,8.9,311,2.472222222,49,,,,,
14210,42.867,-78.831,2023-09-20T16:00:00,20.5,0,,0,13,9,53,2.5,53,,,,,
14210,42.867,-78.831,2023-09-20T17:00:00,20,0,,0,13,13.5,335,3.75,25,,,,,
14210,42.867,-78.831,2023-09-20T18:00:00,19.4,0,,0,7.6,11.9,356,3.305555556,4,,,,,
14210,42.867,-78.831,2023-09-20T19:00:00,17.8,0,,0,3.6,1,19,0.277777778,19,,,,,
14210,42.867,-78.831,2023-09-20T20:00:00,15.7,0,,0,1.8,5.3,79,1.472222222,79,,,,,
14210,42.867,-78.831,2023-09-20T21:00:00,15.3,0,,0,3.6,4.7,112,1.305555556,68,,,,,
14210,42.867,-78.831,2023-09-20T22:00:00,14.2,0,,0,5.4,7.9,92,2.194444444,88,,,,,
14210,42.867,-78.831,2023-09-20T23:00:00,12.7,0,,0,7.6,7.8,103,2.166666667,77,,,,,
14210,42.867,-78.831,2023-09-21T00:00:00,11.7,0,,0,7.6,7.2,121,2,59,,,,,
14210,42.867,-78.831,2023-09-21T01:00:00,10.8,0,,0,7.6,8.7,104,2.416666667,76,,,,,
14210,42.867,-78.831,2023-09-21T02:00:00,10.8,0,,0,7.6,7.3,113,2.027777778,67,,,,,
14210,42.867,-78.831,2023-09-21T03:00:00,10.7,0,,0,9.4,7.2,98,2,82,,,,,
14210,42.867,-78.831,2023-09-21T04:00:00,10.8,0,,0,9.4,5.5,113,1.527777778,67,,,,,
14210,42.867,-78.831,2023-09-21T05:00:00,10.3,0,,0,9.4,9.1,114,2.527777778,66,,,,,
14210,42.867,-78.831,2023-09-21T06:00:00,10.8,0,,0,9.4,11.7,105,3.25,75,,,,,
14210,42.867,-78.831,2023-09-21T07:00:00,11.3,0,,0,7.6,8.8,100,2.444444444,80,,,,,
14210,42.867,-78.831,2023-09-21T08:00:00,11.9,0,,0,7.6,0.9,24,0.25,24,,,,,
14210,42.867,-78.831,2023-09-21T09:00:00,13.4,0,,0,7.6,5.4,140,1.5,40,,,,,
14210,42.867,-78.831,2023-09-21T10:00:00,15.9,0,,0,5.4,5.4,158,1.5,22,,,,,
14210,42.867,-78.831,2023-09-21T11:00:00,18.1,0,,0,5.4,7.7,160,2.138888889,20,,,,,
14210,42.867,-78.831,2023-09-21T12:00:00,19.1,0,,0,7.6,9.5,158,2.638888889,22,,,,,
14210,42.867,-78.831,2023-09-21T13:00:00,21.6,0,,0,7.6,1.4,12,0.388888889,12,,,,,
14210,42.867,-78.831,2023-09-21T14:00:00,22.2,0,,0,9.4,5.7,62,1.583333333,62,,,,,
14210,42.867,-78.831,2023-09-21T15:00:00,23.3,0,,0,9.4,9.7,14,2.694444444,14,,,,,
14210,42.867,-78.831,2023-09-21T16:00:00,23.8,0,,0,9.4,1.7,13,0.472222222,13,,,,,
14210,42.867,-78.831,2023-09-21T17:00:00,23.3,0,,0,11.2,8,74,2.222222222,74,,,,,
14210,42.867,-78.831,2023-09-21T18:00:00,22.7,0,,0,13,12.9,40,3.583333333,40,,,,,
14210,42.867,-78.831,2023-09-21T19:00:00,20.9,0,,0,13,9.6,50,2.666666667,50,,,,,
14210,42.867,-78.831,2023-09-21T20:00:00,18.7,0,,0,14.8,12.4,53,3.444444444,53,,,,,
14210,42.867,-78.831,2023-09-21T21:00:00,17.1,0,,0,14.8,12.3,73,3.416666667,73,,,,,
14210,42.867,-78.831,2023-09-21T22:00:00,16.6,0,,0,13,12.4,92,3.444444444,88,,,,,
14210,42.867,-78.831,2023-09-21T23:00:00,15.5,0,,0,13,12.1,100,3.361111111,80,,,,,
14210,42.867,-78.831,2023-09-22T00:00:00,14.9,0,,0,11.2,13.4,106,3.722222222,74,,,,,
14210,42.867,-78.831,2023-09-22T01:00:00,13.4,0,,0,11.2,7.7,76,2.138888889,76,,,,,
14210,42.867,-78.831,2023-09-22T02:00:00,13.2,0,,0,9.4,5.4,108,1.5,72,,,,,
14210,42.867,-78.831,2023-09-22T03:00:00,12.7,0,,0,9.4,8.7,105,2.416666667,75,,,,,
14210,42.867,-78.831,2023-09-22T04:00:00,11.7,0,,0,9.4,8.6,107,2.388888889,73,,,,,
14210,42.867,-78.831,2023-09-22T05:00:00,11.2,0,,0,9.4,7,121,1.944444444,59,,,,,
14210,42.867,-78.831,2023-09-22T06:00:00,11,0,,0,9.4,7.1,110,1.972222222,70,,,,,
14210,42.867,-78.831,2023-09-22T07:00:00,10.5,0,,0,9.4,11.6,106,3.222222222,74,,,,,
14210,42.867,-78.831,2023-09-22T08:00:00,11,0,,0,9.4,13,116,3.611111111,64,,,,,
14210,42.867,-78.831,2023-09-22T09:00:00,13.4,0,,0,9.4,7.4,106,2.055555556,74,,,,,
14210,42.867,-78.831,2023-09-22T10:00:00,15.8,0,,0,9.4,9,106,2.5,74,,,,,
14210,42.867,-78.831,2023-09-22T11:00:00,18.2,0,,0,9.4,9.2,107,2.555555556,73,,,,,
14210,42.867,-78.831,2023-09-22T12:00:00,20.1,0,,0,14.8,12,165,3.333333333,15,,,,,
14210,42.867,-78.831,2023-09-22T13:00:00,21.8,0,,0,14.8,12,99,3.333333333,81,,,,,
14210,42.867,-78.831,2023-09-22T14:00:00,22.8,0,,0,16.6,6.8,29,1.888888889,29,,,,,
14210,42.867,-78.831,2023-09-22T15:00:00,23.4,0,,0,16.6,2.4,21,0.666666667,21,,,,,
14210,42.867,-78.831,2023-09-22T16:00:00,23.8,0,,0,35.3,16.9,70,4.694444444,70,,,,,
14210,42.867,-78.831,2023-09-22T17:00:00,23.8,0,,0,16.6,21.3,68,5.916666667,68,,,,,
14210,42.867,-78.831,2023-09-22T18:00:00,22.8,0,,0,38.9,18,78,5,78,,,,,
14210,42.867,-78.831,2023-09-22T19:00:00,21.3,0,,0,40.7,18.1,90,5.027777778,90,,,,,
14210,42.867,-78.831,2023-09-22T20:00:00,19.1,0,,0,13,15.5,96,4.305555556,84,,,,,
14210,42.867,-78.831,2023-09-22T21:00:00,17.7,0,,0,13,14.1,96,3.916666667,84,,,,,
14210,42.867,-78.831,2023-09-22T22:00:00,16.4,0,,0,11.2,12.3,97,3.416666667,83,,,,,
14210,42.867,-78.831,2023-09-22T23:00:00,15.4,0,,0,9.4,10.7,106,2.972222222,74,,,,,
14210,42.867,-78.831,2023-09-23T00:00:00,14.7,0,,0,9.4,10.9,117,3.027777778,63,,,,,
14210,42.867,-78.831,2023-09-23T01:00:00,14.1,0,,0,9.4,8.6,120,2.388888889,60,,,,,
14210,42.867,-78.831,2023-09-23T02:00:00,13.7,0,,0,7.6,10.1,106,2.805555556,74,,,,,
14210,42.867,-78.831,2023-09-23T03:00:00,13.5,0,,0,9.4,10,113,2.777777778,67,,,,,
14210,42.867,-78.831,2023-09-23T04:00:00,12.7,0,,0,9.4,6.5,93,1.805555556,87,,,,,
14210,42.867,-78.831,2023-09-23T05:00:00,12.1,0,,0,9.4,0.9,22,0.25,22,,,,,
14210,42.867,-78.831,2023-09-23T06:00:00,11.7,0,,0,9.4,4.6,75,1.277777778,75,,,,,
14210,42.867,-78.831,2023-09-23T07:00:00,12,0,,0,9.4,4.6,73,1.277777778,73,,,,,
14210,42.867,-78.831,2023-09-23T08:00:00,12.1,0,,0,9.4,6.3,55,1.75,55,,,,,
14210,42.867,-78.831,2023-09-23T09:00:00,13.5,0,,0,11.2,9,45,2.5,45,,,,,
14210,42.867,-78.831,2023-09-23T10:00:00,15.8,0,,0,14.8,12,49,3.333333333,49,,,,,
14210,42.867,-78.831,2023-09-23T11:00:00,17.9,0,,0,24.1,17.4,63,4.833333333,63,,,,,
14210,42.867,-78.831,2023-09-23T12:00:00,19.3,0,,0,25.9,25.6,55,7.111111111,55,,,,,
14210,42.867,-78.831,2023-09-23T13:00:00,21,0,,0,44.1,31.5,57,8.75,57,,,,,
14210,42.867,-78.831,2023-09-23T14:00:00,21.6,0,,0,47.2,32.6,83,9.055555556,83,,,,,
14210,42.867,-78.831,2023-09-23T15:00:00,21.6,0,,0,48.9,32.6,62,9.055555556,62,,,,,
14210,42.867,-78.831,2023-09-23T16:00:00,21.1,0,,0,42.1,22.6,78,6.277777778,78,,,,,
14210,42.867,-78.831,2023-09-23T17:00:00,19.4,0,,0,40.7,24,68,6.666666667,68,,,,,
14210,42.867,-78.831,2023-09-23T18:00:00,18.7,0,,0,34.3,21.9,52,6.083333333,52,,,,,
14210,42.867,-78.831,2023-09-23T19:00:00,17.1,0,,0,37.1,17.6,68,4.888888889,68,,,,,
14210,42.867,-78.831,2023-09-23T20:00:00,16,0,,0,24.1,13.5,65,3.75,65,,,,,
14210,42.867,-78.831,2023-09-23T21:00:00,14.9,0,,0,20.5,13.9,73,3.861111111,73,,,,,
14210,42.867,-78.831,2023-09-23T22:00:00,13.9,0,,0,18.4,12,54,3.333333333,54,,,,,
14210,42.867,-78.831,2023-09-23T23:00:00,14.1,0,,0,18.4,15.2,78,4.222222222,78,,,,,
14210,42.867,-78.831,2023-09-24T00:00:00,14.1,0,,0,18.4,12.6,62,3.5,62,,,,,
14210,42.867,-78.831,2023-09-24T01:00:00,13.2,0,,0,18.4,12.6,58,3.5,58,,,,,
14210,42.867,-78.831,2023-09-24T02:00:00,13.7,0,,0,13,19.1,68,5.305555556,68,,,,,
14210,42.867,-78.831,2023-09-24T03:00:00,13.7,0,,0,22.3,16.3,55,4.527777778,55,,,,,
14210,42.867,-78.831,2023-09-24T04:00:00,13.5,0,,0,22.3,13,47,3.611111111,47,,,,,
14210,42.867,-78.831,2023-09-24T05:00:00,14,0,,0,25.9,16.7,70,4.638888889,70,,,,,
14210,42.867,-78.831,2023-09-24T06:00:00,14,0,,0,25.9,16.6,42,4.611111111,42,,,,,
14210,42.867,-78.831,2023-09-24T07:00:00,13.6,0,,0,31.3,18.3,53,5.083333333,53,,,,,
14210,42.867,-78.831,2023-09-24T08:00:00,14.3,0,,0,25.9,16.6,45,4.611111111,45,,,,,
14210,42.867,-78.831,2023-09-24T09:00:00,14.7,0,,0,37.1,23.5,53,6.527777778,53,,,,,
14210,42.867,-78.831,2023-09-24T10:00:00,15.5,0,,0,41.9,21.5,53,5.972222222,53,,,,,
14210,42.867,-78.831,2023-09-24T11:00:00,16.5,0,,0,46.4,25.2,61,7,61,,,,,
14210,42.867,-78.831,2023-09-24T12:00:00,17.1,0,,0,45.4,33.5,61,9.305555556,61,,,,,
14210,42.867,-78.831,2023-09-24T13:00:00,17.1,0,,0,45.9,31.4,60,8.722222222,60,,,,,
14210,42.867,-78.831,2023-09-24T14:00:00,17.4,0,,0,45.3,27,71,7.5,71,,,,,
14210,42.867,-78.831,2023-09-24T15:00:00,17.5,0,,0,43.4,24.2,69,6.722222222,69,,,,,
14210,42.867,-78.831,2023-09-24T16:00:00,17,0,,0,42.9,25.8,68,7.166666667,68,,,,,
14210,42.867,-78.831,2023-09-24T17:00:00,16.1,0,,0,33.5,23.7,53,6.583333333,53,,,,,
14210,42.867,-78.831,2023-09-24T18:00:00,15.4,0.247,rain,0,33.7,22.7,63,6.305555556,63,,,,,
14210,42.867,-78.831,2023-09-24T19:00:00,15.3,0,,0,33.9,18.9,73,5.25,73,,,,,
14210,42.867,-78.831,2023-09-24T20:00:00,14.6,0,,0,13,12.4,55,3.444444444,55,,,,,
14210,42.867,-78.831,2023-09-24T21:00:00,15.2,0,,0,13,12.3,55,3.416666667,55,,,,,
14210,42.867,-78.831,2023-09-24T22:00:00,14.5,0,,0,11.2,10.9,63,3.027777778,63,,,,,
14210,42.867,-78.831,2023-09-24T23:00:00,15.1,0,,0,11.2,10.9,62,3.027777778,62,,,,,
14210,42.867,-78.831,2023-09-25T00:00:00,15.1,0,,0,11.2,10.5,55,2.916666667,55,,,,,
14210,42.867,-78.831,2023-09-25T01:00:00,14.6,0,,0,9.4,7.3,353,2.027777778,7,,,,,
14210,42.867,-78.831,2023-09-25T02:00:00,14.6,0,,0,9.4,7.3,51,2.027777778,51,,,,,
14210,42.867,-78.831,2023-09-25T03:00:00,14.6,0,,0,11.2,9.2,42,2.555555556,42,,,,,
14210,42.867,-78.831,2023-09-25T04:00:00,14.6,0,,0,11.2,10.7,42,2.972222222,42,,,,,
14210,42.867,-78.831,2023-09-25T05:00:00,14.2,0,,0,13,10.4,40,2.888888889,40,,,,,
14210,42.867,-78.831,2023-09-25T06:00:00,14.2,0,,0,13,5.9,49,1.638888889,49,,,,,
14210,42.867,-78.831,2023-09-25T07:00:00,13.7,0,,0,13,5.8,24,1.611111111,24,,,,,
14210,42.867,-78.831,2023-09-25T08:00:00,13.7,0,,0,13,5.7,10,1.583333333,10,,,,,
14210,42.867,-78.831,2023-09-25T09:00:00,15.3,0,,0,20.5,10.3,24,2.861111111,24,,,,,
14210,42.867,-78.831,2023-09-25T10:00:00,17,0,,0,27.7,12.5,42,3.472222222,42,,,,,
14210,42.867,-78.831,2023-09-25T11:00:00,18.7,0,,0,31.3,21,50,5.833333333,50,,,,,
14210,42.867,-78.831,2023-09-25T12:00:00,20.8,0,,0,37.1,22,50,6.111111111,50,,,,,
14210,42.867,-78.831,2023-09-25T13:00:00,21,0,,0,28.1,18.4,91,5.111111111,89,,,,,
14210,42.867,-78.831,2023-09-25T14:00:00,21.3,0,,0,29.5,22.4,74,6.222222222,74,,,,,
14210,42.867,-78.831,2023-09-25T15:00:00,20.8,0,,0,35.7,19.4,83,5.388888889,83,,,,,
14210,42.867,-78.831,2023-09-25T16:00:00,19.7,0,,0,36.4,18,77,5,77,,,,,
14210,42.867,-78.831,2023-09-25T17:00:00,19.1,0,,0,37.1,22.2,89,6.166666667,89,,,,,
14210,42.867,-78.831,2023-09-25T18:00:00,18.2,0,,0,33.6,16.9,81,4.694444444,81,,,,,
14210,42.867,-78.831,2023-09-25T19:00:00,16.5,1.236,rain,0,31.8,18.9,91,5.25,89,,,,,
14210,42.867,-78.831,2023-09-25T20:00:00,16,0,,0,25.9,14.9,91,4.138888889,89,,,,,
14210,42.867,-78.831,2023-09-25T21:00:00,16.3,0,,0,31.2,14.9,98,4.138888889,82,,,,,
14210,42.867,-78.831,2023-09-25T22:00:00,15.9,0,,0,35.3,9.8,82,2.722222222,82,,,,,
14210,42.867,-78.831,2023-09-25T23:00:00,15.8,0,,0,16.6,13,64,3.611111111,64,,,,,
14210,42.867,-78.831,2023-09-26T00:00:00,15.7,0,,0,14.8,14.1,73,3.916666667,73,,,,,
14210,42.867,-78.831,2023-09-26T01:00:00,15.1,0,,0,13,13.1,75,3.638888889,75,,,,,
14210,42.867,-78.831,2023-09-26T02:00:00,14.5,0,,0,9.4,14.1,75,3.916666667,75,,,,,
14210,42.867,-78.831,2023-09-26T03:00:00,14.4,0,,0,11.2,10.9,80,3.027777778,80,,,,,
14210,42.867,-78.831,2023-09-26T04:00:00,13.9,0,,0,11.2,11,72,3.055555556,72,,,,,
14210,42.867,-78.831,2023-09-26T05:00:00,13.5,0,,0,11.2,9.4,73,2.611111111,73,,,,,
14210,42.867,-78.831,2023-09-26T06:00:00,13.4,0,,0,11.2,9.3,64,2.583333333,64,,,,,
14210,42.867,-78.831,2023-09-26T07:00:00,12.9,0,,0,13,12.8,63,3.555555556,63,,,,,
14210,42.867,-78.831,2023-09-26T08:00:00,12.9,0,,0,13,12.7,74,3.527777778,74,,,,,
14210,42.867,-78.831,2023-09-26T09:00:00,13.5,0,,0,20.5,14.2,75,3.944444444,75,,,,,
14210,42.867,-78.831,2023-09-26T10:00:00,15.7,0,,0,25.9,13.3,92,3.694444444,88,,,,,
14210,42.867,-78.831,2023-09-26T11:00:00,17.2,0,,0,29.5,15.3,101,4.25,79,,,,,
14210,42.867,-78.831,2023-09-26T12:00:00,18.4,0,,0,28.2,12.1,100,3.361111111,80,,,,,
14210,42.867,-78.831,2023-09-26T13:00:00,19.8,0,,0,35.3,14.3,97,3.972222222,83,,,,,
14210,42.867,-78.831,2023-09-26T14:00:00,21.1,0,,0,31.7,19.2,107,5.333333333,73,,,,,
14210,42.867,-78.831,2023-09-26T15:00:00,20.6,0,,0,37.5,23.8,112,6.611111111,68,,,,,
14210,42.867,-78.831,2023-09-26T16:00:00,19.6,0,,0,51.8,22.4,116,6.222222222,64,,,,,
14210,42.867,-78.831,2023-09-26T17:00:00,19.4,0,,0,25.9,19.3,106,5.361111111,74,,,,,
14210,42.867,-78.831,2023-09-26T18:00:00,19.3,0,,0,46.1,26.3,106,7.305555556,74,,,,,
14210,42.867,-78.831,2023-09-26T19:00:00,17.7,0,,0,42.5,13.5,132,3.75,48,,,,,
14210,42.867,-78.831,2023-09-26T20:00:00,16.1,0,,0,22.3,10.6,98,2.944444444,82,,,,,
14210,42.867,-78.831,2023-09-26T21:00:00,15,0,,0,33.5,13,74,3.611111111,74,,,,,
14210,42.867,-78.831,2023-09-26T22:00:00,15,0,,0,14.8,11,90,3.055555556,90,,,,,
14210,42.867,-78.831,2023-09-26T23:00:00,15,0,,0,13,12.6,108,3.5,72,,,,,
14210,42.867,-78.831,2023-09-27T00:00:00,14.4,0,,0,9.4,10.9,107,3.027777778,73,,,,,
14210,42.867,-78.831,2023-09-27T01:00:00,14,0,,0,9.4,9.7,90,2.694444444,90,,,,,
14210,42.867,-78.831,2023-09-27T02:00:00,13.8,0,,0,11.2,10.9,90,3.027777778,90,,,,,
14210,42.867,-78.831,2023-09-27T03:00:00,13.3,0,,0,11.2,10.8,99,3,81,,,,,
14210,42.867,-78.831,2023-09-27T04:00:00,12.8,0,,0,13,7.9,74,2.194444444,74,,,,,
14210,42.867,-78.831,2023-09-27T05:00:00,11.8,0,,0,13,9.3,75,2.583333333,75,,,,,
14210,42.867,-78.831,2023-09-27T06:00:00,11.7,0,,0,11.2,9.6,90,2.666666667,90,,,,,
14210,42.867,-78.831,2023-09-27T07:00:00,12.1,0,,0,13,11.2,99,3.111111111,81,,,,,
14210,42.867,-78.831,2023-09-27T08:00:00,12.2,0,,0,18.4,10.3,98,2.861111111,82,,,,,
14210,42.867,-78.831,2023-09-27T09:00:00,13.5,0,,0,20.5,11,124,3.055555556,56,,,,,
14210,42.867,-78.831,2023-09-27T10:00:00,16.1,0,,0,24.1,20.2,119,5.611111111,61,,,,,
14210,42.867,-78.831,2023-09-27T11:00:00,17.9,0,,0,25.9,19.5,129,5.416666667,51,,,,,
14210,42.867,-78.831,2023-09-27T12:00:00,19.9,0,,0,43.2,29,148,8.055555556,32,,,,,
14210,42.867,-78.831,2023-09-27T13:00:00,20.7,0,,0,31.3,15.9,129,4.416666667,51,,,,,
14210,42.867,-78.831,2023-09-27T14:00:00,21.6,0,,0,33.5,16.3,117,4.527777778,63,,,,,
14210,42.867,-78.831,2023-09-27T15:00:00,22.1,0,,0,35.3,21.4,111,5.944444444,69,,,,,
14210,42.867,-78.831,2023-09-27T16:00:00,21.6,0,,0,34.1,26.3,106,7.305555556,74,,,,,
14210,42.867,-78.831,2023-09-27T17:00:00,21.7,0,,0,37.1,21,84,5.833333333,84,,,,,
14210,42.867,-78.831,2023-09-27T18:00:00,19.9,0,,0,55.4,24,81,6.666666667,81,,,,,
14210,42.867,-78.831,2023-09-27T19:00:00,17.8,0,,0,42.5,20.2,70,5.611111111,70,,,,,
14210,42.867,-78.831,2023-09-27T20:00:00,15.6,0,,0,27.7,16.5,63,4.583333333,63,,,,,
14210,42.867,-78.831,2023-09-27T21:00:00,14.3,0,,0,20.5,17.8,72,4.944444444,72,,,,,
14210,42.867,-78.831,2023-09-27T22:00:00,14.2,0,,0,18.4,17.7,73,4.916666667,73,,,,,
14210,42.867,-78.831,2023-09-27T23:00:00,13.3,0,,0,16.6,11.6,83,3.222222222,83,,,,,
14210,42.867,-78.831,2023-09-28T00:00:00,13.3,0,,0,14.8,9.1,82,2.527777778,82,,,,,
14210,42.867,-78.831,2023-09-28T01:00:00,12.2,0,,0,13,7.7,74,2.138888889,74,,,,,
14210,42.867,-78.831,2023-09-28T02:00:00,11.8,0,,0,13,12.8,75,3.555555556,75,,,,,
14210,42.867,-78.831,2023-09-28T03:00:00,11.7,0,,0,11.2,10.5,75,2.916666667,75,,,,,
14210,42.867,-78.831,2023-09-28T04:00:00,11.8,0,,0,11.2,7.8,66,2.166666667,66,,,,,
14210,42.867,-78.831,2023-09-28T05:00:00,11.7,0,,0,11.2,10.8,67,3,67,,,,,
14210,42.867,-78.831,2023-09-28T06:00:00,11.6,0,,0,13,11,76,3.055555556,76,,,,,
14210,42.867,-78.831,2023-09-28T07:00:00,10.7,0,,0,13,8,65,2.222222222,65,,,,,
14210,42.867,-78.831,2023-09-28T08:00:00,10.7,0,,0,13,9.4,73,2.611111111,73,,,,,
14210,42.867,-78.831,2023-09-28T09:00:00,13.9,0,,0,16.6,9.9,119,2.75,61,,,,,
14210,42.867,-78.831,2023-09-28T10:00:00,16.1,0,,0,18.4,14.7,120,4.083333333,60,,,,,
14210,42.867,-78.831,2023-09-28T11:00:00,17.1,0,,0,20.5,14.8,110,4.111111111,70,,,,,
14210,42.867,-78.831,2023-09-28T12:00:00,19.4,0,,0,16.6,15.6,99,4.333333333,81,,,,,
14210,42.867,-78.831,2023-09-28T13:00:00,20.7,0,,0,16.6,11.4,123,3.166666667,57,,,,,
14210,42.867,-78.831,2023-09-28T14:00:00,21.6,0,,0,16.6,17.5,137,4.861111111,43,,,,,
14210,42.867,-78.831,2023-09-28T15:00:00,21.7,0,,0,35.3,10.3,64,2.861111111,64,,,,,
14210,42.867,-78.831,2023-09-28T16:00:00,22.1,0,,0,37.1,19.6,61,5.444444444,61,,,,,
14210,42.867,-78.831,2023-09-28T17:00:00,21.5,0,,0,14.8,13.8,56,3.833333333,56,,,,,
14210,42.867,-78.831,2023-09-28T18:00:00,20.3,0,,0,38.9,13.5,25,3.75,25,,,,,
14210,42.867,-78.831,2023-09-28T19:00:00,18.7,0,,0,14.8,11.6,27,3.222222222,27,,,,,
14210,42.867,-78.831,2023-09-28T20:00:00,18.1,0,,0,18.4,8,47,2.222222222,47,,,,,
14210,42.867,-78.831,2023-09-28T21:00:00,17.7,0.002,rain,0,16.6,6.5,126,1.805555556,54,,,,,
14210,42.867,-78.831,2023-09-28T22:00:00,17,0,,0,16.6,7.9,128,2.194444444,52,,,,,
14210,42.867,-78.831,2023-09-28T23:00:00,16.6,0,,0,16.6,7.8,148,2.166666667,32,,,,,
14210,42.867,-78.831,2023-09-29T00:00:00,16.6,0.014,rain,0,16.6,9.6,146,2.666666667,34,,,,,
14210,42.867,-78.831,2023-09-29T01:00:00,16.1,0.02,rain,0,14.8,9.3,118,2.583333333,62,,,,,
14210,42.867,-78.831,2023-09-29T02:00:00,16.1,0,,0,14.8,7.8,130,2.166666667,50,,,,,
14210,42.867,-78.831,2023-09-29T03:00:00,15.6,0,,0,9.4,6.9,131,1.916666667,49,,,,,
14210,42.867,-78.831,2023-09-29T04:00:00,15.6,0,,0,11.2,7.9,145,2.194444444,35,,,,,
14210,42.867,-78.831,2023-09-29T05:00:00,15.6,0,,0,11.2,4.5,120,1.25,60,,,,,
14210,42.867,-78.831,2023-09-29T06:00:00,14.5,0,,0,9.4,4.6,117,1.277777778,63,,,,,
14210,42.867,-78.831,2023-09-29T07:00:00,14.2,0,,0,9.4,0.2,9,0.055555556,9,,,,,
14210,42.867,-78.831,2023-09-29T08:00:00,14.1,0,,0,7.6,5.6,102,1.555555556,78,,,,,
14210,42.867,-78.831,2023-09-29T09:00:00,16.4,0,,0,5.4,7.1,131,1.972222222,49,,,,,
14210,42.867,-78.831,2023-09-29T10:00:00,17.7,0,,0,5.4,5.6,81,1.555555556,81,,,,,
14210,42.867,-78.831,2023-09-29T11:00:00,17.9,0,,0,5.4,7.4,76,2.055555556,76,,,,,
14210,42.867,-78.831,2023-09-29T12:00:00,19,0,,0,11.2,9.6,61,2.666666667,61,,,,,
14210,42.867,-78.831,2023-09-29T13:00:00,20.1,0,,0,13,8.2,36,2.277777778,36,,,,,
14210,42.867,-78.831,2023-09-29T14:00:00,21.2,0,,0,11.2,6.4,71,1.777777778,71,,,,,
14210,42.867,-78.831,2023-09-29T15:00:00,21.8,0,,0,13,9.3,68,2.583333333,68,,,,,
14210,42.867,-78.831,2023-09-29T16:00:00,22.8,0,,0,13,8.1,73,2.25,73,,,,,
14210,42.867,-78.831,2023-09-29T17:00:00,22.2,0,,0,13,10.8,76,3,76,,,,,
14210,42.867,-78.831,2023-09-29T18:00:00,21.6,0,,0,9.4,11.9,51,3.305555556,51,,,,,
14210,42.867,-78.831,2023-09-29T19:00:00,20.3,0,,0,9.4,11.2,33,3.111111111,33,,,,,
14210,42.867,-78.831,2023-09-29T20:00:00,18.6,0,,0,9.4,13.9,18,3.861111111,18,,,,,
14210,42.867,-78.831,2023-09-29T21:00:00,18.2,0,,0,7.6,7.5,13,2.083333333,13,,,,,
14210,42.867,-78.831,2023-09-29T22:00:00,17.1,0,,0,7.6,8.7,23,2.416666667,23,,,,,
14210,42.867,-78.831,2023-09-29T23:00:00,17.1,0,,0,7.6,8,28,2.222222222,28,,,,,
14210,42.867,-78.831,2023-09-30T00:00:00,17,0,,0,5.4,7.7,36,2.138888889,36,,,,,
14210,42.867,-78.831,2023-09-30T01:00:00,16.4,0,,0,5.4,6.5,26,1.805555556,26,,,,,
14210,42.867,-78.831,2023-09-30T02:00:00,16.3,0,,0,3.6,7,58,1.944444444,58,,,,,
14210,42.867,-78.831,2023-09-30T03:00:00,15.9,0,,0,5.4,4.6,77,1.277777778,77,,,,,
14210,42.867,-78.831,2023-09-30T04:00:00,15.2,0,,0,5.4,0.2,8,0.055555556,8,,,,,
14210,42.867,-78.831,2023-09-30T05:00:00,14.7,0,,0,5.4,4.5,112,1.25,68,,,,,
14210,42.867,-78.831,2023-09-30T06:00:00,14,0,,0,5.4,0.2,2,0.055555556,2,,,,,
14210,42.867,-78.831,2023-09-30T07:00:00,13.7,0,,0,5.4,4.7,135,1.305555556,45,,,,,
14210,42.867,-78.831,2023-09-30T08:00:00,13.7,0,,0,5.4,0.4,356,0.111111111,4,,,,,
14210,42.867,-78.831,2023-09-30T09:00:00,16.3,0,,0,7.6,5.7,99,1.583333333,81,,,,,
14210,42.867,-78.831,2023-09-30T10:00:00,18.7,0,,0,9.4,6.4,345,1.777777778,15,,,,,
14210,42.867,-78.831,2023-09-30T11:00:00,20.7,0,,0,11.2,9.8,24,2.722222222,24,,,,,
14210,42.867,-78.831,2023-09-30T12:00:00,21.3,0,,0,13,9.5,28,2.638888889,28,,,,,
14210,42.867,-78.831,2023-09-30T13:00:00,22.3,0,,0,13,9.8,54,2.722222222,54,,,,,
14210,42.867,-78.831,2023-09-30T14:00:00,23.3,0,,0,13,8.2,38,2.277777778,38,,,,,
14210,42.867,-78.831,2023-09-30T15:00:00,22.9,0,,0,11.2,11.9,17,3.305555556,17,,,,,
14210,42.867,-78.831,2023-09-30T16:00:00,23.8,0,,0,11.2,1.9,1,0.527777778,1,,,,,
14210,42.867,-78.831,2023-09-30T17:00:00,23.8,0,,0,11.2,9,318,2.5,42,,,,,
14210,42.867,-78.831,2023-09-30T18:00:00,23.2,0,,0,11.2,7.9,353,2.194444444,7,,,,,
14210,42.867,-78.831,2023-09-30T19:00:00,21.5,0,,0,9.4,9,18,2.5,18,,,,,
14210,42.867,-78.831,2023-09-30T20:00:00,19.1,0,,0,9.4,6.3,12,1.75,12,,,,,
14210,42.867,-78.831,2023-09-30T21:00:00,18.1,0,,0,9.4,4.6,8,1.277777778,8,,,,,
14210,42.867,-78.831,2023-09-30T22:00:00,17.9,0,,0,7.6,0,4,0,4,,,,,
14210,42.867,-78.831,2023-09-30T23:00:00,16.4,0,,0,5.4,4.5,167,1.25,13,,,,,
14210,42.867,-78.831,2023-10-01T00:00:00,15.5,0,,0,5.4,6.4,215,1.777777778,35,,,,,
14210,42.867,-78.831,2023-10-01T01:00:00,15.3,0,,0,3.6,6.4,217,1.777777778,37,,,,,
14210,42.867,-78.831,2023-10-01T02:00:00,15.4,0,,0,3.6,4.6,230,1.277777778,50,,,,,
14210,42.867,-78.831,2023-10-01T03:00:00,16.2,0,,0,5.4,7.9,232,2.194444444,52,,,,,
14210,42.867,-78.831,2023-10-01T04:00:00,16.1,0,,0,3.6,7.9,245,2.194444444,65,,,,,
14210,42.867,-78.831,2023-10-01T05:00:00,15.5,0,,0,5.4,7.9,148,2.194444444,32,,,,,
14210,42.867,-78.831,2023-10-01T06:00:00,14.5,0,,0,9.4,6.3,157,1.75,23,,,,,
14210,42.867,-78.831,2023-10-01T07:00:00,14.7,0,,0,7.6,6.8,207,1.888888889,27,,,,,
14210,42.867,-78.831,2023-10-01T08:00:00,15.4,0,,0,7.6,4.7,167,1.305555556,13,,,,,
14210,42.867,-78.831,2023-10-01T09:00:00,15.7,0,,0,7.6,6.3,138,1.75,42,,,,,
14210,42.867,-78.831,2023-10-01T10:00:00,16.4,0,,0,9.4,5.5,243,1.527777778,63,,,,,
14210,42.867,-78.831,2023-10-01T11:00:00,18.5,0,,0,9.4,5.4,222,1.5,42,,,,,
14210,42.867,-78.831,2023-10-01T12:00:00,22.2,0,,0,11.2,0.3,349,0.083333333,11,,,,,
14210,42.867,-78.831,2023-10-01T13:00:00,23.4,0,,0,13,10.3,259,2.861111111,79,,,,,
14210,42.867,-78.831,2023-10-01T14:00:00,24.4,0,,0,13,12.1,241,3.361111111,61,,,,,
14210,42.867,-78.831,2023-10-01T15:00:00,24.5,0,,0,14.8,12.6,228,3.5,48,,,,,
14210,42.867,-78.831,2023-10-01T16:00:00,23.9,0,,0,27.7,15.7,247,4.361111111,67,,,,,
14210,42.867,-78.831,2023-10-01T17:00:00,23.1,0,,0,14.8,17.1,262,4.75,82,,,,,
14210,42.867,-78.831,2023-10-01T18:00:00,22.5,0,,0,7.6,12.3,243,3.416666667,63,,,,,
14210,42.867,-78.831,2023-10-01T19:00:00,20.9,0,,0,7.6,9.3,250,2.583333333,70,,,,,
14210,42.867,-78.831,2023-10-01T20:00:00,18.9,0,,0,7.6,7.4,203,2.055555556,23,,,,,
14210,42.867,-78.831,2023-10-01T21:00:00,18.4,0,,0,5.4,7.1,221,1.972222222,41,,,,,
14210,42.867,-78.831,2023-10-01T22:00:00,18.3,0,,0,5.4,4.5,234,1.25,54,,,,,
14210,42.867,-78.831,2023-10-01T23:00:00,17.9,0,,0,3.6,6.2,221,1.722222222,41,,,,,
14210,42.867,-78.831,2023-10-02T00:00:00,17.7,0,,0,3.6,4.5,224,1.25,44,,,,,
14210,42.867,-78.831,2023-10-02T01:00:00,17.7,0,,0,3.6,0.3,354,0.083333333,6,,,,,
14210,42.867,-78.831,2023-10-02T02:00:00,17.7,0,,0,3.6,6.4,153,1.777777778,27,,,,,
14210,42.867,-78.831,2023-10-02T03:00:00,16.9,0,,0,5.4,5.8,247,1.611111111,67,,,,,
14210,42.867,-78.831,2023-10-02T04:00:00,17.4,0,,0,5.4,6.3,243,1.75,63,,,,,
14210,42.867,-78.831,2023-10-02T05:00:00,16.9,0,,0,5.4,7.7,212,2.138888889,32,,,,,
14210,42.867,-78.831,2023-10-02T06:00:00,16.9,0,,0,5.4,6.3,199,1.75,19,,,,,
14210,42.867,-78.831,2023-10-02T07:00:00,16.4,0,,0,5.4,6.3,216,1.75,36,,,,,
14210,42.867,-78.831,2023-10-02T08:00:00,16.4,0,,0,5.4,1.2,317,0.333333333,43,,,,,
14210,42.867,-78.831,2023-10-02T09:00:00,17.9,0,,0,7.6,4.7,225,1.305555556,45,,,,,
14210,42.867,-78.831,2023-10-02T10:00:00,20,0,,0,7.6,11.8,219,3.277777778,39,,,,,
14210,42.867,-78.831,2023-10-02T11:00:00,21.8,0,,0,9.4,12.4,245,3.444444444,65,,,,,
14210,42.867,-78.831,2023-10-02T12:00:00,23.4,0,,0,13,9.2,231,2.555555556,51,,,,,
14210,42.867,-78.831,2023-10-02T13:00:00,23.7,0,,0,13,7.8,237,2.166666667,57,,,,,
14210,42.867,-78.831,2023-10-02T14:00:00,24.7,0,,0,14.8,12.5,253,3.472222222,73,,,,,
14210,42.867,-78.831,2023-10-02T15:00:00,25.2,0,,0,14.8,11.5,227,3.194444444,47,,,,,
14210,42.867,-78.831,2023-10-02T16:00:00,24.7,0,,0,14.8,12.6,242,3.5,62,,,,,
14210,42.867,-78.831,2023-10-02T17:00:00,24.5,0,,0,14.8,13.2,225,3.666666667,45,,,,,
14210,42.867,-78.831,2023-10-02T18:00:00,23.1,0,,0,7.6,13.1,241,3.638888889,61,,,,,
14210,42.867,-78.831,2023-10-02T19:00:00,21.9,0,,0,7.6,11.4,218,3.166666667,38,,,,,
14210,42.867,-78.831,2023-10-02T20:00:00,20.8,0,,0,5.4,10.7,218,2.972222222,38,,,,,
14210,42.867,-78.831,2023-10-02T21:00:00,20.1,0,,0,5.4,11.9,209,3.305555556,29,,,,,
14210,42.867,-78.831,2023-10-02T22:00:00,19.4,0,,0,5.4,11.9,207,3.305555556,27,,,,,
14210,42.867,-78.831,2023-10-02T23:00:00,18.9,0,,0,5.4,10.3,208,2.861111111,28,,,,,
14210,42.867,-78.831,2023-10-03T00:00:00,18,0,,0,7.6,10.6,199,2.944444444,19,,,,,
14210,42.867,-78.831,2023-10-03T01:00:00,17.5,0,,0,9.4,11.6,182,3.222222222,2,,,,,
14210,42.867,-78.831,2023-10-03T02:00:00,17.4,0,,0,7.6,5.7,191,1.583333333,11,,,,,
14210,42.867,-78.831,2023-10-03T03:00:00,17,0,,0,9.4,7.7,173,2.138888889,7,,,,,
14210,42.867,-78.831,2023-10-03T04:00:00,16.5,0,,0,9.4,10.4,197,2.888888889,17,,,,,
14210,42.867,-78.831,2023-10-03T05:00:00,16.1,0,,0,7.6,7.4,181,2.055555556,1,,,,,
14210,42.867,-78.831,2023-10-03T06:00:00,16.4,0,,0,7.6,7.1,151,1.972222222,29,,,,,
14210,42.867,-78.831,2023-10-03T07:00:00,15.4,0,,0,9.4,5.6,116,1.555555556,64,,,,,
14210,42.867,-78.831,2023-10-03T08:00:00,16,0,,0,11.2,7.6,193,2.111111111,13,,,,,
14210,42.867,-78.831,2023-10-03T09:00:00,18.6,0,,0,11.2,9.4,204,2.611111111,24,,,,,
14210,42.867,-78.831,2023-10-03T10:00:00,21.7,0,,0,11.2,12.8,210,3.555555556,30,,,,,
14210,42.867,-78.831,2023-10-03T11:00:00,23.1,0,,0,11.2,14.1,218,3.916666667,38,,,,,
14210,42.867,-78.831,2023-10-03T12:00:00,24.5,0,,0,13,12.5,224,3.472222222,44,,,,,
14210,42.867,-78.831,2023-10-03T13:00:00,25.3,0,,0,14.8,15.8,220,4.388888889,40,,,,,
14210,42.867,-78.831,2023-10-03T14:00:00,26,0,,0,29.5,14.3,226,3.972222222,46,,,,,
14210,42.867,-78.831,2023-10-03T15:00:00,26.4,0,,0,14.8,16.2,218,4.5,38,,,,,
14210,42.867,-78.831,2023-10-03T16:00:00,26.4,0,,0,14.8,12.7,246,3.527777778,66,,,,,
14210,42.867,-78.831,2023-10-03T17:00:00,26.3,0,,0,13,10,206,2.777777778,26,,,,,
14210,42.867,-78.831,2023-10-03T18:00:00,25.2,0,,0,9.4,11,224,3.055555556,44,,,,,
14210,42.867,-78.831,2023-10-03T19:00:00,23.5,0,,0,7.6,5.9,226,1.638888889,46,,,,,
14210,42.867,-78.831,2023-10-03T20:00:00,21.4,0,,0,5.4,8.7,198,2.416666667,18,,,,,
14210,42.867,-78.831,2023-10-03T21:00:00,20.1,0,,0,7.6,10.1,190,2.805555556,10,,,,,
14210,42.867,-78.831,2023-10-03T22:00:00,19.4,0,,0,9.4,7.1,195,1.972222222,15,,,,,
14210,42.867,-78.831,2023-10-03T23:00:00,19.8,0,,0,9.4,6.4,130,1.777777778,50,,,,,
14210,42.867,-78.831,2023-10-04T00:00:00,18.8,0,,0,9.4,7,91,1.944444444,89,,,,,
14210,42.867,-78.831,2023-10-04T01:00:00,18.3,0,,0,9.4,0.7,322,0.194444444,38,,,,,
14210,42.867,-78.831,2023-10-04T02:00:00,17.8,0,,0,7.6,6.2,139,1.722222222,41,,,,,
14210,42.867,-78.831,2023-10-04T03:00:00,17.7,0,,0,7.6,0.1,357,0.027777778,3,,,,,
14210,42.867,-78.831,2023-10-04T04:00:00,17.1,0,,0,9.4,7.8,127,2.166666667,53,,,,,
14210,42.867,-78.831,2023-10-04T05:00:00,17.1,0,,0,9.4,7.8,130,2.166666667,50,,,,,
14210,42.867,-78.831,2023-10-04T06:00:00,17.1,0,,0,9.4,7.8,126,2.166666667,54,,,,,
14210,42.867,-78.831,2023-10-04T07:00:00,17,0,,0,11.2,6.3,147,1.75,33,,,,,
14210,42.867,-78.831,2023-10-04T08:00:00,17.1,0,,0,11.2,8.5,129,2.361111111,51,,,,,
14210,42.867,-78.831,2023-10-04T09:00:00,19.4,0,,0,13,8.4,160,2.333333333,20,,,,,
14210,42.867,-78.831,2023-10-04T10:00:00,22.9,0,,0,14.8,7.6,187,2.111111111,7,,,,,
14210,42.867,-78.831,2023-10-04T11:00:00,24.4,0,,0,16.6,12.7,229,3.527777778,49,,,,,
14210,42.867,-78.831,2023-10-04T12:00:00,26.1,0,,0,20.5,15.7,219,4.361111111,39,,,,,
14210,42.867,-78.831,2023-10-04T13:00:00,27.2,0,,0,20.5,12.6,230,3.5,50,,,,,
14210,42.867,-78.831,2023-10-04T14:00:00,27.9,0,,0,18.4,9.8,258,2.722222222,78,,,,,
14210,42.867,-78.831,2023-10-04T15:00:00,28.7,0,,0,22.3,10,211,2.777777778,31,,,,,
14210,42.867,-78.831,2023-10-04T16:00:00,28.3,0,,0,22.3,8.1,213,2.25,33,,,,,
14210,42.867,-78.831,2023-10-04T17:00:00,28.7,0,,0,16.6,1.7,322,0.472222222,38,,,,,
14210,42.867,-78.831,2023-10-04T18:00:00,27.1,0,,0,9.4,7.6,206,2.111111111,26,,,,,
14210,42.867,-78.831,2023-10-04T19:00:00,26.3,0,,0,9.4,5.5,242,1.527777778,62,,,,,
14210,42.867,-78.831,2023-10-04T20:00:00,24.4,0,,0,9.4,8.8,183,2.444444444,3,,,,,
14210,42.867,-78.831,2023-10-04T21:00:00,21.5,0,,0,11.2,8.6,215,2.388888889,35,,,,,
14210,42.867,-78.831,2023-10-04T22:00:00,20.9,0,,0,13,8.5,168,2.361111111,12,,,,,
14210,42.867,-78.831,2023-10-04T23:00:00,20.4,0,,0,13,7.4,159,2.055555556,21,,,,,
14210,42.867,-78.831,2023-10-05T00:00:00,20.6,0,,0,22.3,14.8,153,4.111111111,27,,,,,
14210,42.867,-78.831,2023-10-05T01:00:00,21.1,0,,0,25.9,15.6,171,4.333333333,9,,,,,
14210,42.867,-78.831,2023-10-05T02:00:00,20.7,0,,0,25.9,13.6,164,3.777777778,16,,,,,
14210,42.867,-78.831,2023-10-05T03:00:00,20.2,0,,0,35.3,12.1,165,3.361111111,15,,,,,
14210,42.867,-78.831,2023-10-05T04:00:00,20.2,0,,0,31.3,15.5,189,4.305555556,9,,,,,
14210,42.867,-78.831,2023-10-05T05:00:00,19.6,0,,0,20.5,13.4,173,3.722222222,7,,,,,
14210,42.867,-78.831,2023-10-05T06:00:00,19.2,0,,0,33.5,12.5,189,3.472222222,9,,,,,
14210,42.867,-78.831,2023-10-05T07:00:00,19.1,0,,0,33.5,11.8,172,3.277777778,8,,,,,
14210,42.867,-78.831,2023-10-05T08:00:00,19.2,0,,0,22.3,15,156,4.166666667,24,,,,,
14210,42.867,-78.831,2023-10-05T09:00:00,20.9,0,,0,33.5,13.8,174,3.833333333,6,,,,,
14210,42.867,-78.831,2023-10-05T10:00:00,23.3,0,,0,38.9,18.4,189,5.111111111,9,,,,,
14210,42.867,-78.831,2023-10-05T11:00:00,25.5,0,,0,27.7,18.7,198,5.194444444,18,,,,,
14210,42.867,-78.831,2023-10-05T12:00:00,27,0,,0,35.3,20.4,194,5.666666667,14,,,,,
14210,42.867,-78.831,2023-10-05T13:00:00,27.6,0,,0,35.3,26.3,190,7.305555556,10,,,,,
14210,42.867,-78.831,2023-10-05T14:00:00,27.3,0,,0,40.4,25.7,218,7.138888889,38,,,,,
14210,42.867,-78.831,2023-10-05T15:00:00,27.9,0,,0,37.1,16.3,239,4.527777778,59,,,,,
14210,42.867,-78.831,2023-10-05T16:00:00,27.7,0,,0,29.5,19.7,258,5.472222222,78,,,,,
14210,42.867,-78.831,2023-10-05T17:00:00,26.6,0,,0,25.9,15.9,249,4.416666667,69,,,,,
14210,42.867,-78.831,2023-10-05T18:00:00,24.9,0,,0,20.5,10.9,256,3.027777778,76,,,,,
14210,42.867,-78.831,2023-10-05T19:00:00,23.7,0.025,rain,0,14.8,7.5,208,2.083333333,28,,,,,
14210,42.867,-78.831,2023-10-05T20:00:00,22.2,0,,0,11.2,9.7,141,2.694444444,39,,,,,
14210,42.867,-78.831,2023-10-05T21:00:00,21.6,0.073,rain,0,33.5,9.1,191,2.527777778,11,,,,,
14210,42.867,-78.831,2023-10-05T22:00:00,21.4,0.023,rain,0,16.6,12.5,234,3.472222222,54,,,,,
14210,42.867,-78.831,2023-10-05T23:00:00,19.7,0.363,rain,0,37.8,26.2,233,7.277777778,53,,,,,
14210,42.867,-78.831,2023-10-06T00:00:00,17.9,0.707,rain,0,22.3,9.7,227,2.694444444,47,,,,,
14210,42.867,-78.831,2023-10-06T01:00:00,17.9,0.168,rain,0,25.9,8.6,215,2.388888889,35,,,,,
14210,42.867,-78.831,2023-10-06T02:00:00,17.9,0.416,rain,0,29.5,13.4,219,3.722222222,39,,,,,
14210,42.867,-78.831,2023-10-06T03:00:00,17.4,1.11,rain,0,37.1,17.1,163,4.75,17,,,,,
14210,42.867,-78.831,2023-10-06T04:00:00,17.9,0.265,rain,0,35.3,16.8,168,4.666666667,12,,,,,
14210,42.867,-78.831,2023-10-06T05:00:00,18,0,,0,46.4,24,173,6.666666667,7,,,,,
14210,42.867,-78.831,2023-10-06T06:00:00,17.4,0.183,rain,0,43.2,22.6,175,6.277777778,5,,,,,
14210,42.867,-78.831,2023-10-06T07:00:00,17.2,1.343,rain,0,40.7,21.3,191,5.916666667,11,,,,,
14210,42.867,-78.831,2023-10-06T08:00:00,17.2,1.259,rain,0,40.7,21.8,211,6.055555556,31,,,,,
14210,42.867,-78.831,2023-10-06T09:00:00,16.9,0.247,rain,0,37.1,17.1,172,4.75,8,,,,,
14210,42.867,-78.831,2023-10-06T10:00:00,17.5,0.031,rain,0,31.3,17.6,193,4.888888889,13,,,,,
14210,42.867,-78.831,2023-10-06T11:00:00,17.2,2.849,rain,0,29.5,15.5,176,4.305555556,4,,,,,
14210,42.867,-78.831,2023-10-06T12:00:00,19.1,0.129,rain,0,29.5,11.5,233,3.194444444,53,,,,,
14210,42.867,-78.831,2023-10-06T13:00:00,20.3,0,,0,37.1,22.4,228,6.222222222,48,,,,,
14210,42.867,-78.831,2023-10-06T14:00:00,20.9,0,,0,42.2,27.2,236,7.555555556,56,,,,,
14210,42.867,-78.831,2023-10-06T15:00:00,21.4,0,,0,36.6,22.2,239,6.166666667,59,,,,,
14210,42.867,-78.831,2023-10-06T16:00:00,21.2,0,,0,36.1,21.6,212,6,32,,,,,
14210,42.867,-78.831,2023-10-06T17:00:00,21.3,0,,0,27.7,19.1,225,5.305555556,45,,,,,
14210,42.867,-78.831,2023-10-06T18:00:00,19.6,0,,0,35.2,24.4,241,6.777777778,61,,,,,
14210,42.867,-78.831,2023-10-06T19:00:00,18.6,0.006,rain,0,25.9,11,238,3.055555556,58,,,,,
14210,42.867,-78.831,2023-10-06T20:00:00,18.5,0,,0,22.3,13.9,236,3.861111111,56,,,,,
14210,42.867,-78.831,2023-10-06T21:00:00,18.3,0,,0,18.4,13.8,235,3.833333333,55,,,,,
14210,42.867,-78.831,2023-10-06T22:00:00,16,1.268,rain,0,18.4,18.9,248,5.25,68,,,,,
14210,42.867,-78.831,2023-10-06T23:00:00,15.3,0.462,rain,0,16.6,10.6,162,2.944444444,18,,,,,
14210,42.867,-78.831,2023-10-07T00:00:00,15,0,,0,16.6,9.2,188,2.555555556,8,,,,,
14210,42.867,-78.831,2023-10-07T01:00:00,14.4,0,,0,16.6,7.6,180,2.111111111,0,,,,,
14210,42.867,-78.831,2023-10-07T02:00:00,14.4,0,,0,16.6,8,212,2.222222222,32,,,,,
14210,42.867,-78.831,2023-10-07T03:00:00,14.8,0,,0,44.3,8.8,187,2.444444444,7,,,,,
14210,42.867,-78.831,2023-10-07T04:00:00,14.2,0,,0,37.8,26.8,264,7.444444444,84,,,,,
14210,42.867,-78.831,2023-10-07T05:00:00,13,0,,0,27.7,12.4,263,3.444444444,83,,,,,
14210,42.867,-78.831,2023-10-07T06:00:00,12.8,0.003,rain,0,35.3,15.3,256,4.25,76,,,,,
14210,42.867,-78.831,2023-10-07T07:00:00,12,0.25,rain,0,29.5,2.1,322,0.583333333,38,,,,,
14210,42.867,-78.831,2023-10-07T08:00:00,12.2,0.247,rain,0,35.2,22.4,284,6.222222222,76,,,,,
14210,42.867,-78.831,2023-10-07T09:00:00,11.3,0,,0,37.1,11.7,293,3.25,67,,,,,
14210,42.867,-78.831,2023-10-07T10:00:00,11.5,0,,0,36.1,10.3,261,2.861111111,81,,,,,
14210,42.867,-78.831,2023-10-07T11:00:00,10.6,2.06,rain,0,33.5,12.7,237,3.527777778,57,,,,,
14210,42.867,-78.831,2023-10-07T12:00:00,13,0,,0,40.5,27.2,245,7.555555556,65,,,,,
14210,42.867,-78.831,2023-10-07T13:00:00,13.5,0,,0,38.9,24.4,260,6.777777778,80,,,,,
14210,42.867,-78.831,2023-10-07T14:00:00,14.3,0,,0,44.1,28.3,266,7.861111111,86,,,,,
14210,42.867,-78.831,2023-10-07T15:00:00,14.5,0,,0,42.1,22.8,259,6.333333333,79,,,,,
14210,42.867,-78.831,2023-10-07T16:00:00,14.1,0,,0,42.6,23.7,259,6.583333333,79,,,,,
14210,42.867,-78.831,2023-10-07T17:00:00,13.6,0,,0,46.4,28.9,245,8.027777778,65,,,,,
14210,42.867,-78.831,2023-10-07T18:00:00,13.9,0,,0,44.2,24.6,253,6.833333333,73,,,,,
14210,42.867,-78.831,2023-10-07T19:00:00,12.2,0,,0,32.2,22.1,270,6.138888889,90,,,,,
14210,42.867,-78.831,2023-10-07T20:00:00,11.8,0,,0,35.3,16.7,260,4.638888889,80,,,,,
14210,42.867,-78.831,2023-10-07T21:00:00,11.2,0,,0,37.6,22,260,6.111111111,80,,,,,
14210,42.867,-78.831,2023-10-07T22:00:00,10.7,0,,0,37.1,24.2,269,6.722222222,89,,,,,
14210,42.867,-78.831,2023-10-07T23:00:00,9.6,0,,0,35.3,18,262,5,82,,,,,
14210,42.867,-78.831,2023-10-08T00:00:00,9,0,,0,51.8,20.7,269,5.75,89,,,,,
14210,42.867,-78.831,2023-10-08T01:00:00,8.5,0,,0,50,17.5,269,4.861111111,89,,,,,
14210,42.867,-78.831,2023-10-08T02:00:00,8.1,0,,0,35.3,16,262,4.444444444,82,,,,,
14210,42.867,-78.831,2023-10-08T03:00:00,8.1,0,,0,55.4,20.8,260,5.777777778,80,,,,,
14210,42.867,-78.831,2023-10-08T04:00:00,8.1,0,,0,59,18.3,260,5.083333333,80,,,,,
14210,42.867,-78.831,2023-10-08T05:00:00,8,0,,0,37.1,24,260,6.666666667,80,,,,,
14210,42.867,-78.831,2023-10-08T06:00:00,8,0,,0,63,24.6,261,6.833333333,81,,,,,
14210,42.867,-78.831,2023-10-08T07:00:00,8,0,,0,40,23.2,260,6.444444444,80,,,,,
14210,42.867,-78.831,2023-10-08T08:00:00,8.4,0,,0,41.4,26.4,260,7.333333333,80,,,,,
14210,42.867,-78.831,2023-10-08T09:00:00,9.6,0,,0,38.8,24.4,262,6.777777778,82,,,,,
14210,42.867,-78.831,2023-10-08T10:00:00,10.4,0,,0,48.5,26.5,270,7.361111111,90,,,,,
14210,42.867,-78.831,2023-10-08T11:00:00,11.3,0,,0,50.6,28.8,261,8,81,,,,,
14210,42.867,-78.831,2023-10-08T12:00:00,11.2,0,,0,56.6,26.1,261,7.25,81,,,,,
14210,42.867,-78.831,2023-10-08T13:00:00,11.6,0,,0,53.3,29.9,250,8.305555556,70,,,,,
14210,42.867,-78.831,2023-10-08T14:00:00,9.8,0.261,rain,0,51.7,28.1,251,7.805555556,71,,,,,
14210,42.867,-78.831,2023-10-08T15:00:00,10.5,0.266,rain,0,62.3,37.1,260,10.30555556,80,,,,,
14210,42.867,-78.831,2023-10-08T16:00:00,10,0.048,rain,0,61.4,34,251,9.444444444,71,,,,,
14210,42.867,-78.831,2023-10-08T17:00:00,9.4,0.052,rain,0,63.7,35.5,269,9.861111111,89,,,,,
14210,42.867,-78.831,2023-10-08T18:00:00,8.5,0.355,rain,0,59.3,30.8,260,8.555555556,80,,,,,
14210,42.867,-78.831,2023-10-08T19:00:00,8,0.267,rain,0,56.7,36,260,10,80,,,,,
14210,42.867,-78.831,2023-10-08T20:00:00,8,0,,0,42.8,27,261,7.5,81,,,,,
14210,42.867,-78.831,2023-10-08T21:00:00,8.5,0,,0,38.3,22.2,252,6.166666667,72,,,,,
14210,42.867,-78.831,2023-10-08T22:00:00,8.6,0,,0,51.8,15.8,242,4.388888889,62,,,,,
14210,42.867,-78.831,2023-10-08T23:00:00,9.4,0,,0,35.3,22.3,251,6.194444444,71,,,,,
14210,42.867,-78.831,2023-10-09T00:00:00,9.9,0,,0,35.8,25.4,259,7.055555556,79,,,,,
14210,42.867,-78.831,2023-10-09T01:00:00,8.9,0,,0,41.3,25.4,250,7.055555556,70,,,,,
14210,42.867,-78.831,2023-10-09T02:00:00,8.4,0,,0,38.9,21.8,249,6.055555556,69,,,,,
14210,42.867,-78.831,2023-10-09T03:00:00,8.4,0,,0,44.7,27.6,266,7.666666667,86,,,,,
14210,42.867,-78.831,2023-10-09T04:00:00,8.3,0,,0,46.8,23.2,258,6.444444444,78,,,,,
14210,42.867,-78.831,2023-10-09T05:00:00,7.8,0,,0,36.8,21.2,258,5.888888889,78,,,,,
14210,42.867,-78.831,2023-10-09T06:00:00,7.8,0,,0,44.8,26.1,257,7.25,77,,,,,
14210,42.867,-78.831,2023-10-09T07:00:00,7.8,0,,0,43.1,27.8,258,7.722222222,78,,,,,
14210,42.867,-78.831,2023-10-09T08:00:00,7.8,0,,0,47.1,25.4,256,7.055555556,76,,,,,
14210,42.867,-78.831,2023-10-09T09:00:00,8.3,0,,0,46.1,30.7,256,8.527777778,76,,,,,
14210,42.867,-78.831,2023-10-09T10:00:00,8.8,0,,0,51.6,29.4,249,8.166666667,69,,,,,
14210,42.867,-78.831,2023-10-09T11:00:00,9.5,0,,0,60.6,30,250,8.333333333,70,,,,,
14210,42.867,-78.831,2023-10-09T12:00:00,10.8,0,,0,56.4,31.6,258,8.777777778,78,,,,,
14210,42.867,-78.831,2023-10-09T13:00:00,11.2,0,,0,60.7,37.2,248,10.33333333,68,,,,,
14210,42.867,-78.831,2023-10-09T14:00:00,11.5,0,,0,57.4,34.1,238,9.472222222,58,,,,,
14210,42.867,-78.831,2023-10-09T15:00:00,12.4,0,,0,60.9,33.6,240,9.333333333,60,,,,,
14210,42.867,-78.831,2023-10-09T16:00:00,12,0,,0,57.2,37.3,246,10.36111111,66,,,,,
14210,42.867,-78.831,2023-10-09T17:00:00,9.6,0.824,rain,0,49.8,25.1,207,6.972222222,27,,,,,
14210,42.867,-78.831,2023-10-09T18:00:00,9.4,0.326,rain,0,51.9,29.4,216,8.166666667,36,,,,,
14210,42.867,-78.831,2023-10-09T19:00:00,8.9,0.659,rain,0,48,25.1,216,6.972222222,36,,,,,
14210,42.867,-78.831,2023-10-09T20:00:00,8.7,3.876,rain,0,42.5,3.1,328,0.861111111,32,,,,,
14210,42.867,-78.831,2023-10-09T21:00:00,8.9,0,,0,29.5,19.1,208,5.305555556,28,,,,,
14210,42.867,-78.831,2023-10-09T22:00:00,8.8,0,,0,24.1,11.4,201,3.166666667,21,,,,,
14210,42.867,-78.831,2023-10-09T23:00:00,8.9,0,,0,24.1,11.5,205,3.194444444,25,,,,,
14210,42.867,-78.831,2023-10-10T00:00:00,8.5,0,,0,46.1,13.1,195,3.638888889,15,,,,,
14210,42.867,-78.831,2023-10-10T01:00:00,9,0,,0,42.5,14.8,198,4.111111111,18,,,,,
14210,42.867,-78.831,2023-10-10T02:00:00,8.6,0,,0,22.3,14.2,202,3.944444444,22,,,,,
14210,42.867,-78.831,2023-10-10T03:00:00,8.6,0,,0,24.1,13.7,220,3.805555556,40,,,,,
14210,42.867,-78.831,2023-10-10T04:00:00,8.5,0,,0,24.1,15.7,209,4.361111111,29,,,,,
14210,42.867,-78.831,2023-10-10T05:00:00,8.5,0,,0,24.1,15.2,207,4.222222222,27,,,,,
14210,42.867,-78.831,2023-10-10T06:00:00,8.9,0,,0,33.5,6.8,243,1.888888889,63,,,,,
14210,42.867,-78.831,2023-10-10T07:00:00,8.5,0,,0,42.5,12.6,209,3.5,29,,,,,
14210,42.867,-78.831,2023-10-10T08:00:00,8.5,0,,0,24.1,9.2,212,2.555555556,32,,,,,
14210,42.867,-78.831,2023-10-10T09:00:00,8.6,0,,0,55.4,13.9,203,3.861111111,23,,,,,
14210,42.867,-78.831,2023-10-10T10:00:00,8.2,0.247,rain,0,35.8,11.9,187,3.305555556,7,,,,,
14210,42.867,-78.831,2023-10-10T11:00:00,8.8,0,,0,38.9,21,183,5.833333333,3,,,,,
14210,42.867,-78.831,2023-10-10T12:00:00,8.9,0.247,rain,0,40.7,18.2,192,5.055555556,12,,,,,
14210,42.867,-78.831,2023-10-10T13:00:00,9.6,1.071,rain,0,38.6,24.4,224,6.777777778,44,,,,,
14210,42.867,-78.831,2023-10-10T14:00:00,9.2,0.53,rain,0,48.2,23.4,199,6.5,19,,,,,
14210,42.867,-78.831,2023-10-10T15:00:00,9.8,0.321,rain,0,47.4,30.7,213,8.527777778,33,,,,,
14210,42.867,-78.831,2023-10-10T16:00:00,9.6,2.719,rain,0,44,26.9,210,7.472222222,30,,,,,
14210,42.867,-78.831,2023-10-10T17:00:00,9.4,3.661,rain,0,31.7,13.5,210,3.75,30,,,,,
14210,42.867,-78.831,2023-10-10T18:00:00,9.4,6.312,rain,0,35.3,6.8,255,1.888888889,75,,,,,
14210,42.867,-78.831,2023-10-10T19:00:00,9.2,1.443,rain,0,33.5,16,215,4.444444444,35,,,,,
14210,42.867,-78.831,2023-10-10T20:00:00,9.1,2.307,rain,0,29.5,18.7,275,5.194444444,85,,,,,
14210,42.867,-78.831,2023-10-10T21:00:00,9,2.609,rain,0,33.5,8.3,242,2.305555556,62,,,,,
14210,42.867,-78.831,2023-10-10T22:00:00,9,0.664,rain,0,35.3,10.9,229,3.027777778,49,,,,,
14210,42.867,-78.831,2023-10-10T23:00:00,9,0.333,rain,0,14.8,13.4,242,3.722222222,62,,,,,
14210,42.867,-78.831,2023-10-11T00:00:00,8.5,0.268,rain,0,11.2,10.4,203,2.888888889,23,,,,,
14210,42.867,-78.831,2023-10-11T01:00:00,8.5,1.086,rain,0,9.4,10.4,236,2.888888889,56,,,,,
14210,42.867,-78.831,2023-10-11T02:00:00,8.5,1.483,rain,0,11.2,6.5,205,1.805555556,25,,,,,
14210,42.867,-78.831,2023-10-11T03:00:00,8.5,0.414,rain,0,16.6,8.2,206,2.277777778,26,,,,,
14210,42.867,-78.831,2023-10-11T04:00:00,8.5,0,,0,18.4,9.6,251,2.666666667,71,,,,,
14210,42.867,-78.831,2023-10-11T05:00:00,8.5,0,,0,22.3,8.3,268,2.305555556,88,,,,,
14210,42.867,-78.831,2023-10-11T06:00:00,8.4,0,,0,22.3,11.3,252,3.138888889,72,,,,,
14210,42.867,-78.831,2023-10-11T07:00:00,7.8,0,,0,22.3,13.1,252,3.638888889,72,,,,,
14210,42.867,-78.831,2023-10-11T08:00:00,7.9,0,,0,22.3,9,255,2.5,75,,,,,
14210,42.867,-78.831,2023-10-11T09:00:00,8.5,0,,0,25.9,12.5,252,3.472222222,72,,,,,
14210,42.867,-78.831,2023-10-11T10:00:00,10.1,0,,0,29.5,11.2,251,3.111111111,71,,,,,
14210,42.867,-78.831,2023-10-11T11:00:00,11.7,0,,0,33.5,22.4,270,6.222222222,90,,,,,
14210,42.867,-78.831,2023-10-11T12:00:00,12.4,0,,0,33.5,16.8,256,4.666666667,76,,,,,
14210,42.867,-78.831,2023-10-11T13:00:00,13,0,,0,40.7,20.7,259,5.75,79,,,,,
14210,42.867,-78.831,2023-10-11T14:00:00,13.1,0,,0,37.1,23,244,6.388888889,64,,,,,
14210,42.867,-78.831,2023-10-11T15:00:00,12.5,0,,0,42.5,21.7,238,6.027777778,58,,,,,
14210,42.867,-78.831,2023-10-11T16:00:00,12,0,,0,35.3,19.7,232,5.472222222,52,,,,,
14210,42.867,-78.831,2023-10-11T17:00:00,11.6,0,,0,31.7,17.4,251,4.833333333,71,,,,,
14210,42.867,-78.831,2023-10-11T18:00:00,12,0,,0,29.5,15.6,248,4.333333333,68,,,,,
14210,42.867,-78.831,2023-10-11T19:00:00,11.8,0,,0,27.7,19.1,244,5.305555556,64,,,,,
14210,42.867,-78.831,2023-10-11T20:00:00,11.9,0,,0,22.3,11.4,238,3.166666667,58,,,,,
14210,42.867,-78.831,2023-10-11T21:00:00,11.8,0,,0,16.6,12.6,231,3.5,51,,,,,
14210,42.867,-78.831,2023-10-11T22:00:00,11.7,0,,0,14.8,10.4,251,2.888888889,71,,,,,
14210,42.867,-78.831,2023-10-11T23:00:00,10.8,0,,0,13,10.6,188,2.944444444,8,,,,,
14210,42.867,-78.831,2023-10-12T00:00:00,10.7,0.247,rain,0,14.8,7.6,191,2.111111111,11,,,,,
14210,42.867,-78.831,2023-10-12T01:00:00,10.7,0,,0,11.2,1.1,331,0.305555556,29,,,,,
14210,42.867,-78.831,2023-10-12T02:00:00,10.7,0,,0,9.4,5.4,209,1.5,29,,,,,
14210,42.867,-78.831,2023-10-12T03:00:00,10.2,0.247,rain,0,7.6,4.6,151,1.277777778,29,,,,,
14210,42.867,-78.831,2023-10-12T04:00:00,10.2,0,,0,7.6,5.3,122,1.472222222,58,,,,,
14210,42.867,-78.831,2023-10-12T05:00:00,10.1,0,,0,5.4,0.3,356,0.083333333,4,,,,,
14210,42.867,-78.831,2023-10-12T06:00:00,9.6,0,,0,7.6,4.8,33,1.333333333,33,,,,,
14210,42.867,-78.831,2023-10-12T07:00:00,9.5,0,,0,7.6,0.3,358,0.083333333,2,,,,,
14210,42.867,-78.831,2023-10-12T08:00:00,9.5,0,,0,5.4,4.6,205,1.277777778,25,,,,,
14210,42.867,-78.831,2023-10-12T09:00:00,10.3,0,,0,3.6,6.5,148,1.805555556,32,,,,,
14210,42.867,-78.831,2023-10-12T10:00:00,11.6,0,,0,3.6,5.8,211,1.611111111,31,,,,,
14210,42.867,-78.831,2023-10-12T11:00:00,12.4,0,,0,5.4,2.1,352,0.583333333,8,,,,,
14210,42.867,-78.831,2023-10-12T12:00:00,13.9,0,,0,5.4,1.8,353,0.5,7,,,,,
14210,42.867,-78.831,2023-10-12T13:00:00,14.5,0,,0,9.4,5.9,314,1.638888889,46,,,,,
14210,42.867,-78.831,2023-10-12T14:00:00,15,0,,0,13,11.8,316,3.277777778,44,,,,,
14210,42.867,-78.831,2023-10-12T15:00:00,15.7,0,,0,14.8,11.8,343,3.277777778,17,,,,,
14210,42.867,-78.831,2023-10-12T16:00:00,15.7,0,,0,29.5,13.2,343,3.666666667,17,,,,,
14210,42.867,-78.831,2023-10-12T17:00:00,14.1,0,,0,14.8,14.8,5,4.111111111,5,,,,,
14210,42.867,-78.831,2023-10-12T18:00:00,13.9,0,,0,13,11.1,347,3.083333333,13,,,,,
14210,42.867,-78.831,2023-10-12T19:00:00,12.1,0,,0,11.2,7.3,12,2.027777778,12,,,,,
14210,42.867,-78.831,2023-10-12T20:00:00,10.7,0,,0,11.2,6,17,1.666666667,17,,,,,
14210,42.867,-78.831,2023-10-12T21:00:00,9.3,0,,0,37.1,8.1,18,2.25,18,,,,,
14210,42.867,-78.831,2023-10-12T22:00:00,8.5,0,,0,38.9,6.3,8,1.75,8,,,,,
14210,42.867,-78.831,2023-10-12T23:00:00,8.4,0,,0,11.2,1.5,1,0.416666667,1,,,,,
14210,42.867,-78.831,2023-10-13T00:00:00,7.9,0,,0,11.2,6.7,8,1.861111111,8,,,,,
14210,42.867,-78.831,2023-10-13T01:00:00,6.8,0,,0,9.4,1.4,358,0.388888889,2,,,,,
14210,42.867,-78.831,2023-10-13T02:00:00,6.8,0,,0,7.6,1,1,0.277777778,1,,,,,
14210,42.867,-78.831,2023-10-13T03:00:00,6.2,0,,0,5.4,1.3,358,0.361111111,2,,,,,
14210,42.867,-78.831,2023-10-13T04:00:00,5.6,0,,0,5.4,0.4,357,0.111111111,3,,,,,
14210,42.867,-78.831,2023-10-13T05:00:00,5.6,0,,0,3.6,0.3,0,0.083333333,0,,,,,
14210,42.867,-78.831,2023-10-13T06:00:00,4.5,0,,0,3.6,0.3,356,0.083333333,4,,,,,
14210,42.867,-78.831,2023-10-13T07:00:00,4.6,0,,0,3.6,0.3,356,0.083333333,4,,,,,
14210,42.867,-78.831,2023-10-13T08:00:00,4.2,0,,0,3.6,4.7,154,1.305555556,26,,,,,
14210,42.867,-78.831,2023-10-13T09:00:00,6.6,0,,0,5.4,0.3,6,0.083333333,6,,,,,
14210,42.867,-78.831,2023-10-13T10:00:00,9.8,0,,0,5.4,0.4,359,0.111111111,1,,,,,
14210,42.867,-78.831,2023-10-13T11:00:00,12.4,0,,0,3.6,1.9,4,0.527777778,4,,,,,
14210,42.867,-78.831,2023-10-13T12:00:00,12.4,0,,0,7.6,0.3,1,0.083333333,1,,,,,
14210,42.867,-78.831,2023-10-13T13:00:00,13.1,0,,0,11.2,8,57,2.222222222,57,,,,,
14210,42.867,-78.831,2023-10-13T14:00:00,14.3,0,,0,14.8,1,352,0.277777778,8,,,,,
14210,42.867,-78.831,2023-10-13T15:00:00,13.6,0,,0,14.8,9.6,38,2.666666667,38,,,,,
14210,42.867,-78.831,2023-10-13T16:00:00,13.6,0,,0,14.8,7.8,20,2.166666667,20,,,,,
14210,42.867,-78.831,2023-10-13T17:00:00,13.3,0,,0,14.8,9.5,35,2.638888889,35,,,,,
14210,42.867,-78.831,2023-10-13T18:00:00,12.3,0,,0,14.8,12.2,36,3.388888889,36,,,,,
14210,42.867,-78.831,2023-10-13T19:00:00,11.7,0,,0,14.8,8.6,42,2.388888889,42,,,,,
14210,42.867,-78.831,2023-10-13T20:00:00,11.2,0,,0,14.8,10.5,34,2.916666667,34,,,,,
14210,42.867,-78.831,2023-10-13T21:00:00,11.1,0.003,rain,0,13,9.2,44,2.555555556,44,,,,,
14210,42.867,-78.831,2023-10-13T22:00:00,10.7,0,,0,13,7.9,84,2.194444444,84,,,,,
14210,42.867,-78.831,2023-10-13T23:00:00,10.8,0,,0,14.8,11.1,74,3.083333333,74,,,,,
14210,42.867,-78.831,2023-10-14T00:00:00,10.2,0,,0,14.8,12.5,68,3.472222222,68,,,,,
14210,42.867,-78.831,2023-10-14T01:00:00,10.2,0,,0,14.8,10.4,58,2.888888889,58,,,,,
14210,42.867,-78.831,2023-10-14T02:00:00,10,0.005,rain,0,14.8,9.8,47,2.722222222,47,,,,,
14210,42.867,-78.831,2023-10-14T03:00:00,9.5,0.023,rain,0,16.6,12.2,76,3.388888889,76,,,,,
14210,42.867,-78.831,2023-10-14T04:00:00,8.5,0.438,rain,0,18.4,9.2,101,2.555555556,79,,,,,
14210,42.867,-78.831,2023-10-14T05:00:00,8.5,0.247,rain,0,22.3,13.7,90,3.805555556,90,,,,,
14210,42.867,-78.831,2023-10-14T06:00:00,8.5,0.01,rain,0,24.1,14.5,71,4.027777778,71,,,,,
14210,42.867,-78.831,2023-10-14T07:00:00,8.5,0,,0,24.1,17.5,63,4.861111111,63,,,,,
14210,42.867,-78.831,2023-10-14T08:00:00,8.9,0,,0,25.9,14.2,73,3.944444444,73,,,,,
14210,42.867,-78.831,2023-10-14T09:00:00,8.6,0.022,rain,0,27.7,12.9,63,3.583333333,63,,,,,
14210,42.867,-78.831,2023-10-14T10:00:00,9,0.786,rain,0,29.5,15.9,70,4.416666667,70,,,,,
14210,42.867,-78.831,2023-10-14T11:00:00,9.6,0.372,rain,0,31.3,17.7,71,4.916666667,71,,,,,
14210,42.867,-78.831,2023-10-14T12:00:00,10.2,0.455,rain,0,31.3,16.4,63,4.555555556,63,,,,,
14210,42.867,-78.831,2023-10-14T13:00:00,10.2,0.036,rain,0,33.5,13.6,70,3.777777778,70,,,,,
14210,42.867,-78.831,2023-10-14T14:00:00,9.6,0.824,rain,0,33.5,16.3,70,4.527777778,70,,,,,
14210,42.867,-78.831,2023-10-14T15:00:00,9.2,1.15,rain,0,31.3,11.9,53,3.305555556,53,,,,,
14210,42.867,-78.831,2023-10-14T16:00:00,9.2,2.071,rain,0,29.5,15.8,56,4.388888889,56,,,,,
14210,42.867,-78.831,2023-10-14T17:00:00,9.6,1.777,rain,0,27.7,16.1,59,4.472222222,59,,,,,
14210,42.867,-78.831,2023-10-14T18:00:00,9.2,0,,0,25.9,11.2,59,3.111111111,59,,,,,
14210,42.867,-78.831,2023-10-14T19:00:00,9.6,0,,0,37.1,6.1,29,1.694444444,29,,,,,
14210,42.867,-78.831,2023-10-14T20:00:00,9.6,0.082,rain,0,24.1,7.9,354,2.194444444,6,,,,,
14210,42.867,-78.831,2023-10-14T21:00:00,9.6,0,,0,31.3,9.3,348,2.583333333,12,,,,,
14210,42.867,-78.831,2023-10-14T22:00:00,9.2,0,,0,40.7,8.4,351,2.333333333,9,,,,,
14210,42.867,-78.831,2023-10-14T23:00:00,9.7,0,,0,27.7,15.6,353,4.333333333,7,,,,,
14210,42.867,-78.831,2023-10-15T00:00:00,9.2,0,,0,48.2,15.6,354,4.333333333,6,,,,,
14210,42.867,-78.831,2023-10-15T01:00:00,9.6,0,,0,51.8,15.9,3,4.416666667,3,,,,,
14210,42.867,-78.831,2023-10-15T02:00:00,9.5,0,,0,25.9,16,353,4.444444444,7,,,,,
14210,42.867,-78.831,2023-10-15T03:00:00,9,0,,0,48.2,13.8,351,3.833333333,9,,,,,
14210,42.867,-78.831,2023-10-15T04:00:00,8.6,0,,0,44.3,12.9,341,3.583333333,19,,,,,
14210,42.867,-78.831,2023-10-15T05:00:00,8.6,0,,0,31.3,14.1,341,3.916666667,19,,,,,
14210,42.867,-78.831,2023-10-15T06:00:00,8.6,0,,0,39.9,16.4,333,4.555555556,27,,,,,
14210,42.867,-78.831,2023-10-15T07:00:00,8.6,0,,0,50,17.6,333,4.888888889,27,,,,,
14210,42.867,-78.831,2023-10-15T08:00:00,8.5,0,,0,29.5,16.8,322,4.666666667,38,,,,,
14210,42.867,-78.831,2023-10-15T09:00:00,8.6,0,,0,30,17.3,331,4.805555556,29,,,,,
14210,42.867,-78.831,2023-10-15T10:00:00,9.1,0,,0,36.3,21.6,322,6,38,,,,,
14210,42.867,-78.831,2023-10-15T11:00:00,9.1,0,,0,38.9,24.6,323,6.833333333,37,,,,,
14210,42.867,-78.831,2023-10-15T12:00:00,9.5,0.014,rain,0,40.6,23.2,330,6.444444444,30,,,,,
14210,42.867,-78.831,2023-10-15T13:00:00,10,0,,0,38.8,21.3,320,5.916666667,40,,,,,
14210,42.867,-78.831,2023-10-15T14:00:00,9,0,,0,29.5,20,313,5.555555556,47,,,,,
14210,42.867,-78.831,2023-10-15T15:00:00,9,0,,0,32.9,23.1,303,6.416666667,57,,,,,
14210,42.867,-78.831,2023-10-15T16:00:00,8.5,0.125,rain,0,35.3,17.2,305,4.777777778,55,,,,,
14210,42.867,-78.831,2023-10-15T17:00:00,8.2,1.057,rain,0,33.5,16.1,323,4.472222222,37,,,,,
14210,42.867,-78.831,2023-10-15T18:00:00,8.5,0.009,rain,0,29.5,14.1,322,3.916666667,38,,,,,
14210,42.867,-78.831,2023-10-15T19:00:00,8.5,0,,0,35.3,10.3,331,2.861111111,29,,,,,
14210,42.867,-78.831,2023-10-15T20:00:00,8.4,0,,0,22.3,11.9,323,3.305555556,37,,,,,
14210,42.867,-78.831,2023-10-15T21:00:00,8.5,0,,0,35.3,11.6,323,3.222222222,37,,,,,
14210,42.867,-78.831,2023-10-15T22:00:00,8.4,0,,0,33.5,11.9,325,3.305555556,35,,,,,
14210,42.867,-78.831,2023-10-15T23:00:00,8.5,0,,0,18.4,10.1,313,2.805555556,47,,,,,
14210,42.867,-78.831,2023-10-16T00:00:00,8,0,,0,38.9,11.7,313,3.25,47,,,,,
14210,42.867,-78.831,2023-10-16T01:00:00,8.1,0.003,rain,0,38.9,11.4,323,3.166666667,37,,,,,
14210,42.867,-78.831,2023-10-16T02:00:00,8.2,0,,0,16.6,12.2,333,3.388888889,27,,,,,
14210,42.867,-78.831,2023-10-16T03:00:00,8.2,0.247,rain,0,35.3,11.4,315,3.166666667,45,,,,,
14210,42.867,-78.831,2023-10-16T04:00:00,8.6,0.003,rain,0,31.3,9.8,307,2.722222222,53,,,,,
14210,42.867,-78.831,2023-10-16T05:00:00,8.5,0,,0,18.4,11.8,315,3.277777778,45,,,,,
14210,42.867,-78.831,2023-10-16T06:00:00,8.6,0,,0,33.5,11.1,313,3.083333333,47,,,,,
14210,42.867,-78.831,2023-10-16T07:00:00,8.6,0.014,rain,0,31.3,11.4,304,3.166666667,56,,,,,
14210,42.867,-78.831,2023-10-16T08:00:00,9.1,0,,0,22.3,14.4,312,4,48,,,,,
14210,42.867,-78.831,2023-10-16T09:00:00,9.5,0.009,rain,0,24.1,13.6,323,3.777777778,37,,,,,
14210,42.867,-78.831,2023-10-16T10:00:00,10.2,0.266,rain,0,24.1,13.3,322,3.694444444,38,,,,,
14210,42.867,-78.831,2023-10-16T11:00:00,10.9,0,,0,25.9,13.7,333,3.805555556,27,,,,,
14210,42.867,-78.831,2023-10-16T12:00:00,11,0,,0,38.6,17.3,341,4.805555556,19,,,,,
14210,42.867,-78.831,2023-10-16T13:00:00,11.9,0,,0,44.3,19.1,351,5.305555556,9,,,,,
14210,42.867,-78.831,2023-10-16T14:00:00,11.8,0,,0,36,19.6,333,5.444444444,27,,,,,
14210,42.867,-78.831,2023-10-16T15:00:00,11.3,0,,0,36.4,22.4,340,6.222222222,20,,,,,
14210,42.867,-78.831,2023-10-16T16:00:00,11.3,0,,0,37.1,15,341,4.166666667,19,,,,,
14210,42.867,-78.831,2023-10-16T17:00:00,10.9,0,,0,24.1,15.1,340,4.194444444,20,,,,,
14210,42.867,-78.831,2023-10-16T18:00:00,10.8,0,,0,33.5,13.6,340,3.777777778,20,,,,,
14210,42.867,-78.831,2023-10-16T19:00:00,10.8,0,,0,31.3,12.7,331,3.527777778,29,,,,,
14210,42.867,-78.831,2023-10-16T20:00:00,10.2,0,,0,18.4,16.1,331,4.472222222,29,,,,,
14210,42.867,-78.831,2023-10-16T21:00:00,10.2,0,,0,33.5,11.8,321,3.277777778,39,,,,,
14210,42.867,-78.831,2023-10-16T22:00:00,9.6,0,,0,31.3,12.8,333,3.555555556,27,,,,,
14210,42.867,-78.831,2023-10-16T23:00:00,9.6,0.252,rain,0,16.6,1.3,350,0.361111111,10,,,,,
14210,42.867,-78.831,2023-10-17T00:00:00,9.2,0,,0,14.8,8.2,278,2.277777778,82,,,,,
14210,42.867,-78.831,2023-10-17T01:00:00,9.6,0,,0,13,10.8,304,3,56,,,,,
14210,42.867,-78.831,2023-10-17T02:00:00,9.6,0,,0,11.2,7.9,295,2.194444444,65,,,,,
14210,42.867,-78.831,2023-10-17T03:00:00,9.6,0,,0,7.6,2.1,344,0.583333333,16,,,,,
14210,42.867,-78.831,2023-10-17T04:00:00,9.5,0,,0,5.4,6.3,252,1.75,72,,,,,
14210,42.867,-78.831,2023-10-17T05:00:00,9.5,0,,0,5.4,9.9,290,2.75,70,,,,,
14210,42.867,-78.831,2023-10-17T06:00:00,9.5,0,,0,5.4,11.1,288,3.083333333,72,,,,,
14210,42.867,-78.831,2023-10-17T07:00:00,9.5,0,,0,7.6,11.1,298,3.083333333,62,,,,,
14210,42.867,-78.831,2023-10-17T08:00:00,9.5,0,,0,7.6,9.4,314,2.611111111,46,,,,,
14210,42.867,-78.831,2023-10-17T09:00:00,10.2,0,,0,13,9.4,290,2.611111111,70,,,,,
14210,42.867,-78.831,2023-10-17T10:00:00,10.9,0,,0,13,13.3,310,3.694444444,50,,,,,
14210,42.867,-78.831,2023-10-17T11:00:00,11.4,0,,0,18.4,11.8,302,3.277777778,58,,,,,
14210,42.867,-78.831,2023-10-17T12:00:00,11.9,0,,0,18.4,9.9,319,2.75,41,,,,,
14210,42.867,-78.831,2023-10-17T13:00:00,12.4,0,,0,18.4,6.8,302,1.888888889,58,,,,,
14210,42.867,-78.831,2023-10-17T14:00:00,12.9,0,,0,18.4,9.5,291,2.638888889,69,,,,,
14210,42.867,-78.831,2023-10-17T15:00:00,12.4,0,,0,18.4,9.8,295,2.722222222,65,,,,,
14210,42.867,-78.831,2023-10-17T16:00:00,12.4,0,,0,20.5,11.1,241,3.083333333,61,,,,,
14210,42.867,-78.831,2023-10-17T17:00:00,12.3,0,,0,20.5,11.1,243,3.083333333,63,,,,,
14210,42.867,-78.831,2023-10-17T18:00:00,11.9,0,,0,18.4,11.7,239,3.25,59,,,,,
14210,42.867,-78.831,2023-10-17T19:00:00,11.3,0,,0,16.6,11.2,229,3.111111111,49,,,,,
14210,42.867,-78.831,2023-10-17T20:00:00,11.1,0,,0,14.8,8.2,238,2.277777778,58,,,,,
14210,42.867,-78.831,2023-10-17T21:00:00,10,0,,0,13,9.4,211,2.611111111,31,,,,,
14210,42.867,-78.831,2023-10-17T22:00:00,9.7,0,,0,13,8.7,203,2.416666667,23,,,,,
14210,42.867,-78.831,2023-10-17T23:00:00,10.2,0,,0,13,9.1,195,2.527777778,15,,,,,
14210,42.867,-78.831,2023-10-18T00:00:00,10.3,0,,0,13,12.1,199,3.361111111,19,,,,,
14210,42.867,-78.831,2023-10-18T01:00:00,10.1,0,,0,13,10.5,212,2.916666667,32,,,,,
14210,42.867,-78.831,2023-10-18T02:00:00,10.2,0,,0,14.8,8.9,214,2.472222222,34,,,,,
14210,42.867,-78.831,2023-10-18T03:00:00,10.2,0,,0,13,10.2,202,2.833333333,22,,,,,
14210,42.867,-78.831,2023-10-18T04:00:00,10.2,0,,0,11.2,9.6,206,2.666666667,26,,,,,
14210,42.867,-78.831,2023-10-18T05:00:00,10.2,0,,0,9.4,9.4,205,2.611111111,25,,,,,
14210,42.867,-78.831,2023-10-18T06:00:00,10.1,0,,0,7.6,10.3,160,2.861111111,20,,,,,
14210,42.867,-78.831,2023-10-18T07:00:00,10.1,0,,0,9.4,13.2,196,3.666666667,16,,,,,
14210,42.867,-78.831,2023-10-18T08:00:00,9.5,0,,0,11.2,7.8,202,2.166666667,22,,,,,
14210,42.867,-78.831,2023-10-18T09:00:00,10,0,,0,11.2,5.6,140,1.555555556,40,,,,,
14210,42.867,-78.831,2023-10-18T10:00:00,10.2,0,,0,13,7,157,1.944444444,23,,,,,
14210,42.867,-78.831,2023-10-18T11:00:00,10.9,0,,0,22.3,13.2,182,3.666666667,2,,,,,
14210,42.867,-78.831,2023-10-18T12:00:00,12,0,,0,29.5,15.2,185,4.222222222,5,,,,,
14210,42.867,-78.831,2023-10-18T13:00:00,12.4,0,,0,37.1,20.7,200,5.75,20,,,,,
14210,42.867,-78.831,2023-10-18T14:00:00,13.1,0,,0,33.5,20.3,216,5.638888889,36,,,,,
14210,42.867,-78.831,2023-10-18T15:00:00,13.5,0,,0,33.5,15.5,220,4.305555556,40,,,,,
14210,42.867,-78.831,2023-10-18T16:00:00,13.9,0,,0,31.3,10.5,236,2.916666667,56,,,,,
14210,42.867,-78.831,2023-10-18T17:00:00,13.5,0,,0,27.7,7.9,257,2.194444444,77,,,,,
14210,42.867,-78.831,2023-10-18T18:00:00,13.5,0,,0,24.1,1.5,327,0.416666667,33,,,,,
14210,42.867,-78.831,2023-10-18T19:00:00,12.3,0,,0,13,8,167,2.222222222,13,,,,,
14210,42.867,-78.831,2023-10-18T20:00:00,11.6,0,,0,13,12.2,171,3.388888889,9,,,,,
14210,42.867,-78.831,2023-10-18T21:00:00,10.6,0,,0,13,11.9,169,3.305555556,11,,,,,
14210,42.867,-78.831,2023-10-18T22:00:00,10,0,,0,14.8,11.9,154,3.305555556,26,,,,,
14210,42.867,-78.831,2023-10-18T23:00:00,8.9,0,,0,14.8,9.3,162,2.583333333,18,,,,,
14210,42.867,-78.831,2023-10-19T00:00:00,8.8,0,,0,14.8,9.7,165,2.694444444,15,,,,,
14210,42.867,-78.831,2023-10-19T01:00:00,8.2,0,,0,16.6,7.9,158,2.194444444,22,,,,,
14210,42.867,-78.831,2023-10-19T02:00:00,7.2,0,,0,16.6,7.4,132,2.055555556,48,,,,,
14210,42.867,-78.831,2023-10-19T03:00:00,7.3,0,,0,11.2,5,121,1.388888889,59,,,,,
14210,42.867,-78.831,2023-10-19T04:00:00,6.9,0,,0,11.2,5,112,1.388888889,68,,,,,
14210,42.867,-78.831,2023-10-19T05:00:00,7.3,0,,0,11.2,8.2,114,2.277777778,66,,,,,
14210,42.867,-78.831,2023-10-19T06:00:00,7.2,0,,0,11.2,8.9,118,2.472222222,62,,,,,
14210,42.867,-78.831,2023-10-19T07:00:00,7.3,0,,0,11.2,10.5,123,2.916666667,57,,,,,
14210,42.867,-78.831,2023-10-19T08:00:00,7.2,0,,0,11.2,12.5,136,3.472222222,44,,,,,
14210,42.867,-78.831,2023-10-19T09:00:00,8.7,0,,0,11.2,12.5,158,3.472222222,22,,,,,
14210,42.867,-78.831,2023-10-19T10:00:00,11,0,,0,25.9,11.8,154,3.277777778,26,,,,,
14210,42.867,-78.831,2023-10-19T11:00:00,13.1,0,,0,29.5,10.4,161,2.888888889,19,,,,,
14210,42.867,-78.831,2023-10-19T12:00:00,15.1,0,,0,31.3,23,188,6.388888889,8,,,,,
14210,42.867,-78.831,2023-10-19T13:00:00,16.7,0,,0,33.5,16.6,187,4.611111111,7,,,,,
14210,42.867,-78.831,2023-10-19T14:00:00,17.3,0,,0,38.9,20.1,199,5.583333333,19,,,,,
14210,42.867,-78.831,2023-10-19T15:00:00,17.3,0,,0,45.9,26.3,199,7.305555556,19,,,,,
14210,42.867,-78.831,2023-10-19T16:00:00,17.3,0,,0,35.3,22.1,179,6.138888889,1,,,,,
14210,42.867,-78.831,2023-10-19T17:00:00,17.3,0,,0,29.5,19.8,170,5.5,10,,,,,
14210,42.867,-78.831,2023-10-19T18:00:00,16.8,0,,0,29.5,16.7,169,4.638888889,11,,,,,
14210,42.867,-78.831,2023-10-19T19:00:00,16.4,0,,0,31.3,15.1,144,4.194444444,36,,,,,
14210,42.867,-78.831,2023-10-19T20:00:00,15.9,0,,0,33.5,17.1,145,4.75,35,,,,,
14210,42.867,-78.831,2023-10-19T21:00:00,15.3,0,,0,35.3,13.4,152,3.722222222,28,,,,,
14210,42.867,-78.831,2023-10-19T22:00:00,15.8,0,,0,42.5,29.3,172,8.138888889,8,,,,,
14210,42.867,-78.831,2023-10-19T23:00:00,15.1,0.009,rain,0,35.3,20.8,180,5.777777778,0,,,,,
14210,42.867,-78.831,2023-10-20T00:00:00,14.1,0.011,rain,0,37.1,18.3,150,5.083333333,30,,,,,
14210,42.867,-78.831,2023-10-20T01:00:00,14.5,0,,0,31.3,16.5,159,4.583333333,21,,,,,
14210,42.867,-78.831,2023-10-20T02:00:00,14.6,0,,0,38.9,19.9,162,5.527777778,18,,,,,
14210,42.867,-78.831,2023-10-20T03:00:00,14.6,0,,0,35.2,20.1,170,5.583333333,10,,,,,
14210,42.867,-78.831,2023-10-20T04:00:00,14.6,0,,0,38.9,21.5,170,5.972222222,10,,,,,
14210,42.867,-78.831,2023-10-20T05:00:00,14.5,0,,0,33.5,20.8,175,5.777777778,5,,,,,
14210,42.867,-78.831,2023-10-20T06:00:00,14.1,0.247,rain,0,35.3,20.5,181,5.694444444,1,,,,,
14210,42.867,-78.831,2023-10-20T07:00:00,13.7,0.118,rain,0,31.3,15.3,171,4.25,9,,,,,
14210,42.867,-78.831,2023-10-20T08:00:00,13.5,0.129,rain,0,31.3,18.7,181,5.194444444,1,,,,,
14210,42.867,-78.831,2023-10-20T09:00:00,13.5,0.503,rain,0,37.1,15.3,171,4.25,9,,,,,
14210,42.867,-78.831,2023-10-20T10:00:00,13.5,0.424,rain,0,31.3,14.6,165,4.055555556,15,,,,,
14210,42.867,-78.831,2023-10-20T11:00:00,14.5,0,,0,31.3,14.8,178,4.111111111,2,,,,,
14210,42.867,-78.831,2023-10-20T12:00:00,14.5,0.118,rain,0,29.5,13.4,171,3.722222222,9,,,,,
14210,42.867,-78.831,2023-10-20T13:00:00,14.9,0.591,rain,0,27.7,14.1,164,3.916666667,16,,,,,
14210,42.867,-78.831,2023-10-20T14:00:00,13.4,0.855,rain,0,37.1,24.4,219,6.777777778,39,,,,,
14210,42.867,-78.831,2023-10-20T15:00:00,14,0.014,rain,0,24.1,16,225,4.444444444,45,,,,,
14210,42.867,-78.831,2023-10-20T16:00:00,14.5,0.011,rain,0,20.5,16.3,213,4.527777778,33,,,,,
14210,42.867,-78.831,2023-10-20T17:00:00,14.7,0,,0,18.4,19.8,229,5.5,49,,,,,
14210,42.867,-78.831,2023-10-20T18:00:00,14.5,0,,0,16.6,12.8,219,3.555555556,39,,,,,
14210,42.867,-78.831,2023-10-20T19:00:00,12.9,0,,0,14.8,7.7,202,2.138888889,22,,,,,
14210,42.867,-78.831,2023-10-20T20:00:00,12.8,0,,0,14.8,7.8,193,2.166666667,13,,,,,
14210,42.867,-78.831,2023-10-20T21:00:00,12,0,,0,16.6,12.4,214,3.444444444,34,,,,,
14210,42.867,-78.831,2023-10-20T22:00:00,11.8,0,,0,16.6,5.9,205,1.638888889,25,,,,,
14210,42.867,-78.831,2023-10-20T23:00:00,11.2,0,,0,16.6,8.8,222,2.444444444,42,,,,,
14210,42.867,-78.831,2023-10-21T00:00:00,11.7,0,,0,16.6,9.3,169,2.583333333,11,,,,,
14210,42.867,-78.831,2023-10-21T01:00:00,11.8,0,,0,16.6,7.3,248,2.027777778,68,,,,,
14210,42.867,-78.831,2023-10-21T02:00:00,11.7,0,,0,16.6,12.8,280,3.555555556,80,,,,,
14210,42.867,-78.831,2023-10-21T03:00:00,11.2,0,,0,38.9,12.3,282,3.416666667,78,,,,,
14210,42.867,-78.831,2023-10-21T04:00:00,11.2,0,,0,42.5,14,290,3.888888889,70,,,,,
14210,42.867,-78.831,2023-10-21T05:00:00,10.7,0,,0,27.7,15.2,280,4.222222222,80,,,,,
14210,42.867,-78.831,2023-10-21T06:00:00,10.2,0,,0,36.7,17.3,273,4.805555556,87,,,,,
14210,42.867,-78.831,2023-10-21T07:00:00,10.1,0,,0,37.1,12.1,296,3.361111111,64,,,,,
14210,42.867,-78.831,2023-10-21T08:00:00,10.1,0,,0,29.5,10.9,263,3.027777778,83,,,,,
14210,42.867,-78.831,2023-10-21T09:00:00,9.5,0,,0,35.7,13.5,263,3.75,83,,,,,
14210,42.867,-78.831,2023-10-21T10:00:00,10.1,0.005,rain,0,32.3,15.1,280,4.194444444,80,,,,,
14210,42.867,-78.831,2023-10-21T11:00:00,10.1,0,,0,38.9,22.6,280,6.277777778,80,,,,,
14210,42.867,-78.831,2023-10-21T12:00:00,10.3,0.247,rain,0,33.6,19.8,272,5.5,88,,,,,
14210,42.867,-78.831,2023-10-21T13:00:00,11.3,0,,0,31.9,18.2,291,5.055555556,69,,,,,
14210,42.867,-78.831,2023-10-21T14:00:00,11,0,,0,37.1,16.8,289,4.666666667,71,,,,,
14210,42.867,-78.831,2023-10-21T15:00:00,11.4,0,,0,33.6,16.9,280,4.694444444,80,,,,,
14210,42.867,-78.831,2023-10-21T16:00:00,11.3,0,,0,35.8,18.5,290,5.138888889,70,,,,,
14210,42.867,-78.831,2023-10-21T17:00:00,11.3,0,,0,32.6,15.9,281,4.416666667,79,,,,,
14210,42.867,-78.831,2023-10-21T18:00:00,11.2,0,,0,36.3,20.5,282,5.694444444,78,,,,,
14210,42.867,-78.831,2023-10-21T19:00:00,10.8,0,,0,40.3,24.3,300,6.75,60,,,,,
14210,42.867,-78.831,2023-10-21T20:00:00,10.7,0,,0,37.1,22.9,291,6.361111111,69,,,,,
14210,42.867,-78.831,2023-10-21T21:00:00,10.1,0,,0,42.5,28,302,7.777777778,58,,,,,
14210,42.867,-78.831,2023-10-21T22:00:00,9,0,,0,36.4,21.9,300,6.083333333,60,,,,,
14210,42.867,-78.831,2023-10-21T23:00:00,9,0,,0,35.3,19.4,292,5.388888889,68,,,,,
14210,42.867,-78.831,2023-10-22T00:00:00,8.9,0,,0,50,22,294,6.111111111,66,,,,,
14210,42.867,-78.831,2023-10-22T01:00:00,8,0,,0,42.1,26.4,321,7.333333333,39,,,,,
14210,42.867,-78.831,2023-10-22T02:00:00,8,0,,0,39.4,24.6,313,6.833333333,47,,,,,
14210,42.867,-78.831,2023-10-22T03:00:00,7.3,0,,0,34.4,24.4,313,6.777777778,47,,,,,
14210,42.867,-78.831,2023-10-22T04:00:00,6.5,0,,0,34.2,19.5,311,5.416666667,49,,,,,
14210,42.867,-78.831,2023-10-22T05:00:00,6.9,0,,0,37.8,21.8,313,6.055555556,47,,,,,
14210,42.867,-78.831,2023-10-22T06:00:00,6.3,0,,0,47.9,16.6,321,4.611111111,39,,,,,
14210,42.867,-78.831,2023-10-22T07:00:00,5.8,0,,0,44.3,12.9,320,3.583333333,40,,,,,
14210,42.867,-78.831,2023-10-22T08:00:00,6.2,0,,0,33.5,20.9,309,5.805555556,51,,,,,
14210,42.867,-78.831,2023-10-22T09:00:00,6.2,0,,0,35.3,20.1,294,5.583333333,66,,,,,
14210,42.867,-78.831,2023-10-22T10:00:00,5.9,0.738,rain,0,41.4,19.2,290,5.333333333,70,,,,,
14210,42.867,-78.831,2023-10-22T11:00:00,6.4,0.129,rain,0,42.2,28.3,285,7.861111111,75,,,,,
14210,42.867,-78.831,2023-10-22T12:00:00,6.5,0,,0,42.5,24.1,294,6.694444444,66,,,,,
14210,42.867,-78.831,2023-10-22T13:00:00,8.2,0,,0,44.8,31.3,302,8.694444444,58,,,,,
14210,42.867,-78.831,2023-10-22T14:00:00,9.6,0,,0,47.5,27.1,293,7.527777778,67,,,,,
14210,42.867,-78.831,2023-10-22T15:00:00,10.8,0,,0,47.5,27.7,299,7.694444444,61,,,,,
14210,42.867,-78.831,2023-10-22T16:00:00,10.8,0,,0,47.9,29.8,291,8.277777778,69,,,,,
14210,42.867,-78.831,2023-10-22T17:00:00,10.8,0,,0,46.8,31.3,290,8.694444444,70,,,,,
14210,42.867,-78.831,2023-10-22T18:00:00,9.4,0,,0,43.8,24.6,300,6.833333333,60,,,,,
14210,42.867,-78.831,2023-10-22T19:00:00,8.4,0,,0,37.5,19,290,5.277777778,70,,,,,
14210,42.867,-78.831,2023-10-22T20:00:00,7.4,0,,0,33.5,16.5,283,4.583333333,77,,,,,
14210,42.867,-78.831,2023-10-22T21:00:00,7.3,0,,0,38.5,16.7,292,4.638888889,68,,,,,
14210,42.867,-78.831,2023-10-22T22:00:00,7.2,0,,0,44.3,13.8,322,3.833333333,38,,,,,
14210,42.867,-78.831,2023-10-22T23:00:00,7.1,0,,0,27.7,13.5,311,3.75,49,,,,,
14210,42.867,-78.831,2023-10-23T00:00:00,5.8,0,,0,24.1,10.9,279,3.027777778,81,,,,,
14210,42.867,-78.831,2023-10-23T01:00:00,5.2,0,,0,16.6,9.2,256,2.555555556,76,,,,,
14210,42.867,-78.831,2023-10-23T02:00:00,4.6,0,,0,16.6,10.2,252,2.833333333,72,,,,,
14210,42.867,-78.831,2023-10-23T03:00:00,3.3,0,,0,9.4,13.6,258,3.777777778,78,,,,,
14210,42.867,-78.831,2023-10-23T04:00:00,3.1,0,,0,31.3,12.6,268,3.5,88,,,,,
14210,42.867,-78.831,2023-10-23T05:00:00,2.6,0,,0,9.4,11.9,280,3.305555556,80,,,,,
14210,42.867,-78.831,2023-10-23T06:00:00,2.6,0,,0,31.3,10.9,288,3.027777778,72,,,,,
14210,42.867,-78.831,2023-10-23T07:00:00,2,0,,0,7.6,7.5,281,2.083333333,79,,,,,
14210,42.867,-78.831,2023-10-23T08:00:00,2.1,0,,0,7.6,0.8,323,0.222222222,37,,,,,
14210,42.867,-78.831,2023-10-23T09:00:00,3.8,0,,0,7.6,0.2,350,0.055555556,10,,,,,
14210,42.867,-78.831,2023-10-23T10:00:00,6.9,0,,0,7.6,7.6,217,2.111111111,37,,,,,
14210,42.867,-78.831,2023-10-23T11:00:00,8.9,0,,0,9.4,8.6,255,2.388888889,75,,,,,
14210,42.867,-78.831,2023-10-23T12:00:00,10,0,,0,11.2,9.1,230,2.527777778,50,,,,,
14210,42.867,-78.831,2023-10-23T13:00:00,10.3,0,,0,13,13.4,213,3.722222222,33,,,,,
14210,42.867,-78.831,2023-10-23T14:00:00,11.3,0,,0,14.8,13.5,239,3.75,59,,,,,
14210,42.867,-78.831,2023-10-23T15:00:00,11.5,0,,0,16.6,17.7,254,4.916666667,74,,,,,
14210,42.867,-78.831,2023-10-23T16:00:00,11.5,0,,0,16.6,15,232,4.166666667,52,,,,,
14210,42.867,-78.831,2023-10-23T17:00:00,11.4,0,,0,16.6,14,230,3.888888889,50,,,,,
14210,42.867,-78.831,2023-10-23T18:00:00,10.3,0,,0,14.8,13,208,3.611111111,28,,,,,
14210,42.867,-78.831,2023-10-23T19:00:00,8.6,0,,0,11.2,7.7,183,2.138888889,3,,,,,
14210,42.867,-78.831,2023-10-23T20:00:00,8.9,0,,0,7.6,7.2,170,2,10,,,,,
14210,42.867,-78.831,2023-10-23T21:00:00,8.5,0,,0,7.6,11.5,105,3.194444444,75,,,,,
14210,42.867,-78.831,2023-10-23T22:00:00,8,0,,0,7.6,5.4,140,1.5,40,,,,,
14210,42.867,-78.831,2023-10-23T23:00:00,7.4,0,,0,9.4,9.2,150,2.555555556,30,,,,,
14210,42.867,-78.831,2023-10-24T00:00:00,7.6,0,,0,9.4,10.6,121,2.944444444,59,,,,,
14210,42.867,-78.831,2023-10-24T01:00:00,7.9,0,,0,9.4,4.5,143,1.25,37,,,,,
14210,42.867,-78.831,2023-10-24T02:00:00,7.5,0,,0,9.4,7.8,117,2.166666667,63,,,,,
14210,42.867,-78.831,2023-10-24T03:00:00,8,0,,0,16.6,0.2,9,0.055555556,9,,,,,
14210,42.867,-78.831,2023-10-24T04:00:00,7.9,0,,0,16.6,5.8,157,1.611111111,23,,,,,
14210,42.867,-78.831,2023-10-24T05:00:00,8.5,0,,0,16.6,10.4,167,2.888888889,13,,,,,
14210,42.867,-78.831,2023-10-24T06:00:00,8.5,0,,0,16.6,7.6,156,2.111111111,24,,,,,
14210,42.867,-78.831,2023-10-24T07:00:00,8.5,0,,0,18.4,9.4,152,2.611111111,28,,,,,
14210,42.867,-78.831,2023-10-24T08:00:00,8,0,,0,20.5,9.5,155,2.638888889,25,,,,,
14210,42.867,-78.831,2023-10-24T09:00:00,10.3,0,,0,22.3,11.1,171,3.083333333,9,,,,,
14210,42.867,-78.831,2023-10-24T10:00:00,13.5,0,,0,27.7,13.7,182,3.805555556,2,,,,,
14210,42.867,-78.831,2023-10-24T11:00:00,16.3,0,,0,27.7,22.9,208,6.361111111,28,,,,,
14210,42.867,-78.831,2023-10-24T12:00:00,18.9,0,,0,35.3,25.4,229,7.055555556,49,,,,,
14210,42.867,-78.831,2023-10-24T13:00:00,20.1,0,,0,40.9,27.3,226,7.583333333,46,,,,,
14210,42.867,-78.831,2023-10-24T14:00:00,20.6,0,,0,46.2,27.5,227,7.638888889,47,,,,,
14210,42.867,-78.831,2023-10-24T15:00:00,21.2,0,,0,46.6,23.7,219,6.583333333,39,,,,,
14210,42.867,-78.831,2023-10-24T16:00:00,21.2,0,,0,36.1,26,234,7.222222222,54,,,,,
14210,42.867,-78.831,2023-10-24T17:00:00,20.1,0,,0,18.4,16.6,221,4.611111111,41,,,,,
14210,42.867,-78.831,2023-10-24T18:00:00,19,0,,0,35.3,12.5,218,3.472222222,38,,,,,
14210,42.867,-78.831,2023-10-24T19:00:00,18.3,0,,0,27.7,7.3,217,2.027777778,37,,,,,
14210,42.867,-78.831,2023-10-24T20:00:00,16.2,0,,0,31.3,14.6,194,4.055555556,14,,,,,
14210,42.867,-78.831,2023-10-24T21:00:00,17.3,0,,0,35.3,18.1,203,5.027777778,23,,,,,
14210,42.867,-78.831,2023-10-24T22:00:00,18.4,0,,0,33.5,18.9,201,5.25,21,,,,,
14210,42.867,-78.831,2023-10-24T23:00:00,17.5,0,,0,29.5,16.5,201,4.583333333,21,,,,,
14210,42.867,-78.831,2023-10-25T00:00:00,16.4,0,,0,29.5,12.8,201,3.555555556,21,,,,,
14210,42.867,-78.831,2023-10-25T01:00:00,17.4,0,,0,35.3,20,201,5.555555556,21,,,,,
14210,42.867,-78.831,2023-10-25T02:00:00,18,0,,0,29.5,23.5,210,6.527777778,30,,,,,
14210,42.867,-78.831,2023-10-25T03:00:00,18.2,0,,0,37.1,18.9,201,5.25,21,,,,,
14210,42.867,-78.831,2023-10-25T04:00:00,18.9,0,,0,31.3,20.1,201,5.583333333,21,,,,,
14210,42.867,-78.831,2023-10-25T05:00:00,18.9,0,,0,38.9,17.8,212,4.944444444,32,,,,,
14210,42.867,-78.831,2023-10-25T06:00:00,18.5,0,,0,38.9,15.5,211,4.305555556,31,,,,,
14210,42.867,-78.831,2023-10-25T07:00:00,18.5,0,,0,27.7,17.5,210,4.861111111,30,,,,,
14210,42.867,-78.831,2023-10-25T08:00:00,18.9,0,,0,27.7,18.4,220,5.111111111,40,,,,,
14210,42.867,-78.831,2023-10-25T09:00:00,19.3,0,,0,29.5,19.6,212,5.444444444,32,,,,,
14210,42.867,-78.831,2023-10-25T10:00:00,20.1,0,,0,31.3,14.1,228,3.916666667,48,,,,,
14210,42.867,-78.831,2023-10-25T11:00:00,21.6,0,,0,42.5,22.2,221,6.166666667,41,,,,,
14210,42.867,-78.831,2023-10-25T12:00:00,22.1,0,,0,40.7,26.7,221,7.416666667,41,,,,,
14210,42.867,-78.831,2023-10-25T13:00:00,22,0,,0,47.6,26.8,222,7.444444444,42,,,,,
14210,42.867,-78.831,2023-10-25T14:00:00,21.1,0,,0,44.5,24.6,230,6.833333333,50,,,,,
14210,42.867,-78.831,2023-10-25T15:00:00,21.1,0,,0,36.1,22.1,230,6.138888889,50,,,,,
14210,42.867,-78.831,2023-10-25T16:00:00,21,0,,0,39.7,26.5,247,7.361111111,67,,,,,
14210,42.867,-78.831,2023-10-25T17:00:00,20.6,0,,0,40.7,19.8,240,5.5,60,,,,,
14210,42.867,-78.831,2023-10-25T18:00:00,20.1,0,,0,46.2,19,248,5.277777778,68,,,,,
14210,42.867,-78.831,2023-10-25T19:00:00,18,0,,0,35.3,12.2,200,3.388888889,20,,,,,
14210,42.867,-78.831,2023-10-25T20:00:00,16.7,0.011,rain,0,25.9,12.2,206,3.388888889,26,,,,,
14210,42.867,-78.831,2023-10-25T21:00:00,16.1,0.018,rain,0,16.6,6.6,216,1.833333333,36,,,,,
14210,42.867,-78.831,2023-10-25T22:00:00,16,0.67,rain,0,18.4,0.1,353,0.027777778,7,,,,,
14210,42.867,-78.831,2023-10-25T23:00:00,15.6,0.247,rain,0,20.5,4.6,97,1.277777778,83,,,,,
14210,42.867,-78.831,2023-10-26T00:00:00,15.1,0.006,rain,0,20.5,0.9,43,0.25,43,,,,,
14210,42.867,-78.831,2023-10-26T01:00:00,15.6,0.056,rain,0,20.5,0.2,14,0.055555556,14,,,,,
14210,42.867,-78.831,2023-10-26T02:00:00,15,0.659,rain,0,20.5,0.9,33,0.25,33,,,,,
14210,42.867,-78.831,2023-10-26T03:00:00,15,0.327,rain,0,16.6,7.2,171,2,9,,,,,
14210,42.867,-78.831,2023-10-26T04:00:00,14.5,0.867,rain,0,14.8,1.7,52,0.472222222,52,,,,,
14210,42.867,-78.831,2023-10-26T05:00:00,14.5,0.637,rain,0,14.8,7.9,165,2.194444444,15,,,,,
14210,42.867,-78.831,2023-10-26T06:00:00,15,0.69,rain,0,14.8,11.3,200,3.138888889,20,,,,,
14210,42.867,-78.831,2023-10-26T07:00:00,15.1,1.071,rain,0,14.8,11.9,187,3.305555556,7,,,,,
14210,42.867,-78.831,2023-10-26T08:00:00,15.2,0.247,rain,0,16.6,9.1,191,2.527777778,11,,,,,
14210,42.867,-78.831,2023-10-26T09:00:00,16.2,0.006,rain,0,20.5,10.9,192,3.027777778,12,,,,,
14210,42.867,-78.831,2023-10-26T10:00:00,17.2,0.051,rain,0,25.9,8.2,208,2.277777778,28,,,,,
14210,42.867,-78.831,2023-10-26T11:00:00,17.2,0.247,rain,0,29.5,12.6,219,3.5,39,,,,,
14210,42.867,-78.831,2023-10-26T12:00:00,19.2,0,,0,22.3,15.2,228,4.222222222,48,,,,,
14210,42.867,-78.831,2023-10-26T13:00:00,20.5,0,,0,27.7,16.8,236,4.666666667,56,,,,,
14210,42.867,-78.831,2023-10-26T14:00:00,20.7,0,,0,29.5,18.1,219,5.027777778,39,,,,,
14210,42.867,-78.831,2023-10-26T15:00:00,21.2,0,,0,33.5,20.5,236,5.694444444,56,,,,,
14210,42.867,-78.831,2023-10-26T16:00:00,21.3,0,,0,16.6,20.1,239,5.583333333,59,,,,,
14210,42.867,-78.831,2023-10-26T17:00:00,20.2,0,,0,18.4,14.9,222,4.138888889,42,,,,,
14210,42.867,-78.831,2023-10-26T18:00:00,19.5,0,,0,20.5,12.8,221,3.555555556,41,,,,,
14210,42.867,-78.831,2023-10-26T19:00:00,18.9,0,,0,22.3,17.1,220,4.75,40,,,,,
14210,42.867,-78.831,2023-10-26T20:00:00,18.9,0,,0,25.9,14.6,218,4.055555556,38,,,,,
14210,42.867,-78.831,2023-10-26T21:00:00,17.6,0,,0,27.7,11.9,211,3.305555556,31,,,,,
14210,42.867,-78.831,2023-10-26T22:00:00,19.3,0,,0,33.5,17.9,209,4.972222222,29,,,,,
14210,42.867,-78.831,2023-10-26T23:00:00,19.4,0,,0,37.1,17.6,201,4.888888889,21,,,,,
14210,42.867,-78.831,2023-10-27T00:00:00,19.4,0,,0,33.5,17.9,209,4.972222222,29,,,,,
14210,42.867,-78.831,2023-10-27T01:00:00,19,0,,0,31.3,20.6,201,5.722222222,21,,,,,
14210,42.867,-78.831,2023-10-27T02:00:00,18.5,0,,0,37.1,18.6,201,5.166666667,21,,,,,
14210,42.867,-78.831,2023-10-27T03:00:00,18.1,0,,0,31.3,17.4,202,4.833333333,22,,,,,
14210,42.867,-78.831,2023-10-27T04:00:00,17.6,0,,0,31.3,12.7,195,3.527777778,15,,,,,
14210,42.867,-78.831,2023-10-27T05:00:00,19.4,0,,0,33.5,20.4,212,5.666666667,32,,,,,
14210,42.867,-78.831,2023-10-27T06:00:00,19.4,0,,0,35.1,20.8,219,5.777777778,39,,,,,
14210,42.867,-78.831,2023-10-27T07:00:00,17.9,0.34,rain,0,29.5,17.8,218,4.944444444,38,,,,,
14210,42.867,-78.831,2023-10-27T08:00:00,17.4,0.333,rain,0,29.5,13.2,192,3.666666667,12,,,,,
14210,42.867,-78.831,2023-10-27T09:00:00,18.1,0,,0,35.3,13.4,200,3.722222222,20,,,,,
14210,42.867,-78.831,2023-10-27T10:00:00,20.2,0,,0,40.7,26.2,210,7.277777778,30,,,,,
14210,42.867,-78.831,2023-10-27T11:00:00,21.2,0,,0,40.8,24,221,6.666666667,41,,,,,
14210,42.867,-78.831,2023-10-27T12:00:00,21.2,0,,0,51.5,31.9,222,8.861111111,42,,,,,
14210,42.867,-78.831,2023-10-27T13:00:00,21.2,0,,0,53.6,31.7,239,8.805555556,59,,,,,
14210,42.867,-78.831,2023-10-27T14:00:00,21.4,0,,0,48,27,230,7.5,50,,,,,
14210,42.867,-78.831,2023-10-27T15:00:00,21.4,0,,0,52.4,33.8,239,9.388888889,59,,,,,
14210,42.867,-78.831,2023-10-27T16:00:00,21.4,0,,0,49.9,31.2,247,8.666666667,67,,,,,
14210,42.867,-78.831,2023-10-27T17:00:00,21.3,0,,0,46.1,24.6,239,6.833333333,59,,,,,
14210,42.867,-78.831,2023-10-27T18:00:00,19.7,0,,0,48.5,22.5,223,6.25,43,,,,,
14210,42.867,-78.831,2023-10-27T19:00:00,18.3,0,,0,25.9,13.7,215,3.805555556,35,,,,,
14210,42.867,-78.831,2023-10-27T20:00:00,18.2,0,,0,16.6,13.3,220,3.694444444,40,,,,,
14210,42.867,-78.831,2023-10-27T21:00:00,18.5,0,,0,14.8,13.9,221,3.861111111,41,,,,,
14210,42.867,-78.831,2023-10-27T22:00:00,18.6,0,,0,32.9,16,230,4.444444444,50,,,,,
14210,42.867,-78.831,2023-10-27T23:00:00,18.7,0,,0,47.1,23.3,227,6.472222222,47,,,,,
14210,42.867,-78.831,2023-10-28T00:00:00,18.1,0,,0,48.8,16.1,228,4.472222222,48,,,,,
14210,42.867,-78.831,2023-10-28T01:00:00,18.9,0,,0,41.3,18.3,219,5.083333333,39,,,,,
14210,42.867,-78.831,2023-10-28T02:00:00,19.4,0,,0,45.3,25,221,6.944444444,41,,,,,
14210,42.867,-78.831,2023-10-28T03:00:00,19.4,0,,0,37.3,21.3,228,5.916666667,48,,,,,
14210,42.867,-78.831,2023-10-28T04:00:00,19.4,0,,0,46.4,29.4,239,8.166666667,59,,,,,
14210,42.867,-78.831,2023-10-28T05:00:00,18.9,0,,0,46.2,25.6,247,7.111111111,67,,,,,
14210,42.867,-78.831,2023-10-28T06:00:00,18.4,0,,0,42.2,21.3,240,5.916666667,60,,,,,
14210,42.867,-78.831,2023-10-28T07:00:00,17.5,0.344,rain,0,46.6,31.4,272,8.722222222,88,,,,,
14210,42.867,-78.831,2023-10-28T08:00:00,13.4,0,,0,53.6,24.9,337,6.916666667,23,,,,,
14210,42.867,-78.831,2023-10-28T09:00:00,12.4,0.247,rain,0,29.5,15,329,4.166666667,31,,,,,
14210,42.867,-78.831,2023-10-28T10:00:00,12.4,0,,0,33.5,14,331,3.888888889,29,,,,,
14210,42.867,-78.831,2023-10-28T11:00:00,12.5,0,,0,25.9,14.5,328,4.027777778,32,,,,,
14210,42.867,-78.831,2023-10-28T12:00:00,13.9,0,,0,31.3,17.5,320,4.861111111,40,,,,,
14210,42.867,-78.831,2023-10-28T13:00:00,13,0,,0,31.7,17.9,318,4.972222222,42,,,,,
14210,42.867,-78.831,2023-10-28T14:00:00,13,0,,0,25.9,20.4,302,5.666666667,58,,,,,
14210,42.867,-78.831,2023-10-28T15:00:00,13.5,0,,0,31.3,22.2,303,6.166666667,57,,,,,
14210,42.867,-78.831,2023-10-28T16:00:00,13.3,0,,0,31.3,18.5,320,5.138888889,40,,,,,
14210,42.867,-78.831,2023-10-28T17:00:00,11.9,0,,0,18.4,16.5,328,4.583333333,32,,,,,
14210,42.867,-78.831,2023-10-28T18:00:00,10.7,0,,0,16.6,13.2,327,3.666666667,33,,,,,
14210,42.867,-78.831,2023-10-28T19:00:00,10,0,,0,16.6,11.2,327,3.111111111,33,,,,,
14210,42.867,-78.831,2023-10-28T20:00:00,8.9,0,,0,18.4,7.8,338,2.166666667,22,,,,,
14210,42.867,-78.831,2023-10-28T21:00:00,8.5,0,,0,13,6,358,1.666666667,2,,,,,
14210,42.867,-78.831,2023-10-28T22:00:00,8.3,0,,0,13,5.9,45,1.638888889,45,,,,,
14210,42.867,-78.831,2023-10-28T23:00:00,7.9,0,,0,13,9.8,19,2.722222222,19,,,,,
14210,42.867,-78.831,2023-10-29T00:00:00,7.4,0,,0,13,14.3,20,3.972222222,20,,,,,
14210,42.867,-78.831,2023-10-29T01:00:00,7.4,0,,0,35.3,11.7,20,3.25,20,,,,,
14210,42.867,-78.831,2023-10-29T02:00:00,7.3,0,,0,13,14.2,23,3.944444444,23,,,,,
14210,42.867,-78.831,2023-10-29T03:00:00,7.4,0,,0,33.5,12.4,41,3.444444444,41,,,,,
14210,42.867,-78.831,2023-10-29T04:00:00,7,0.003,rain,0,31.3,10.6,41,2.944444444,41,,,,,
14210,42.867,-78.831,2023-10-29T05:00:00,6.3,0.663,rain,0,14.8,9,43,2.5,43,,,,,
14210,42.867,-78.831,2023-10-29T06:00:00,6.3,1.359,rain,0,16.6,9.3,51,2.583333333,51,,,,,
14210,42.867,-78.831,2023-10-29T07:00:00,6.3,1.266,rain,0,16.6,12.8,61,3.555555556,61,,,,,
14210,42.867,-78.831,2023-10-29T08:00:00,6.8,0.42,rain,0,24.1,11.9,37,3.305555556,37,,,,,
14210,42.867,-78.831,2023-10-29T09:00:00,6.8,0.366,rain,0,27.7,20.4,70,5.666666667,70,,,,,
14210,42.867,-78.831,2023-10-29T10:00:00,7.3,0.003,rain,0,37.1,17,72,4.722222222,72,,,,,
14210,42.867,-78.831,2023-10-29T11:00:00,7.3,0,,0,33.5,20.7,73,5.75,73,,,,,
14210,42.867,-78.831,2023-10-29T12:00:00,7,0.012,rain,0,32.9,25,72,6.944444444,72,,,,,
14210,42.867,-78.831,2023-10-29T13:00:00,7.4,0.003,rain,0,33.5,20.1,64,5.583333333,64,,,,,
14210,42.867,-78.831,2023-10-29T14:00:00,7.4,0.075,rain,0,29.5,16.5,80,4.583333333,80,,,,,
14210,42.867,-78.831,2023-10-29T15:00:00,8,0,,0,29.5,15.8,70,4.388888889,70,,,,,
14210,42.867,-78.831,2023-10-29T16:00:00,8,0,,0,33.5,16.4,45,4.555555556,45,,,,,
14210,42.867,-78.831,2023-10-29T17:00:00,7.4,0,,0,31.3,20.7,44,5.75,44,,,,,
14210,42.867,-78.831,2023-10-29T18:00:00,7.4,0,,0,29.5,13.7,54,3.805555556,54,,,,,
14210,42.867,-78.831,2023-10-29T19:00:00,7.4,0,,0,42.5,11.7,41,3.25,41,,,,,
14210,42.867,-78.831,2023-10-29T20:00:00,7.4,0,,0,22.3,15.7,53,4.361111111,53,,,,,
14210,42.867,-78.831,2023-10-29T21:00:00,7.4,0,,0,42.5,10.3,71,2.861111111,71,,,,,
14210,42.867,-78.831,2023-10-29T22:00:00,7.4,0,,0,38.9,9.9,65,2.75,65,,,,,
14210,42.867,-78.831,2023-10-29T23:00:00,7.3,0,,0,16.6,12,36,3.333333333,36,,,,,
14210,42.867,-78.831,2023-10-30T00:00:00,7.3,0.424,rain,0,16.6,13.7,344,3.805555556,16,,,,,
14210,42.867,-78.831,2023-10-30T01:00:00,7,0.803,rain,0,37.8,14.5,13,4.027777778,13,,,,,
14210,42.867,-78.831,2023-10-30T02:00:00,6.1,0.738,rain,0,31.7,20.5,20,5.694444444,20,,,,,
14210,42.867,-78.831,2023-10-30T03:00:00,5.7,0.586,rain,0,33.5,16.2,13,4.5,13,,,,,
14210,42.867,-78.831,2023-10-30T04:00:00,5.2,2.049,rain,0,31.3,17.7,352,4.916666667,8,,,,,
14210,42.867,-78.831,2023-10-30T05:00:00,5.2,2.532,rain,0,16.6,12.2,10,3.388888889,10,,,,,
14210,42.867,-78.831,2023-10-30T06:00:00,5.1,1.701,rain,0,31.3,15.4,2,4.277777778,2,,,,,
14210,42.867,-78.831,2023-10-30T07:00:00,5.1,0.249,rain,0,14.8,14.5,353,4.027777778,7,,,,,
14210,42.867,-78.831,2023-10-30T08:00:00,4.5,0.738,rain,0,14.8,15.4,353,4.277777778,7,,,,,
14210,42.867,-78.831,2023-10-30T09:00:00,4.6,0.335,rain,0,14.8,9.5,360,2.638888889,0,,,,,
14210,42.867,-78.831,2023-10-30T10:00:00,5.2,0.002,rain,0,16.6,9.5,332,2.638888889,28,,,,,
14210,42.867,-78.831,2023-10-30T11:00:00,5.8,0,,0,16.6,10.1,321,2.805555556,39,,,,,
14210,42.867,-78.831,2023-10-30T12:00:00,6.2,0,,0,16.6,13.5,307,3.75,53,,,,,
14210,42.867,-78.831,2023-10-30T13:00:00,6.3,0,,0,16.6,11.4,305,3.166666667,55,,,,,
14210,42.867,-78.831,2023-10-30T14:00:00,6.3,0,,0,18.4,12.1,291,3.361111111,69,,,,,
14210,42.867,-78.831,2023-10-30T15:00:00,6.9,0.007,rain,0,22.3,13,300,3.611111111,60,,,,,
14210,42.867,-78.831,2023-10-30T16:00:00,6.7,0.083,rain,0,33.6,11.9,293,3.305555556,67,,,,,
14210,42.867,-78.831,2023-10-30T17:00:00,5.2,0.267,rain,0,35.3,19.1,311,5.305555556,49,,,,,
14210,42.867,-78.831,2023-10-30T18:00:00,5.1,0.665,rain,0,44.3,16.8,322,4.666666667,38,,,,,
14210,42.867,-78.831,2023-10-30T19:00:00,4.4,0.259,rain,0,38.9,16,314,4.444444444,46,,,,,
14210,42.867,-78.831,2023-10-30T20:00:00,3.6,0,,0,25.9,12.6,316,3.5,44,,,,,
14210,42.867,-78.831,2023-10-30T21:00:00,3.9,0,,0,42.5,13.3,299,3.694444444,61,,,,,
14210,42.867,-78.831,2023-10-30T22:00:00,3.9,0,,0,42.5,10.8,308,3,52,,,,,
14210,42.867,-78.831,2023-10-30T23:00:00,2.8,0,,0,22.3,13.1,297,3.638888889,63,,,,,
14210,42.867,-78.831,2023-10-31T00:00:00,2.1,0,,0,37.1,11.7,286,3.25,74,,,,,
14210,42.867,-78.831,2023-10-31T01:00:00,2.1,0,,0,35.3,11.4,295,3.166666667,65,,,,,
14210,42.867,-78.831,2023-10-31T02:00:00,1.5,0,,0,13,11.1,287,3.083333333,73,,,,,
14210,42.867,-78.831,2023-10-31T03:00:00,1.2,0,,0,31.3,10.5,294,2.916666667,66,,,,,
14210,42.867,-78.831,2023-10-31T04:00:00,2.1,0,,0,9.4,7.1,297,1.972222222,63,,,,,
14210,42.867,-78.831,2023-10-31T05:00:00,1.9,0,,0,7.6,5.5,258,1.527777778,78,,,,,
14210,42.867,-78.831,2023-10-31T06:00:00,1.9,0,,0,7.6,5.4,121,1.5,59,,,,,
14210,42.867,-78.831,2023-10-31T07:00:00,1,0,,0,7.6,6.4,144,1.777777778,36,,,,,
14210,42.867,-78.831,2023-10-31T08:00:00,0.9,0,,0,7.6,7.4,178,2.055555556,2,,,,,
14210,42.867,-78.831,2023-10-31T09:00:00,2,0,,0,11.2,0.4,349,0.111111111,11,,,,,
14210,42.867,-78.831,2023-10-31T10:00:00,3.4,0,,0,14.8,9.1,177,2.527777778,3,,,,,
14210,42.867,-78.831,2023-10-31T11:00:00,3.9,0,,0,18.4,10.1,210,2.805555556,30,,,,,
14210,42.867,-78.831,2023-10-31T12:00:00,3.9,0,,0,22.3,9.7,152,2.694444444,28,,,,,
14210,42.867,-78.831,2023-10-31T13:00:00,3.9,0,,0,24.1,12.6,183,3.5,3,,,,,
14210,42.867,-78.831,2023-10-31T14:00:00,2.2,0,,0,24.1,12.4,295,3.444444444,65,,,,,
14210,42.867,-78.831,2023-10-31T15:00:00,3.9,0,,0,42.5,2.4,324,0.666666667,36,,,,,
14210,42.867,-78.831,2023-10-31T16:00:00,4.2,0,,0,37.1,2.7,340,0.75,20,,,,,
14210,42.867,-78.831,2023-10-31T17:00:00,4.2,0,,0,20.5,9.1,166,2.527777778,14,,,,,
14210,42.867,-78.831,2023-10-31T18:00:00,3.6,0,,0,11.2,10.6,215,2.944444444,35,,,,,
14210,42.867,-78.831,2023-10-31T19:00:00,2.5,0,,0,5.4,1.6,17,0.444444444,17,,,,,
14210,42.867,-78.831,2023-10-31T20:00:00,1.7,0.412,"rain,snow",0,3.6,5.4,137,1.5,43,,,,,
14210,42.867,-78.831,2023-10-31T21:00:00,1,0.412,"rain,snow",0,42.5,9.7,261,2.694444444,81,,,,,
14210,42.867,-78.831,2023-10-31T22:00:00,0.9,0.824,"rain,snow",0,5.4,1.5,22,0.416666667,22,,,,,
14210,42.867,-78.831,2023-10-31T23:00:00,0.8,0.212,"rain,snow",0.2,3.6,4.5,139,1.25,41,,,,,
14210,42.867,-78.831,2023-11-01T00:00:00,0.7,0,,0,3.6,6.5,156,1.805555556,24,,,,,
14210,42.867,-78.831,2023-11-01T01:00:00,0.1,0,,0,3.6,6.4,147,1.777777778,33,,,,,
14210,42.867,-78.831,2023-11-01T02:00:00,-0.5,0,"rain,snow",2.5,5.4,7.2,178,2,2,,,,,
14210,42.867,-78.831,2023-11-01T03:00:00,-0.7,0,,0,31.3,8,229,2.222222222,49,,,,,
14210,42.867,-78.831,2023-11-01T04:00:00,-1.1,0,,0,37.1,8.3,241,2.305555556,61,,,,,
14210,42.867,-78.831,2023-11-01T05:00:00,-0.9,0,,0,11.2,10.6,298,2.944444444,62,,,,,
14210,42.867,-78.831,2023-11-01T06:00:00,-0.7,0,,0,35.3,13.1,296,3.638888889,64,,,,,
14210,42.867,-78.831,2023-11-01T07:00:00,-0.4,0,,0,37.1,13.6,279,3.777777778,81,,,,,
14210,42.867,-78.831,2023-11-01T08:00:00,0.3,0,,0,24.1,14.3,285,3.972222222,75,,,,,
14210,42.867,-78.831,2023-11-01T09:00:00,0.9,0,,0,38.9,11.4,284,3.166666667,76,,,,,
14210,42.867,-78.831,2023-11-01T10:00:00,1.9,0,,0,35.3,18.1,303,5.027777778,57,,,,,
14210,42.867,-78.831,2023-11-01T11:00:00,3.1,0,,0,44.6,23.8,304,6.611111111,56,,,,,
14210,42.867,-78.831,2023-11-01T12:00:00,4,0,,0,41.2,29,327,8.055555556,33,,,,,
14210,42.867,-78.831,2023-11-01T13:00:00,4.1,0,,0,33.5,19.4,329,5.388888889,31,,,,,
14210,42.867,-78.831,2023-11-01T14:00:00,4.5,0,,0,42.5,18.1,319,5.027777778,41,,,,,
14210,42.867,-78.831,2023-11-01T15:00:00,3.6,0,,0,31.3,18.1,301,5.027777778,59,,,,,
14210,42.867,-78.831,2023-11-01T16:00:00,4.4,0,,0,31.3,18.1,297,5.027777778,63,,,,,
14210,42.867,-78.831,2023-11-01T17:00:00,4.4,0,,0,22.3,13.6,308,3.777777778,52,,,,,
14210,42.867,-78.831,2023-11-01T18:00:00,3.4,0,,0,20.5,11.2,301,3.111111111,59,,,,,
14210,42.867,-78.831,2023-11-01T19:00:00,2.9,0,,0,16.6,8,281,2.222222222,79,,,,,
14210,42.867,-78.831,2023-11-01T20:00:00,2.9,0,,0,20.5,13.1,280,3.638888889,80,,,,,
14210,42.867,-78.831,2023-11-01T21:00:00,2,0,,0,18.4,8,281,2.222222222,79,,,,,
14210,42.867,-78.831,2023-11-01T22:00:00,2.4,0,,0,18.4,9.6,263,2.666666667,83,,,,,
14210,42.867,-78.831,2023-11-01T23:00:00,2.3,0,,0,18.4,10.6,286,2.944444444,74,,,,,
14210,42.867,-78.831,2023-11-02T00:00:00,1,0,,0,18.4,6.2,260,1.722222222,80,,,,,
14210,42.867,-78.831,2023-11-02T01:00:00,1.6,0,,0,18.4,10.1,260,2.805555556,80,,,,,
14210,42.867,-78.831,2023-11-02T02:00:00,1.4,0,,0,18.4,10.9,266,3.027777778,86,,,,,
14210,42.867,-78.831,2023-11-02T03:00:00,0.7,0,,0,16.6,8,289,2.222222222,71,,,,,
14210,42.867,-78.831,2023-11-02T04:00:00,0,0,,0,16.6,9.4,184,2.611111111,4,,,,,
14210,42.867,-78.831,2023-11-02T05:00:00,1.2,0,,0,18.4,9.1,176,2.527777778,4,,,,,
14210,42.867,-78.831,2023-11-02T06:00:00,1.6,0,,0,18.4,12.7,175,3.527777778,5,,,,,
14210,42.867,-78.831,2023-11-02T07:00:00,2.1,0,,0,16.6,13.6,185,3.777777778,5,,,,,
14210,42.867,-78.831,2023-11-02T08:00:00,2.3,0,rain,2.5,20.5,13.9,192,3.861111111,12,,,,,
14210,42.867,-78.831,2023-11-02T09:00:00,2.4,0,,0,22.3,19,203,5.277777778,23,,,,,
14210,42.867,-78.831,2023-11-02T10:00:00,2.2,0,,0,29.5,12.7,196,3.527777778,16,,,,,
14210,42.867,-78.831,2023-11-02T11:00:00,2.2,0.412,rain,0,33.5,11.1,183,3.083333333,3,,,,,
14210,42.867,-78.831,2023-11-02T12:00:00,3.5,0,,0,33.5,12.6,177,3.5,3,,,,,
14210,42.867,-78.831,2023-11-02T13:00:00,5.5,0,,0,40.7,26.6,198,7.388888889,18,,,,,
14210,42.867,-78.831,2023-11-02T14:00:00,7.3,0,rain,0,59.4,39,211,10.83333333,31,,,,,
14210,42.867,-78.831,2023-11-02T15:00:00,8,0,,0,51.8,28.7,226,7.972222222,46,,,,,
14210,42.867,-78.831,2023-11-02T16:00:00,8,0,,0,48.4,26.5,229,7.361111111,49,,,,,
14210,42.867,-78.831,2023-11-02T17:00:00,7.9,0,,0,41.7,21.8,228,6.055555556,48,,,,,
14210,42.867,-78.831,2023-11-02T18:00:00,7.4,0,,0,37.2,22,222,6.111111111,42,,,,,
14210,42.867,-78.831,2023-11-02T19:00:00,7.4,0,,0,41.5,19.9,204,5.527777778,24,,,,,
14210,42.867,-78.831,2023-11-02T20:00:00,7.5,0,,0,29.5,18.8,210,5.222222222,30,,,,,
14210,42.867,-78.831,2023-11-02T21:00:00,7.1,0,,0,31.3,15.7,202,4.361111111,22,,,,,
14210,42.867,-78.831,2023-11-02T22:00:00,6.5,0,,0,31.3,15.7,191,4.361111111,11,,,,,
14210,42.867,-78.831,2023-11-02T23:00:00,5.5,0,,0,29.5,16.9,204,4.694444444,24,,,,,
14210,42.867,-78.831,2023-11-03T00:00:00,5.5,0,,0,35.3,20.5,200,5.694444444,20,,,,,
14210,42.867,-78.831,2023-11-03T01:00:00,6.6,0,,0,33.7,21.9,200,6.083333333,20,,,,,
14210,42.867,-78.831,2023-11-03T02:00:00,6.6,0,,0,31.3,22,200,6.111111111,20,,,,,
14210,42.867,-78.831,2023-11-03T03:00:00,6.7,0,,0,33.5,23.6,191,6.555555556,11,,,,,
14210,42.867,-78.831,2023-11-03T04:00:00,6.7,0,,0,33.5,21.9,200,6.083333333,20,,,,,
14210,42.867,-78.831,2023-11-03T05:00:00,6.7,0,,0,33.5,20.4,200,5.666666667,20,,,,,
14210,42.867,-78.831,2023-11-03T06:00:00,6.7,0,,0,34.9,22.1,190,6.138888889,10,,,,,
14210,42.867,-78.831,2023-11-03T07:00:00,6.1,0,,0,34.6,19,200,5.277777778,20,,,,,
14210,42.867,-78.831,2023-11-03T08:00:00,6.1,0,,0,33.5,22.1,201,6.138888889,21,,,,,
14210,42.867,-78.831,2023-11-03T09:00:00,7.1,0,,0,37.4,20.6,201,5.722222222,21,,,,,
14210,42.867,-78.831,2023-11-03T10:00:00,9.5,0,,0,47.4,25.2,209,7,29,,,,,
14210,42.867,-78.831,2023-11-03T11:00:00,10.3,0,,0,51.8,35.7,210,9.916666667,30,,,,,
14210,42.867,-78.831,2023-11-03T12:00:00,11.4,0,,0,50.4,33.7,204,9.361111111,24,,,,,
14210,42.867,-78.831,2023-11-03T13:00:00,12.4,0,,0,49.8,32.5,226,9.027777778,46,,,,,
14210,42.867,-78.831,2023-11-03T14:00:00,13.3,0,,0,50.9,28.1,236,7.805555556,56,,,,,
14210,42.867,-78.831,2023-11-03T15:00:00,14.8,0,,0,48.2,28.7,219,7.972222222,39,,,,,
14210,42.867,-78.831,2023-11-03T16:00:00,14.3,0,,0,46.1,26.8,228,7.444444444,48,,,,,
14210,42.867,-78.831,2023-11-03T17:00:00,14.9,0,,0,40.8,25.2,219,7,39,,,,,
14210,42.867,-78.831,2023-11-03T18:00:00,15,0,,0,44.7,27.5,210,7.638888889,30,,,,,
14210,42.867,-78.831,2023-11-03T19:00:00,14,0,,0,42,25.8,203,7.166666667,23,,,,,
14210,42.867,-78.831,2023-11-03T20:00:00,14,0,,0,45.7,27.4,203,7.611111111,23,,,,,
14210,42.867,-78.831,2023-11-03T21:00:00,13.6,0,,0,47.2,24.3,211,6.75,31,,,,,
14210,42.867,-78.831,2023-11-03T22:00:00,14,0,,0,43.8,22.7,222,6.305555556,42,,,,,
14210,42.867,-78.831,2023-11-03T23:00:00,13.9,0,,0,47.3,29.8,225,8.277777778,45,,,,,
14210,42.867,-78.831,2023-11-04T00:00:00,13.8,0,,0,77.9,27.8,250,7.722222222,70,,,,,
14210,42.867,-78.831,2023-11-04T01:00:00,12.9,0,,0,61.7,36,234,10,54,,,,,
14210,42.867,-78.831,2023-11-04T02:00:00,13.2,0,,0,45.5,24.2,255,6.722222222,75,,,,,
14210,42.867,-78.831,2023-11-04T03:00:00,12.6,0,,0,51.3,24.5,272,6.805555556,88,,,,,
14210,42.867,-78.831,2023-11-04T04:00:00,11,0.002,rain,0,48.2,11.7,306,3.25,54,,,,,
14210,42.867,-78.831,2023-11-04T05:00:00,9.9,0,,0,37.1,6,322,1.666666667,38,,,,,
14210,42.867,-78.831,2023-11-04T06:00:00,9.8,0.002,rain,0,25.9,1.1,323,0.305555556,37,,,,,
14210,42.867,-78.831,2023-11-04T07:00:00,8.8,0,,0,22.3,0.3,350,0.083333333,10,,,,,
14210,42.867,-78.831,2023-11-04T08:00:00,8.8,0.006,rain,0,9.4,4.5,194,1.25,14,,,,,
14210,42.867,-78.831,2023-11-04T09:00:00,8.4,0.005,rain,0,9.4,0.9,339,0.25,21,,,,,
14210,42.867,-78.831,2023-11-04T10:00:00,8.4,0,,0,11.2,5.4,29,1.5,29,,,,,
14210,42.867,-78.831,2023-11-04T11:00:00,8.5,0,,0,13,0,0,0,0,,,,,
14210,42.867,-78.831,2023-11-04T12:00:00,9.4,0,,0,14.8,0.8,309,0.222222222,51,,,,,
14210,42.867,-78.831,2023-11-04T13:00:00,10.2,0,,0,16.6,5.9,181,1.638888889,1,,,,,
14210,42.867,-78.831,2023-11-04T14:00:00,10.9,0,,0,16.6,7.7,202,2.138888889,22,,,,,
14210,42.867,-78.831,2023-11-04T15:00:00,12.2,0,,0,16.6,10.8,268,3,88,,,,,
14210,42.867,-78.831,2023-11-04T16:00:00,10.9,0,,0,16.6,12.7,253,3.527777778,73,,,,,
14210,42.867,-78.831,2023-11-04T17:00:00,10.9,0,,0,16.6,9.5,247,2.638888889,67,,,,,
14210,42.867,-78.831,2023-11-04T18:00:00,10.1,0,,0,14.8,7.2,205,2,25,,,,,
14210,42.867,-78.831,2023-11-04T19:00:00,9.6,0,,0,11.2,7.2,211,2,31,,,,,
14210,42.867,-78.831,2023-11-04T20:00:00,9.4,0,,0,9.4,7.3,210,2.027777778,30,,,,,
14210,42.867,-78.831,2023-11-04T21:00:00,9.4,0.003,rain,0,7.6,5.5,196,1.527777778,16,,,,,
14210,42.867,-78.831,2023-11-04T22:00:00,9.4,0.009,rain,0,7.6,5.8,211,1.611111111,31,,,,,
14210,42.867,-78.831,2023-11-04T23:00:00,8.9,0.412,rain,0,7.6,5.3,209,1.472222222,29,,,,,
14210,42.867,-78.831,2023-11-05T00:00:00,8.5,0.647,rain,0,5.4,1.2,318,0.333333333,42,,,,,
14210,42.867,-78.831,2023-11-05T01:00:00,8.5,0.44,rain,0,5.4,0.8,344,0.222222222,16,,,,,
14210,42.867,-78.831,2023-11-05T01:00:00,8.5,0,,0,7.6,6.5,206,1.805555556,26,,,,,
14210,42.867,-78.831,2023-11-05T02:00:00,8.4,0,,0,5.4,1.2,339,0.333333333,21,,,,,
14210,42.867,-78.831,2023-11-05T03:00:00,8.4,0,,0,7.6,5.8,293,1.611111111,67,,,,,
14210,42.867,-78.831,2023-11-05T04:00:00,8.3,0,,0,11.2,10,316,2.777777778,44,,,,,
14210,42.867,-78.831,2023-11-05T05:00:00,7.3,0,,0,13,13.9,1,3.861111111,1,,,,,
14210,42.867,-78.831,2023-11-05T06:00:00,6.7,0,,0,16.6,12.5,349,3.472222222,11,,,,,
14210,42.867,-78.831,2023-11-05T07:00:00,5.1,0,,0,18.4,11.3,349,3.138888889,11,,,,,
14210,42.867,-78.831,2023-11-05T08:00:00,5.7,0,,0,16.6,7.9,359,2.194444444,1,,,,,
14210,42.867,-78.831,2023-11-05T09:00:00,7.3,0,,0,14.8,6.2,12,1.722222222,12,,,,,
14210,42.867,-78.831,2023-11-05T10:00:00,7.9,0,,0,14.8,7.9,11,2.194444444,11,,,,,
14210,42.867,-78.831,2023-11-05T11:00:00,8.5,0,,0,13,6.5,351,1.805555556,9,,,,,
14210,42.867,-78.831,2023-11-05T12:00:00,8.5,0,,0,13,7.1,4,1.972222222,4,,,,,
14210,42.867,-78.831,2023-11-05T13:00:00,8.6,0,,0,13,10.6,300,2.944444444,60,,,,,
14210,42.867,-78.831,2023-11-05T14:00:00,10.1,0,,0,13,9.9,320,2.75,40,,,,,
14210,42.867,-78.831,2023-11-05T15:00:00,10,0,,0,13,13.8,309,3.833333333,51,,,,,
14210,42.867,-78.831,2023-11-05T16:00:00,9.4,0,,0,13,15.1,321,4.194444444,39,,,,,
14210,42.867,-78.831,2023-11-05T17:00:00,8,0,,0,11.2,7.1,349,1.972222222,11,,,,,
14210,42.867,-78.831,2023-11-05T18:00:00,7.4,0,,0,9.4,4.6,261,1.277777778,81,,,,,
14210,42.867,-78.831,2023-11-05T19:00:00,7.9,0,,0,9.4,4.5,84,1.25,84,,,,,
14210,42.867,-78.831,2023-11-05T20:00:00,7.3,0,,0,7.6,5.4,96,1.5,84,,,,,
14210,42.867,-78.831,2023-11-05T21:00:00,6.9,0,,0,9.4,9.1,92,2.527777778,88,,,,,
14210,42.867,-78.831,2023-11-05T22:00:00,6.3,0,,0,9.4,10,127,2.777777778,53,,,,,
14210,42.867,-78.831,2023-11-05T23:00:00,5.8,0,,0,9.4,10.7,138,2.972222222,42,,,,,
14210,42.867,-78.831,2023-11-06T00:00:00,5.7,0,,0,9.4,10.7,138,2.972222222,42,,,,,
14210,42.867,-78.831,2023-11-06T01:00:00,5.1,0,,0,11.2,8.6,145,2.388888889,35,,,,,
14210,42.867,-78.831,2023-11-06T02:00:00,4,0,,0,13,8.8,124,2.444444444,56,,,,,
14210,42.867,-78.831,2023-11-06T03:00:00,4.4,0,,0,14.8,10.5,128,2.916666667,52,,,,,
14210,42.867,-78.831,2023-11-06T04:00:00,4.5,0,,0,14.8,10.5,127,2.916666667,53,,,,,
14210,42.867,-78.831,2023-11-06T05:00:00,5.1,0,,0,14.8,9,114,2.5,66,,,,,
14210,42.867,-78.831,2023-11-06T06:00:00,5.1,0,,0,14.8,10.6,139,2.944444444,41,,,,,
14210,42.867,-78.831,2023-11-06T07:00:00,5.8,0,,0,14.8,12.4,143,3.444444444,37,,,,,
14210,42.867,-78.831,2023-11-06T08:00:00,5.9,0,,0,16.6,8.8,149,2.444444444,31,,,,,
14210,42.867,-78.831,2023-11-06T09:00:00,6.9,0,,0,22.3,9.6,158,2.666666667,22,,,,,
14210,42.867,-78.831,2023-11-06T10:00:00,8.5,0,,0,24.1,13.2,158,3.666666667,22,,,,,
14210,42.867,-78.831,2023-11-06T11:00:00,10.1,0,,0,34.8,16.5,171,4.583333333,9,,,,,
14210,42.867,-78.831,2023-11-06T12:00:00,12.2,0,,0,29.5,22.6,189,6.277777778,9,,,,,
14210,42.867,-78.831,2023-11-06T13:00:00,12.9,0,,0,37.1,18.1,163,5.027777778,17,,,,,
14210,42.867,-78.831,2023-11-06T14:00:00,15,0,,0,38.9,21.3,179,5.916666667,1,,,,,
14210,42.867,-78.831,2023-11-06T15:00:00,14.9,0,,0,42.5,20,189,5.555555556,9,,,,,
14210,42.867,-78.831,2023-11-06T16:00:00,14.9,0.007,rain,0,44.6,25.8,174,7.166666667,6,,,,,
14210,42.867,-78.831,2023-11-06T17:00:00,13.6,0.205,rain,0,44.6,17,180,4.722222222,0,,,,,
14210,42.867,-78.831,2023-11-06T18:00:00,12.9,1.668,rain,0,44.3,20.9,182,5.805555556,2,,,,,
14210,42.867,-78.831,2023-11-06T19:00:00,12.5,0.412,rain,0,44.4,22.7,199,6.305555556,19,,,,,
14210,42.867,-78.831,2023-11-06T20:00:00,13.1,0,,0,40.7,24.6,192,6.833333333,12,,,,,
14210,42.867,-78.831,2023-11-06T21:00:00,13.9,0,,0,36.4,26,200,7.222222222,20,,,,,
14210,42.867,-78.831,2023-11-06T22:00:00,15.1,0,,0,45.2,25.1,205,6.972222222,25,,,,,
14210,42.867,-78.831,2023-11-06T23:00:00,15.1,0,,0,40.8,21.2,221,5.888888889,41,,,,,
14210,42.867,-78.831,2023-11-07T00:00:00,14.6,0,,0,32.6,15,246,4.166666667,66,,,,,
14210,42.867,-78.831,2023-11-07T01:00:00,14.1,0,,0,30.8,19,221,5.277777778,41,,,,,
14210,42.867,-78.831,2023-11-07T02:00:00,15.5,0,,0,50.7,33.4,230,9.277777778,50,,,,,
14210,42.867,-78.831,2023-11-07T03:00:00,15,0,,0,50.7,27.9,247,7.75,67,,,,,
14210,42.867,-78.831,2023-11-07T04:00:00,14.4,0,,0,55.2,28.6,241,7.944444444,61,,,,,
14210,42.867,-78.831,2023-11-07T05:00:00,13.4,0,,0,54.5,27.8,241,7.722222222,61,,,,,
14210,42.867,-78.831,2023-11-07T06:00:00,12.9,0,,0,50.7,27.2,249,7.555555556,69,,,,,
14210,42.867,-78.831,2023-11-07T07:00:00,13.4,0,,0,37.1,22.5,249,6.25,69,,,,,
14210,42.867,-78.831,2023-11-07T08:00:00,12.9,0,,0,43.4,21.6,262,6,82,,,,,
14210,42.867,-78.831,2023-11-07T09:00:00,12.8,0,,0,44.8,27.5,278,7.638888889,82,,,,,
14210,42.867,-78.831,2023-11-07T10:00:00,11.1,0,,0,45,29,308,8.055555556,52,,,,,
14210,42.867,-78.831,2023-11-07T11:00:00,10.6,0,,0,47,28.1,291,7.805555556,69,,,,,
14210,42.867,-78.831,2023-11-07T12:00:00,11,0,,0,44.3,31.2,298,8.666666667,62,,,,,
14210,42.867,-78.831,2023-11-07T13:00:00,10.9,0,,0,38.9,23.2,298,6.444444444,62,,,,,
14210,42.867,-78.831,2023-11-07T14:00:00,9.4,0,,0,42.3,25.6,274,7.111111111,86,,,,,
14210,42.867,-78.831,2023-11-07T15:00:00,9.3,0,,0,38.5,22.2,281,6.166666667,79,,,,,
14210,42.867,-78.831,2023-11-07T16:00:00,8.4,0,,0,35.3,23.9,300,6.638888889,60,,,,,
14210,42.867,-78.831,2023-11-07T17:00:00,8.4,0,,0,38.7,21.4,300,5.944444444,60,,,,,
14210,42.867,-78.831,2023-11-07T18:00:00,7.3,0,,0,37.1,21.3,313,5.916666667,47,,,,,
14210,42.867,-78.831,2023-11-07T19:00:00,6.7,0,,0,16.6,19.1,332,5.305555556,28,,,,,
14210,42.867,-78.831,2023-11-07T20:00:00,5.6,0,,0,37,19.1,348,5.305555556,12,,,,,
14210,42.867,-78.831,2023-11-07T21:00:00,4.4,0,,0,37.4,19.6,331,5.444444444,29,,,,,
14210,42.867,-78.831,2023-11-07T22:00:00,3.4,0,,0,14.8,21.1,340,5.861111111,20,,,,,
14210,42.867,-78.831,2023-11-07T23:00:00,2.4,0,,0,38.9,22.2,343,6.166666667,17,,,,,
14210,42.867,-78.831,2023-11-08T00:00:00,1.9,0,,0,29.8,17.1,359,4.75,1,,,,,
14210,42.867,-78.831,2023-11-08T01:00:00,1.8,0,,0,13,14.6,315,4.055555556,45,,,,,
14210,42.867,-78.831,2023-11-08T02:00:00,1.3,0,,0,24.1,14.5,3,4.027777778,3,,,,,
14210,42.867,-78.831,2023-11-08T03:00:00,0.8,0,,0,22.3,12,8,3.333333333,8,,,,,
14210,42.867,-78.831,2023-11-08T04:00:00,0.8,0,,0,20.5,11.7,21,3.25,21,,,,,
14210,42.867,-78.831,2023-11-08T05:00:00,0.2,0,,0,20.5,14.8,30,4.111111111,30,,,,,
14210,42.867,-78.831,2023-11-08T06:00:00,0.2,0,,0,18.4,11.4,41,3.166666667,41,,,,,
14210,42.867,-78.831,2023-11-08T07:00:00,0,0,,0,18.4,14.3,69,3.972222222,69,,,,,
14210,42.867,-78.831,2023-11-08T08:00:00,0.1,0,,0,18.4,10.5,45,2.916666667,45,,,,,
14210,42.867,-78.831,2023-11-08T09:00:00,0.8,0,,0,18.4,16.1,54,4.472222222,54,,,,,
14210,42.867,-78.831,2023-11-08T10:00:00,1.3,0,,0,13,17,69,4.722222222,69,,,,,
14210,42.867,-78.831,2023-11-08T11:00:00,1.8,0,,0,38.9,18.6,81,5.166666667,81,,,,,
14210,42.867,-78.831,2023-11-08T12:00:00,2.3,0,,0,14.8,14.6,110,4.055555556,70,,,,,
14210,42.867,-78.831,2023-11-08T13:00:00,2.8,0,,0,18.4,7.3,68,2.027777778,68,,,,,
14210,42.867,-78.831,2023-11-08T14:00:00,2.9,0,,0,20.5,10.6,33,2.944444444,33,,,,,
14210,42.867,-78.831,2023-11-08T15:00:00,2.9,0.005,rain,0,32.6,20.5,34,5.694444444,34,,,,,
14210,42.867,-78.831,2023-11-08T16:00:00,2.2,0,,0,25.9,24.5,61,6.805555556,61,,,,,
14210,42.867,-78.831,2023-11-08T17:00:00,1.7,0.393,"rain,snow",0,33.6,23.6,81,6.555555556,81,,,,,
14210,42.867,-78.831,2023-11-08T18:00:00,1.2,0.664,"rain,snow",0,37.6,27.8,70,7.722222222,70,,,,,
14210,42.867,-78.831,2023-11-08T19:00:00,1.8,0.247,"rain,snow",0,31.3,17.6,86,4.888888889,86,,,,,
14210,42.867,-78.831,2023-11-08T20:00:00,1.8,0.312,"rain,snow",0,38.8,23.7,63,6.583333333,63,,,,,
14210,42.867,-78.831,2023-11-08T21:00:00,1.8,0.717,"rain,snow",0,37.7,23.8,81,6.611111111,81,,,,,
14210,42.867,-78.831,2023-11-08T22:00:00,2.8,0.477,rain,0,37.1,22.2,74,6.166666667,74,,,,,
14210,42.867,-78.831,2023-11-08T23:00:00,3.4,0.104,rain,0,35.3,22,72,6.111111111,72,,,,,
14210,42.867,-78.831,2023-11-09T00:00:00,2.9,0.465,rain,0,41.8,21.6,38,6,38,,,,,
14210,42.867,-78.831,2023-11-09T01:00:00,2.3,0.741,rain,0,50,29.2,60,8.111111111,60,,,,,
14210,42.867,-78.831,2023-11-09T02:00:00,2.4,3.056,rain,0,38.9,23.6,57,6.555555556,57,,,,,
14210,42.867,-78.831,2023-11-09T03:00:00,2.9,1.368,rain,0,40.7,10.4,93,2.888888889,87,,,,,
14210,42.867,-78.831,2023-11-09T04:00:00,3.9,0,,0,46.4,7.5,62,2.083333333,62,,,,,
14210,42.867,-78.831,2023-11-09T05:00:00,4.3,0,,0,48.2,9.7,340,2.694444444,20,,,,,
14210,42.867,-78.831,2023-11-09T06:00:00,4.4,0,,0,48.2,9.7,271,2.694444444,89,,,,,
14210,42.867,-78.831,2023-11-09T07:00:00,6.5,0,,0,48.2,18,242,5,62,,,,,
14210,42.867,-78.831,2023-11-09T08:00:00,7,0,,0,44.3,22.5,237,6.25,57,,,,,
14210,42.867,-78.831,2023-11-09T09:00:00,6.7,0,,0,50.6,31.5,267,8.75,87,,,,,
14210,42.867,-78.831,2023-11-09T10:00:00,6.8,0,,0,46.4,16.6,259,4.611111111,79,,,,,
14210,42.867,-78.831,2023-11-09T11:00:00,6.9,0,,0,42.5,19,241,5.277777778,61,,,,,
14210,42.867,-78.831,2023-11-09T12:00:00,8,0,,0,40.4,25.3,240,7.027777778,60,,,,,
14210,42.867,-78.831,2023-11-09T13:00:00,8.5,0,,0,50,27.8,250,7.722222222,70,,,,,
14210,42.867,-78.831,2023-11-09T14:00:00,8.4,0,,0,47.4,27.9,242,7.75,62,,,,,
14210,42.867,-78.831,2023-11-09T15:00:00,8.6,0,,0,45.6,22.4,238,6.222222222,58,,,,,
14210,42.867,-78.831,2023-11-09T16:00:00,8.5,0,,0,47.1,26.3,238,7.305555556,58,,,,,
14210,42.867,-78.831,2023-11-09T17:00:00,8.4,0,,0,47.5,26.3,228,7.305555556,48,,,,,
14210,42.867,-78.831,2023-11-09T18:00:00,9.3,0,,0,48.1,29.3,231,8.138888889,51,,,,,
14210,42.867,-78.831,2023-11-09T19:00:00,9.8,0,,0,51.8,26.1,240,7.25,60,,,,,
14210,42.867,-78.831,2023-11-09T20:00:00,9.9,0,,0,55.4,30.6,248,8.5,68,,,,,
14210,42.867,-78.831,2023-11-09T21:00:00,9.9,0,,0,49.1,30.5,250,8.472222222,70,,,,,
14210,42.867,-78.831,2023-11-09T22:00:00,9.3,0,,0,48,31.4,261,8.722222222,81,,,,,
14210,42.867,-78.831,2023-11-09T23:00:00,8.2,0,,0,48.7,23.3,270,6.472222222,90,,,,,
14210,42.867,-78.831,2023-11-10T00:00:00,7.7,0,,0,35.3,21.8,268,6.055555556,88,,,,,
14210,42.867,-78.831,2023-11-10T01:00:00,6.8,0,,0,59.4,16.7,250,4.638888889,70,,,,,
14210,42.867,-78.831,2023-11-10T02:00:00,6.7,0,,0,53.6,14.8,247,4.111111111,67,,,,,
14210,42.867,-78.831,2023-11-10T03:00:00,7.1,0,,0,50,15.1,246,4.194444444,66,,,,,
14210,42.867,-78.831,2023-11-10T04:00:00,7.1,0,,0,46.4,16.2,249,4.5,69,,,,,
14210,42.867,-78.831,2023-11-10T05:00:00,7.1,0,,0,33.5,14.9,258,4.138888889,78,,,,,
14210,42.867,-78.831,2023-11-10T06:00:00,7,0,,0,40.7,17.6,257,4.888888889,77,,,,,
14210,42.867,-78.831,2023-11-10T07:00:00,6.7,0,,0,40.7,15.3,258,4.25,78,,,,,
14210,42.867,-78.831,2023-11-10T08:00:00,7,0,,0,35.3,16.5,257,4.583333333,77,,,,,
14210,42.867,-78.831,2023-11-10T09:00:00,7.9,0,,0,33.5,16.1,267,4.472222222,87,,,,,
14210,42.867,-78.831,2023-11-10T10:00:00,8.9,0,,0,37.1,23.5,259,6.527777778,79,,,,,
14210,42.867,-78.831,2023-11-10T11:00:00,10.1,0,,0,52.1,24.9,270,6.916666667,90,,,,,
14210,42.867,-78.831,2023-11-10T12:00:00,10.6,0,,0,44.3,25.7,253,7.138888889,73,,,,,
14210,42.867,-78.831,2023-11-10T13:00:00,9.5,0,,0,44.3,15.7,263,4.361111111,83,,,,,
14210,42.867,-78.831,2023-11-10T14:00:00,9.6,0,,0,44.3,15,260,4.166666667,80,,,,,
14210,42.867,-78.831,2023-11-10T15:00:00,9.5,0,,0,35.3,16.3,266,4.527777778,86,,,,,
14210,42.867,-78.831,2023-11-10T16:00:00,10,0,,0,33.5,11.4,257,3.166666667,77,,,,,
14210,42.867,-78.831,2023-11-10T17:00:00,9.2,0,,0,29.5,13.4,272,3.722222222,88,,,,,
14210,42.867,-78.831,2023-11-10T18:00:00,8.2,0,,0,33.5,13.2,282,3.666666667,78,,,,,
14210,42.867,-78.831,2023-11-10T19:00:00,8.2,0,,0,27.7,16.8,291,4.666666667,69,,,,,
14210,42.867,-78.831,2023-11-10T20:00:00,7.3,0,,0,33.5,15.2,308,4.222222222,52,,,,,
14210,42.867,-78.831,2023-11-10T21:00:00,7.2,0,,0,22.3,14.6,307,4.055555556,53,,,,,
14210,42.867,-78.831,2023-11-10T22:00:00,6.8,0,,0,18.4,11.6,298,3.222222222,62,,,,,
14210,42.867,-78.831,2023-11-10T23:00:00,6.7,0,,0,18.4,9.7,282,2.694444444,78,,,,,
14210,42.867,-78.831,2023-11-11T00:00:00,6,0,,0,31.3,11.2,263,3.111111111,83,,,,,
14210,42.867,-78.831,2023-11-11T01:00:00,5.9,0,,0,16.6,9.7,278,2.694444444,82,,,,,
14210,42.867,-78.831,2023-11-11T02:00:00,5.5,0,,0,31.3,9.7,292,2.694444444,68,,,,,
14210,42.867,-78.831,2023-11-11T03:00:00,5.6,0,,0,16.6,12.8,315,3.555555556,45,,,,,
14210,42.867,-78.831,2023-11-11T04:00:00,4,0,,0,14.8,10.7,344,2.972222222,16,,,,,
14210,42.867,-78.831,2023-11-11T05:00:00,4.3,0,,0,14.8,8.9,10,2.472222222,10,,,,,
14210,42.867,-78.831,2023-11-11T06:00:00,3.8,0,,0,14.8,13.6,19,3.777777778,19,,,,,
14210,42.867,-78.831,2023-11-11T07:00:00,3.4,0,,0,13,12.4,10,3.444444444,10,,,,,
14210,42.867,-78.831,2023-11-11T08:00:00,3,0,,0,13,14.2,30,3.944444444,30,,,,,
14210,42.867,-78.831,2023-11-11T09:00:00,3.5,0,,0,13,13.3,29,3.694444444,29,,,,,
14210,42.867,-78.831,2023-11-11T10:00:00,4,0,,0,13,10.9,22,3.027777778,22,,,,,
14210,42.867,-78.831,2023-11-11T11:00:00,5.1,0,,0,13,7.2,70,2,70,,,,,
14210,42.867,-78.831,2023-11-11T12:00:00,5.1,0,,0,14.8,5.9,6,1.638888889,6,,,,,
14210,42.867,-78.831,2023-11-11T13:00:00,5.6,0,,0,16.6,9.5,320,2.638888889,40,,,,,
14210,42.867,-78.831,2023-11-11T14:00:00,5,0,,0,18.4,5.6,351,1.555555556,9,,,,,
14210,42.867,-78.831,2023-11-11T15:00:00,5.1,0,,0,16.6,11,357,3.055555556,3,,,,,
14210,42.867,-78.831,2023-11-11T16:00:00,4.5,0,,0,16.6,9.2,21,2.555555556,21,,,,,
14210,42.867,-78.831,2023-11-11T17:00:00,3.9,0,,0,14.8,9.1,34,2.527777778,34,,,,,
14210,42.867,-78.831,2023-11-11T18:00:00,3.4,0,,0,11.2,7.6,32,2.111111111,32,,,,,
14210,42.867,-78.831,2023-11-11T19:00:00,3.4,0,,0,9.4,9.3,33,2.583333333,33,,,,,
14210,42.867,-78.831,2023-11-11T20:00:00,2.9,0,,0,13,12.1,45,3.361111111,45,,,,,
14210,42.867,-78.831,2023-11-11T21:00:00,2.9,0,,0,11.2,7.6,82,2.111111111,82,,,,,
14210,42.867,-78.831,2023-11-11T22:00:00,2.3,0,,0,9.4,8.9,100,2.472222222,80,,,,,
14210,42.867,-78.831,2023-11-11T23:00:00,2.2,0,,0,9.4,4.7,58,1.305555556,58,,,,,
14210,42.867,-78.831,2023-11-12T00:00:00,2.4,0,,0,9.4,5.4,71,1.5,71,,,,,
14210,42.867,-78.831,2023-11-12T01:00:00,2.4,0,,0,9.4,6.6,75,1.833333333,75,,,,,
14210,42.867,-78.831,2023-11-12T02:00:00,2.4,0,,0,9.4,8.8,90,2.444444444,90,,,,,
14210,42.867,-78.831,2023-11-12T03:00:00,2.3,0,,0,11.2,4.9,74,1.361111111,74,,,,,
14210,42.867,-78.831,2023-11-12T04:00:00,1.8,0,,0,11.2,1.1,28,0.305555556,28,,,,,
14210,42.867,-78.831,2023-11-12T05:00:00,1.4,0,,0,11.2,7.7,71,2.138888889,71,,,,,
14210,42.867,-78.831,2023-11-12T06:00:00,0.2,0,,0,11.2,9.1,94,2.527777778,86,,,,,
14210,42.867,-78.831,2023-11-12T07:00:00,0.1,0,,0,9.4,4.6,31,1.277777778,31,,,,,
14210,42.867,-78.831,2023-11-12T08:00:00,1.2,0,,0,9.4,0.3,8,0.083333333,8,,,,,
14210,42.867,-78.831,2023-11-12T09:00:00,3,0,,0,7.6,12.1,98,3.361111111,82,,,,,
14210,42.867,-78.831,2023-11-12T10:00:00,3.9,0,,0,7.6,9.2,105,2.555555556,75,,,,,
14210,42.867,-78.831,2023-11-12T11:00:00,5.1,0,,0,7.6,1.3,30,0.361111111,30,,,,,
14210,42.867,-78.831,2023-11-12T12:00:00,5.1,0,,0,7.6,0.4,8,0.111111111,8,,,,,
14210,42.867,-78.831,2023-11-12T13:00:00,6.7,0,,0,7.6,1.1,31,0.305555556,31,,,,,
14210,42.867,-78.831,2023-11-12T14:00:00,6.7,0,,0,13,1.1,9,0.305555556,9,,,,,
14210,42.867,-78.831,2023-11-12T15:00:00,6.7,0,,0,13,6.7,73,1.861111111,73,,,,,
14210,42.867,-78.831,2023-11-12T16:00:00,6.7,0,,0,13,8.4,14,2.333333333,14,,,,,
14210,42.867,-78.831,2023-11-12T17:00:00,4.3,0,,0,11.2,11.8,50,3.277777778,50,,,,,
14210,42.867,-78.831,2023-11-12T18:00:00,3.1,0,,0,11.2,13.9,52,3.861111111,52,,,,,
14210,42.867,-78.831,2023-11-12T19:00:00,1.7,0,,0,11.2,10.2,56,2.833333333,56,,,,,
14210,42.867,-78.831,2023-11-12T20:00:00,1.1,0,,0,11.2,10.8,67,3,67,,,,,
14210,42.867,-78.831,2023-11-12T21:00:00,1.1,0,,0,13,9.4,90,2.611111111,90,,,,,
14210,42.867,-78.831,2023-11-12T22:00:00,0.6,0,,0,11.2,9.7,109,2.694444444,71,,,,,
14210,42.867,-78.831,2023-11-12T23:00:00,0.1,0,,0,11.2,7.3,65,2.027777778,65,,,,,
14210,42.867,-78.831,2023-11-13T00:00:00,-0.1,0,,0,11.2,9.8,100,2.722222222,80,,,,,
14210,42.867,-78.831,2023-11-13T01:00:00,-0.1,0,,0,11.2,10.6,119,2.944444444,61,,,,,
14210,42.867,-78.831,2023-11-13T02:00:00,-0.2,0,,0,13,6.6,102,1.833333333,78,,,,,
14210,42.867,-78.831,2023-11-13T03:00:00,-0.2,0,,0,14.8,6.4,128,1.777777778,52,,,,,
14210,42.867,-78.831,2023-11-13T04:00:00,-0.1,0,,0,14.8,10.4,118,2.888888889,62,,,,,
14210,42.867,-78.831,2023-11-13T05:00:00,1.1,0,,0,14.8,6.5,130,1.805555556,50,,,,,
14210,42.867,-78.831,2023-11-13T06:00:00,1.9,0,,0,22.3,13.6,161,3.777777778,19,,,,,
14210,42.867,-78.831,2023-11-13T07:00:00,2.3,0,,0,25.9,9.4,141,2.611111111,39,,,,,
14210,42.867,-78.831,2023-11-13T08:00:00,4.2,0,,0,29.5,16.2,172,4.5,8,,,,,
14210,42.867,-78.831,2023-11-13T09:00:00,6.9,0,,0,33.5,15.5,200,4.305555556,20,,,,,
14210,42.867,-78.831,2023-11-13T10:00:00,9.1,0,,0,53.6,23.7,200,6.583333333,20,,,,,
14210,42.867,-78.831,2023-11-13T11:00:00,9.7,0,,0,44,29.9,221,8.305555556,41,,,,,
14210,42.867,-78.831,2023-11-13T12:00:00,10.3,0,,0,50,34.6,232,9.611111111,52,,,,,
14210,42.867,-78.831,2023-11-13T13:00:00,10.5,0,,0,53.3,32.8,239,9.111111111,59,,,,,
14210,42.867,-78.831,2023-11-13T14:00:00,11.6,0,,0,55.3,31.2,237,8.666666667,57,,,,,
14210,42.867,-78.831,2023-11-13T15:00:00,11.6,0,,0,51.6,35,245,9.722222222,65,,,,,
14210,42.867,-78.831,2023-11-13T16:00:00,11.1,0,,0,48.1,32.2,243,8.944444444,63,,,,,
14210,42.867,-78.831,2023-11-13T17:00:00,10.2,0,,0,46.3,28.1,244,7.805555556,64,,,,,
14210,42.867,-78.831,2023-11-13T18:00:00,9.5,0,,0,40.4,16.5,265,4.583333333,85,,,,,
14210,42.867,-78.831,2023-11-13T19:00:00,8.6,0,,0,33.5,13.1,269,3.638888889,89,,,,,
14210,42.867,-78.831,2023-11-13T20:00:00,9.1,0,,0,44.2,14.3,260,3.972222222,80,,,,,
14210,42.867,-78.831,2023-11-13T21:00:00,8.9,0,,0,42,21.6,302,6,58,,,,,
14210,42.867,-78.831,2023-11-13T22:00:00,7.6,0,,0,27.7,15.9,305,4.416666667,55,,,,,
14210,42.867,-78.831,2023-11-13T23:00:00,7.2,0,,0,44.3,16.7,280,4.638888889,80,,,,,
14210,42.867,-78.831,2023-11-14T00:00:00,6.9,0,,0,40.7,21.1,281,5.861111111,79,,,,,
14210,42.867,-78.831,2023-11-14T01:00:00,6.7,0,,0,33.5,20.8,281,5.777777778,79,,,,,
14210,42.867,-78.831,2023-11-14T02:00:00,6.1,0,,0,42.5,11.9,253,3.305555556,73,,,,,
14210,42.867,-78.831,2023-11-14T03:00:00,5.7,0,,0,42.5,15.6,274,4.333333333,86,,,,,
14210,42.867,-78.831,2023-11-14T04:00:00,5.2,0,,0,29.5,13.2,263,3.666666667,83,,,,,
14210,42.867,-78.831,2023-11-14T05:00:00,5.2,0,,0,37.1,15.1,265,4.194444444,85,,,,,
14210,42.867,-78.831,2023-11-14T06:00:00,5.2,0,,0,20.5,13.5,264,3.75,84,,,,,
14210,42.867,-78.831,2023-11-14T07:00:00,5.2,0,,0,16.6,12.2,267,3.388888889,87,,,,,
14210,42.867,-78.831,2023-11-14T08:00:00,5.3,0,,0,16.6,11.5,269,3.194444444,89,,,,,
14210,42.867,-78.831,2023-11-14T09:00:00,6.3,0,,0,16.6,12.8,303,3.555555556,57,,,,,
14210,42.867,-78.831,2023-11-14T10:00:00,6.3,0,,0,18.4,13.3,273,3.694444444,87,,,,,
14210,42.867,-78.831,2023-11-14T11:00:00,6.4,0,,0,14.8,13.9,295,3.861111111,65,,,,,
14210,42.867,-78.831,2023-11-14T12:00:00,7,0,,0,16.6,6.2,357,1.722222222,3,,,,,
14210,42.867,-78.831,2023-11-14T13:00:00,7.4,0,,0,14.8,7.7,350,2.138888889,10,,,,,
14210,42.867,-78.831,2023-11-14T14:00:00,7.5,0,,0,14.8,9.4,313,2.611111111,47,,,,,
14210,42.867,-78.831,2023-11-14T15:00:00,8.4,0,,0,14.8,1.1,338,0.305555556,22,,,,,
14210,42.867,-78.831,2023-11-14T16:00:00,7.5,0,,0,14.8,12.6,260,3.5,80,,,,,
14210,42.867,-78.831,2023-11-14T17:00:00,6.2,0,,0,14.8,9.8,226,2.722222222,46,,,,,
14210,42.867,-78.831,2023-11-14T18:00:00,4.5,0,,0,13,9.2,199,2.555555556,19,,,,,
14210,42.867,-78.831,2023-11-14T19:00:00,4.8,0,,0,13,7,184,1.944444444,4,,,,,
14210,42.867,-78.831,2023-11-14T20:00:00,3.7,0,,0,11.2,7.2,164,2,16,,,,,
14210,42.867,-78.831,2023-11-14T21:00:00,2.8,0,,0,11.2,9.2,153,2.555555556,27,,,,,
14210,42.867,-78.831,2023-11-14T22:00:00,2.5,0,,0,11.2,10.2,159,2.833333333,21,,,,,
14210,42.867,-78.831,2023-11-14T23:00:00,2.2,0,,0,13,8,149,2.222222222,31,,,,,
14210,42.867,-78.831,2023-11-15T00:00:00,2.3,0,,0,13,11.9,131,3.305555556,49,,,,,
14210,42.867,-78.831,2023-11-15T01:00:00,2.1,0,,0,13,6.4,121,1.777777778,59,,,,,
14210,42.867,-78.831,2023-11-15T02:00:00,1.6,0,,0,11.2,9.4,138,2.611111111,42,,,,,
14210,42.867,-78.831,2023-11-15T03:00:00,1.6,0,,0,13,6.5,139,1.805555556,41,,,,,
14210,42.867,-78.831,2023-11-15T04:00:00,1.8,0,,0,13,7.6,144,2.111111111,36,,,,,
14210,42.867,-78.831,2023-11-15T05:00:00,1.3,0,,0,13,7.4,136,2.055555556,44,,,,,
14210,42.867,-78.831,2023-11-15T06:00:00,2.5,0,,0,13,9.7,132,2.694444444,48,,,,,
14210,42.867,-78.831,2023-11-15T07:00:00,1.3,0,,0,14.8,12.4,171,3.444444444,9,,,,,
14210,42.867,-78.831,2023-11-15T08:00:00,4.2,0,,0,24.1,9.8,166,2.722222222,14,,,,,
14210,42.867,-78.831,2023-11-15T09:00:00,6.6,0,,0,31.3,14,199,3.888888889,19,,,,,
14210,42.867,-78.831,2023-11-15T10:00:00,9.6,0,,0,40.7,18.4,193,5.111111111,13,,,,,
14210,42.867,-78.831,2023-11-15T11:00:00,12.2,0,,0,35.3,23.7,210,6.583333333,30,,,,,
14210,42.867,-78.831,2023-11-15T12:00:00,12.4,0,,0,39.1,27,227,7.5,47,,,,,
14210,42.867,-78.831,2023-11-15T13:00:00,12.5,0,,0,48.1,22,229,6.111111111,49,,,,,
14210,42.867,-78.831,2023-11-15T14:00:00,13.9,0,,0,42.7,26.4,222,7.333333333,42,,,,,
14210,42.867,-78.831,2023-11-15T15:00:00,13.3,0,,0,51.5,30.7,238,8.527777778,58,,,,,
14210,42.867,-78.831,2023-11-15T16:00:00,11.7,0,,0,48.6,20.8,257,5.777777778,77,,,,,
14210,42.867,-78.831,2023-11-15T17:00:00,11.2,0,,0,51.8,21.9,221,6.083333333,41,,,,,
14210,42.867,-78.831,2023-11-15T18:00:00,10.1,0,,0,37.3,21.3,219,5.916666667,39,,,,,
14210,42.867,-78.831,2023-11-15T19:00:00,10.2,0,,0,25.9,25.2,212,7,32,,,,,
14210,42.867,-78.831,2023-11-15T20:00:00,10.1,0,,0,37.1,20.3,224,5.638888889,44,,,,,
14210,42.867,-78.831,2023-11-15T21:00:00,9.3,0,,0,22.3,11.5,247,3.194444444,67,,,,,
14210,42.867,-78.831,2023-11-15T22:00:00,8,0,,0,14.8,10.8,215,3,35,,,,,
14210,42.867,-78.831,2023-11-15T23:00:00,7.8,0,,0,13,10.5,226,2.916666667,46,,,,,
14210,42.867,-78.831,2023-11-16T00:00:00,5.9,0,,0,13,6.4,221,1.777777778,41,,,,,
14210,42.867,-78.831,2023-11-16T01:00:00,6.6,0,,0,11.2,7.1,214,1.972222222,34,,,,,
14210,42.867,-78.831,2023-11-16T02:00:00,6.5,0,,0,13,7.9,219,2.194444444,39,,,,,
14210,42.867,-78.831,2023-11-16T03:00:00,5.8,0,,0,11.2,7.8,207,2.166666667,27,,,,,
14210,42.867,-78.831,2023-11-16T04:00:00,5.5,0,,0,9.4,7.8,230,2.166666667,50,,,,,
14210,42.867,-78.831,2023-11-16T05:00:00,5,0,,0,9.4,6.5,203,1.805555556,23,,,,,
14210,42.867,-78.831,2023-11-16T06:00:00,5.8,0,,0,9.4,6.4,224,1.777777778,44,,,,,
14210,42.867,-78.831,2023-11-16T07:00:00,3.7,0,,0,7.6,7.8,202,2.166666667,22,,,,,
14210,42.867,-78.831,2023-11-16T08:00:00,3.7,0,,0,9.4,7.9,147,2.194444444,33,,,,,
14210,42.867,-78.831,2023-11-16T09:00:00,7.4,0,,0,11.2,9.4,207,2.611111111,27,,,,,
14210,42.867,-78.831,2023-11-16T10:00:00,10.9,0,,0,24.1,11.8,208,3.277777778,28,,,,,
14210,42.867,-78.831,2023-11-16T11:00:00,11.8,0,,0,27.7,25.1,231,6.972222222,51,,,,,
14210,42.867,-78.831,2023-11-16T12:00:00,12.9,0,,0,32.2,22.9,239,6.361111111,59,,,,,
14210,42.867,-78.831,2023-11-16T13:00:00,13,0,,0,31.3,17.1,231,4.75,51,,,,,
14210,42.867,-78.831,2023-11-16T14:00:00,13.5,0,,0,18.4,12.5,233,3.472222222,53,,,,,
14210,42.867,-78.831,2023-11-16T15:00:00,13.5,0,,0,14.8,13.8,206,3.833333333,26,,,,,
14210,42.867,-78.831,2023-11-16T16:00:00,12.9,0,,0,11.2,11.2,205,3.111111111,25,,,,,
14210,42.867,-78.831,2023-11-16T17:00:00,11.5,0,,0,13,6.2,196,1.722222222,16,,,,,
14210,42.867,-78.831,2023-11-16T18:00:00,11,0,,0,16.6,8.6,164,2.388888889,16,,,,,
14210,42.867,-78.831,2023-11-16T19:00:00,9.8,0,,0,22.3,9.1,163,2.527777778,17,,,,,
14210,42.867,-78.831,2023-11-16T20:00:00,9.1,0,,0,25.9,11.2,144,3.111111111,36,,,,,
14210,42.867,-78.831,2023-11-16T21:00:00,9.2,0,,0,27.7,10.9,164,3.027777778,16,,,,,
14210,42.867,-78.831,2023-11-16T22:00:00,10.3,0,,0,31.3,13.5,181,3.75,1,,,,,
14210,42.867,-78.831,2023-11-16T23:00:00,13.3,0,,0,33.5,22.4,198,6.222222222,18,,,,,
14210,42.867,-78.831,2023-11-17T00:00:00,13.8,0,,0,33.5,22.8,190,6.333333333,10,,,,,
14210,42.867,-78.831,2023-11-17T01:00:00,14.8,0,,0,35.3,21.1,198,5.861111111,18,,,,,
14210,42.867,-78.831,2023-11-17T02:00:00,15.5,0,,0,44.3,26.2,201,7.277777778,21,,,,,
14210,42.867,-78.831,2023-11-17T03:00:00,15.7,0,,0,41.4,28.1,202,7.805555556,22,,,,,
14210,42.867,-78.831,2023-11-17T04:00:00,15.9,0,,0,44.3,20.6,202,5.722222222,22,,,,,
14210,42.867,-78.831,2023-11-17T05:00:00,16,0,,0,41.2,21.6,201,6,21,,,,,
14210,42.867,-78.831,2023-11-17T06:00:00,15.9,0,,0,42.3,28.6,193,7.944444444,13,,,,,
14210,42.867,-78.831,2023-11-17T07:00:00,15.9,0,,0,37.1,22,193,6.111111111,13,,,,,
14210,42.867,-78.831,2023-11-17T08:00:00,16.2,0,,0,50.6,27.9,195,7.75,15,,,,,
14210,42.867,-78.831,2023-11-17T09:00:00,15.3,0.028,rain,0,56.2,27.1,204,7.527777778,24,,,,,
14210,42.867,-78.831,2023-11-17T10:00:00,11.9,2.46,rain,0,50,16.2,220,4.5,40,,,,,
14210,42.867,-78.831,2023-11-17T11:00:00,11.9,3.114,rain,0,52.7,19.2,209,5.333333333,29,,,,,
14210,42.867,-78.831,2023-11-17T12:00:00,12.3,1.039,rain,0,44,27.5,212,7.638888889,32,,,,,
14210,42.867,-78.831,2023-11-17T13:00:00,12.3,0.738,rain,0,44.6,18.4,213,5.111111111,33,,,,,
14210,42.867,-78.831,2023-11-17T14:00:00,12.3,2.552,rain,0,36.6,17.4,215,4.833333333,35,,,,,
14210,42.867,-78.831,2023-11-17T15:00:00,11.4,5.127,rain,0,45.9,31.7,295,8.805555556,65,,,,,
14210,42.867,-78.831,2023-11-17T16:00:00,8.8,2.11,rain,0,31.3,15.1,329,4.194444444,31,,,,,
14210,42.867,-78.831,2023-11-17T17:00:00,7.9,0.659,rain,0,35.3,14.6,338,4.055555556,22,,,,,
14210,42.867,-78.831,2023-11-17T18:00:00,7.2,0,,0,42.5,14.1,315,3.916666667,45,,,,,
14210,42.867,-78.831,2023-11-17T19:00:00,6.3,0,,0,14.8,21.1,342,5.861111111,18,,,,,
14210,42.867,-78.831,2023-11-17T20:00:00,5.6,0,,0,31.3,19.5,350,5.416666667,10,,,,,
14210,42.867,-78.831,2023-11-17T21:00:00,4.5,0,,0,13,16.1,351,4.472222222,9,,,,,
14210,42.867,-78.831,2023-11-17T22:00:00,3.9,0,,0,11.2,9.8,341,2.722222222,19,,,,,
14210,42.867,-78.831,2023-11-17T23:00:00,3.9,0,,0,31.3,16.6,339,4.611111111,21,,,,,
14210,42.867,-78.831,2023-11-18T00:00:00,3.5,0,,0,33.5,11.1,342,3.083333333,18,,,,,
14210,42.867,-78.831,2023-11-18T01:00:00,3.4,0,,0,9.4,10,320,2.777777778,40,,,,,
14210,42.867,-78.831,2023-11-18T02:00:00,3.4,0,,0,20.5,14,346,3.888888889,14,,,,,
14210,42.867,-78.831,2023-11-18T03:00:00,3.3,0,,0,22.3,9.8,348,2.722222222,12,,,,,
14210,42.867,-78.831,2023-11-18T04:00:00,1.8,0,,0,24.1,5.6,326,1.555555556,34,,,,,
14210,42.867,-78.831,2023-11-18T05:00:00,2.2,0,,0,18.4,5.6,264,1.555555556,84,,,,,
14210,42.867,-78.831,2023-11-18T06:00:00,1.5,0,,0,20.5,5.9,253,1.638888889,73,,,,,
14210,42.867,-78.831,2023-11-18T07:00:00,0.9,0,,0,20.5,7.8,277,2.166666667,83,,,,,
14210,42.867,-78.831,2023-11-18T08:00:00,1.5,0,,0,13,7.9,250,2.194444444,70,,,,,
14210,42.867,-78.831,2023-11-18T09:00:00,3.4,0,,0,13,9.4,288,2.611111111,72,,,,,
14210,42.867,-78.831,2023-11-18T10:00:00,4.6,0,,0,13,13.5,310,3.75,50,,,,,
14210,42.867,-78.831,2023-11-18T11:00:00,5.7,0,,0,20.5,11.4,263,3.166666667,83,,,,,
14210,42.867,-78.831,2023-11-18T12:00:00,5.8,0,,0,20.5,10.9,267,3.027777778,87,,,,,
14210,42.867,-78.831,2023-11-18T13:00:00,6.4,0,,0,37.1,20.4,255,5.666666667,75,,,,,
14210,42.867,-78.831,2023-11-18T14:00:00,6.3,0,,0,37.6,24,239,6.666666667,59,,,,,
14210,42.867,-78.831,2023-11-18T15:00:00,6.5,0,,0,43,30,239,8.333333333,59,,,,,
14210,42.867,-78.831,2023-11-18T16:00:00,6.9,0,,0,43.6,27.6,230,7.666666667,50,,,,,
14210,42.867,-78.831,2023-11-18T17:00:00,6.2,0,,0,47.1,25,240,6.944444444,60,,,,,
14210,42.867,-78.831,2023-11-18T18:00:00,6.2,0,,0,42.2,27.8,241,7.722222222,61,,,,,
14210,42.867,-78.831,2023-11-18T19:00:00,6.2,0,,0,37.1,22.1,258,6.138888889,78,,,,,
14210,42.867,-78.831,2023-11-18T20:00:00,6.2,0,,0,34.4,20.6,258,5.722222222,78,,,,,
14210,42.867,-78.831,2023-11-18T21:00:00,5.8,0,,0,40.7,18.9,258,5.25,78,,,,,
14210,42.867,-78.831,2023-11-18T22:00:00,5.8,0,,0,48.2,17.4,240,4.833333333,60,,,,,
14210,42.867,-78.831,2023-11-18T23:00:00,6,0,,0,42.5,22,250,6.111111111,70,,,,,
14210,42.867,-78.831,2023-11-19T00:00:00,6.5,0,,0,42.5,22.6,260,6.277777778,80,,,,,
14210,42.867,-78.831,2023-11-19T01:00:00,5.5,0,,0,44.3,18.5,270,5.138888889,90,,,,,
14210,42.867,-78.831,2023-11-19T02:00:00,5,0,,0,40.7,14.1,270,3.916666667,90,,,,,
14210,42.867,-78.831,2023-11-19T03:00:00,4.8,0,,0,31.3,14.9,270,4.138888889,90,,,,,
14210,42.867,-78.831,2023-11-19T04:00:00,5,0,,0,31.3,13.3,269,3.694444444,89,,,,,
14210,42.867,-78.831,2023-11-19T05:00:00,4,0,,0,27.7,8.7,254,2.416666667,74,,,,,
14210,42.867,-78.831,2023-11-19T06:00:00,3.9,0,,0,29.5,9.9,244,2.75,64,,,,,
14210,42.867,-78.831,2023-11-19T07:00:00,3.8,0,,0,29.5,10,250,2.777777778,70,,,,,
14210,42.867,-78.831,2023-11-19T08:00:00,3.3,0,,0,33.5,11.5,233,3.194444444,53,,,,,
14210,42.867,-78.831,2023-11-19T09:00:00,4.6,0,,0,38.9,14.9,295,4.138888889,65,,,,,
14210,42.867,-78.831,2023-11-19T10:00:00,5.8,0,,0,38.9,13.5,295,3.75,65,,,,,
14210,42.867,-78.831,2023-11-19T11:00:00,7.9,0,,0,37,21.3,279,5.916666667,81,,,,,
14210,42.867,-78.831,2023-11-19T12:00:00,8.7,0,,0,46.2,28.9,292,8.027777778,68,,,,,
14210,42.867,-78.831,2023-11-19T13:00:00,6.6,0,,0,57.2,29.9,317,8.305555556,43,,,,,
14210,42.867,-78.831,2023-11-19T14:00:00,6,0,,0,39.1,27.3,342,7.583333333,18,,,,,
14210,42.867,-78.831,2023-11-19T15:00:00,5.2,0,,0,31.3,17.9,338,4.972222222,22,,,,,
14210,42.867,-78.831,2023-11-19T16:00:00,4.5,0,,0,29.5,14.7,323,4.083333333,37,,,,,
14210,42.867,-78.831,2023-11-19T17:00:00,3,0,,0,27.7,13.4,349,3.722222222,11,,,,,
14210,42.867,-78.831,2023-11-19T18:00:00,1.9,0,,0,25.9,9.6,333,2.666666667,27,,,,,
14210,42.867,-78.831,2023-11-19T19:00:00,1.5,0,,0,25.9,8.4,342,2.333333333,18,,,,,
14210,42.867,-78.831,2023-11-19T20:00:00,2,0,,0,40.7,7.4,343,2.055555556,17,,,,,
14210,42.867,-78.831,2023-11-19T21:00:00,1.1,0,,0,38.9,7.1,343,1.972222222,17,,,,,
14210,42.867,-78.831,2023-11-19T22:00:00,1.4,0,,0,14.8,6.9,348,1.916666667,12,,,,,
14210,42.867,-78.831,2023-11-19T23:00:00,1.8,0,,0,13,6.3,341,1.75,19,,,,,
14210,42.867,-78.831,2023-11-20T00:00:00,1.5,0,,0,31.3,9.9,28,2.75,28,,,,,
14210,42.867,-78.831,2023-11-20T01:00:00,-0.1,0,,0,11.2,11.4,33,3.166666667,33,,,,,
14210,42.867,-78.831,2023-11-20T02:00:00,-1.1,0,,0,11.2,8,31,2.222222222,31,,,,,
14210,42.867,-78.831,2023-11-20T03:00:00,-1.1,0,,0,9.4,6,40,1.666666667,40,,,,,
14210,42.867,-78.831,2023-11-20T04:00:00,-2.1,0,,0,9.4,10.5,24,2.916666667,24,,,,,
14210,42.867,-78.831,2023-11-20T05:00:00,-2.2,0,,0,31.3,5.7,13,1.583333333,13,,,,,
14210,42.867,-78.831,2023-11-20T06:00:00,-3.5,0,,0,9.4,6.7,2,1.861111111,2,,,,,
14210,42.867,-78.831,2023-11-20T07:00:00,-3.3,0,,0,11.2,6.8,37,1.888888889,37,,,,,
14210,42.867,-78.831,2023-11-20T08:00:00,-2.9,0,,0,11.2,7.5,48,2.083333333,48,,,,,
14210,42.867,-78.831,2023-11-20T09:00:00,-0.4,0,,0,14.8,11.6,58,3.222222222,58,,,,,
14210,42.867,-78.831,2023-11-20T10:00:00,0.8,0,,0,16.6,14.8,33,4.111111111,33,,,,,
14210,42.867,-78.831,2023-11-20T11:00:00,0.8,0,,0,16.6,14.6,69,4.055555556,69,,,,,
14210,42.867,-78.831,2023-11-20T12:00:00,1.8,0,,0,14.8,13.1,87,3.638888889,87,,,,,
14210,42.867,-78.831,2023-11-20T13:00:00,2.3,0,,0,18.4,13.1,55,3.638888889,55,,,,,
14210,42.867,-78.831,2023-11-20T14:00:00,2.9,0,,0,31.3,13.4,53,3.722222222,53,,,,,
14210,42.867,-78.831,2023-11-20T15:00:00,2.9,0,,0,33.5,13.2,46,3.666666667,46,,,,,
14210,42.867,-78.831,2023-11-20T16:00:00,2.3,0,,0,20.5,13.7,42,3.805555556,42,,,,,
14210,42.867,-78.831,2023-11-20T17:00:00,1.1,0,,0,35.3,15.1,51,4.194444444,51,,,,,
14210,42.867,-78.831,2023-11-20T18:00:00,0.6,0,,0,35.3,20.9,51,5.805555556,51,,,,,
14210,42.867,-78.831,2023-11-20T19:00:00,0,0,,0,24.1,22.3,62,6.194444444,62,,,,,
14210,42.867,-78.831,2023-11-20T20:00:00,-0.5,0,,0,35.3,18.8,72,5.222222222,72,,,,,
14210,42.867,-78.831,2023-11-20T21:00:00,-1,0,,0,38.9,22.2,80,6.166666667,80,,,,,
14210,42.867,-78.831,2023-11-20T22:00:00,-1.5,0,,0,22.3,20.5,71,5.694444444,71,,,,,
14210,42.867,-78.831,2023-11-20T23:00:00,-1.5,0,,0,42.5,16.3,73,4.527777778,73,,,,,
14210,42.867,-78.831,2023-11-21T00:00:00,-1.6,0,,0,33.5,20.9,73,5.805555556,73,,,,,
14210,42.867,-78.831,2023-11-21T01:00:00,-1.6,0,,0,18.4,20.3,74,5.638888889,74,,,,,
14210,42.867,-78.831,2023-11-21T02:00:00,-2,0,,0,35.3,18.1,65,5.027777778,65,,,,,
14210,42.867,-78.831,2023-11-21T03:00:00,-2,0,,0,37.1,17.9,65,4.972222222,65,,,,,
14210,42.867,-78.831,2023-11-21T04:00:00,-1.6,0,,0,22.3,18.4,75,5.111111111,75,,,,,
14210,42.867,-78.831,2023-11-21T05:00:00,-1.1,0,,0,35.3,12.5,83,3.472222222,83,,,,,
14210,42.867,-78.831,2023-11-21T06:00:00,-0.6,0,,0,35.3,16.8,75,4.666666667,75,,,,,
14210,42.867,-78.831,2023-11-21T07:00:00,0,0,,0,20.5,10.3,83,2.861111111,83,,,,,
14210,42.867,-78.831,2023-11-21T08:00:00,1.9,0,,0,31.3,13.1,96,3.638888889,84,,,,,
14210,42.867,-78.831,2023-11-21T09:00:00,3.9,0.006,rain,0,31.3,12.8,122,3.555555556,58,,,,,
14210,42.867,-78.831,2023-11-21T10:00:00,2.7,0.22,rain,0,33.5,19.1,140,5.305555556,40,,,,,
14210,42.867,-78.831,2023-11-21T11:00:00,2.8,1.58,rain,0,40.1,25.4,136,7.055555556,44,,,,,
14210,42.867,-78.831,2023-11-21T12:00:00,3,2.213,rain,0,49,25.4,145,7.055555556,35,,,,,
14210,42.867,-78.831,2023-11-21T13:00:00,3,4.093,rain,0,48.2,14.5,145,4.027777778,35,,,,,
14210,42.867,-78.831,2023-11-21T14:00:00,3.4,3.833,rain,0,33.5,15.3,133,4.25,47,,,,,
14210,42.867,-78.831,2023-11-21T15:00:00,4.3,3.152,rain,0,53.6,6.3,174,1.75,6,,,,,
14210,42.867,-78.831,2023-11-21T16:00:00,5.5,1.966,rain,0,40.7,16,123,4.444444444,57,,,,,
14210,42.867,-78.831,2023-11-21T17:00:00,5.9,0.279,rain,0,33.5,10.8,202,3,22,,,,,
14210,42.867,-78.831,2023-11-21T18:00:00,6,0.708,rain,0,55.4,16.9,189,4.694444444,9,,,,,
14210,42.867,-78.831,2023-11-21T19:00:00,6.3,1.504,rain,0,38.9,26.5,176,7.361111111,4,,,,,
14210,42.867,-78.831,2023-11-21T20:00:00,6.3,0.436,rain,0,41.3,21.9,187,6.083333333,7,,,,,
14210,42.867,-78.831,2023-11-21T21:00:00,6.3,0.759,rain,0,31.3,16.4,179,4.555555556,1,,,,,
14210,42.867,-78.831,2023-11-21T22:00:00,6.3,0.659,rain,0,53.6,6.5,207,1.805555556,27,,,,,
14210,42.867,-78.831,2023-11-21T23:00:00,6.4,0.861,rain,0,46.4,12.6,188,3.5,8,,,,,
14210,42.867,-78.831,2023-11-22T00:00:00,6.5,0.685,rain,0,37.1,9.7,173,2.694444444,7,,,,,
14210,42.867,-78.831,2023-11-22T01:00:00,6.5,0.247,rain,0,29.5,8.7,171,2.416666667,9,,,,,
14210,42.867,-78.831,2023-11-22T02:00:00,6.9,0.255,rain,0,20.5,8.5,191,2.361111111,11,,,,,
14210,42.867,-78.831,2023-11-22T03:00:00,7.4,0.289,rain,0,20.5,11,198,3.055555556,18,,,,,
14210,42.867,-78.831,2023-11-22T04:00:00,7.4,0,,0,22.3,11.2,191,3.111111111,11,,,,,
14210,42.867,-78.831,2023-11-22T05:00:00,7.5,0.003,rain,0,24.1,14.1,201,3.916666667,21,,,,,
14210,42.867,-78.831,2023-11-22T06:00:00,8.1,0.259,rain,0,24.1,16.8,215,4.666666667,35,,,,,
14210,42.867,-78.831,2023-11-22T07:00:00,8.5,0.659,rain,0,29.5,14.7,232,4.083333333,52,,,,,
14210,42.867,-78.831,2023-11-22T08:00:00,8.5,0,,0,25.9,20.1,222,5.583333333,42,,,,,
14210,42.867,-78.831,2023-11-22T09:00:00,8.1,0.003,rain,0,27.7,15.7,221,4.361111111,41,,,,,
14210,42.867,-78.831,2023-11-22T10:00:00,8.1,0,,0,29.5,18.6,203,5.166666667,23,,,,,
14210,42.867,-78.831,2023-11-22T11:00:00,8.3,0.252,rain,0,33.5,14,268,3.888888889,88,,,,,
14210,42.867,-78.831,2023-11-22T12:00:00,7.3,0,,0,40.7,21.8,313,6.055555556,47,,,,,
14210,42.867,-78.831,2023-11-22T13:00:00,6.8,0,,0,27.7,17.7,319,4.916666667,41,,,,,
14210,42.867,-78.831,2023-11-22T14:00:00,6.3,0.247,rain,0,27.7,18.2,318,5.055555556,42,,,,,
14210,42.867,-78.831,2023-11-22T15:00:00,6.2,0,,0,31.9,17.8,312,4.944444444,48,,,,,
14210,42.867,-78.831,2023-11-22T16:00:00,5.7,0,,0,25.9,21.9,319,6.083333333,41,,,,,
14210,42.867,-78.831,2023-11-22T17:00:00,4.5,0,,0,35.4,20.6,311,5.722222222,49,,,,,
14210,42.867,-78.831,2023-11-22T18:00:00,4.5,0,,0,31.3,16.4,310,4.555555556,50,,,,,
14210,42.867,-78.831,2023-11-22T19:00:00,4,0,,0,16.6,18.4,292,5.111111111,68,,,,,
14210,42.867,-78.831,2023-11-22T20:00:00,3.6,0,,0,20.5,13.7,294,3.805555556,66,,,,,
14210,42.867,-78.831,2023-11-22T21:00:00,3.9,0,,0,22.3,8.3,257,2.305555556,77,,,,,
14210,42.867,-78.831,2023-11-22T22:00:00,3.9,0,,0,22.3,13.2,249,3.666666667,69,,,,,
14210,42.867,-78.831,2023-11-22T23:00:00,3.9,0,,0,22.3,14.2,259,3.944444444,79,,,,,
14210,42.867,-78.831,2023-11-23T00:00:00,3.9,0,,0,31.3,14.6,268,4.055555556,88,,,,,
14210,42.867,-78.831,2023-11-23T01:00:00,3.8,0,,0,16.6,12.2,259,3.388888889,79,,,,,
14210,42.867,-78.831,2023-11-23T02:00:00,3.9,0,,0,22.3,12.6,258,3.5,78,,,,,
14210,42.867,-78.831,2023-11-23T03:00:00,4,0,,0,22.3,13.8,266,3.833333333,86,,,,,
14210,42.867,-78.831,2023-11-23T04:00:00,4.5,0,,0,24.1,14.7,266,4.083333333,86,,,,,
14210,42.867,-78.831,2023-11-23T05:00:00,4.5,0,,0,27.7,13.9,267,3.861111111,87,,,,,
14210,42.867,-78.831,2023-11-23T06:00:00,4.5,0,,0,29.5,12.4,264,3.444444444,84,,,,,
14210,42.867,-78.831,2023-11-23T07:00:00,5.1,0,,0,29.5,15.8,263,4.388888889,83,,,,,
14210,42.867,-78.831,2023-11-23T08:00:00,5.2,0,,0,35.3,13.5,207,3.75,27,,,,,
14210,42.867,-78.831,2023-11-23T09:00:00,6.2,0,,0,38.9,12.6,209,3.5,29,,,,,
14210,42.867,-78.831,2023-11-23T10:00:00,6.8,0,,0,57.4,35.3,234,9.805555556,54,,,,,
14210,42.867,-78.831,2023-11-23T11:00:00,6.9,0,,0,58.6,35.1,226,9.75,46,,,,,
14210,42.867,-78.831,2023-11-23T12:00:00,6.8,0,,0,52.8,34.6,271,9.611111111,89,,,,,
14210,42.867,-78.831,2023-11-23T13:00:00,6.9,0,,0,47.2,20.8,269,5.777777778,89,,,,,
14210,42.867,-78.831,2023-11-23T14:00:00,6.9,0,,0,46.9,22,258,6.111111111,78,,,,,
14210,42.867,-78.831,2023-11-23T15:00:00,6.4,0,,0,43.6,25.9,257,7.194444444,77,,,,,
14210,42.867,-78.831,2023-11-23T16:00:00,6.3,0,,0,44.1,23.9,257,6.638888889,77,,,,,
14210,42.867,-78.831,2023-11-23T17:00:00,6.2,0,,0,35.3,20.3,240,5.638888889,60,,,,,
14210,42.867,-78.831,2023-11-23T18:00:00,6.2,0,,0,38.9,22.4,250,6.222222222,70,,,,,
14210,42.867,-78.831,2023-11-23T19:00:00,6.2,0,,0,35.3,25.1,258,6.972222222,78,,,,,
14210,42.867,-78.831,2023-11-23T20:00:00,5.8,0,,0,35.7,23.9,261,6.638888889,81,,,,,
14210,42.867,-78.831,2023-11-23T21:00:00,5.6,0,,0,40,24.9,277,6.916666667,83,,,,,
14210,42.867,-78.831,2023-11-23T22:00:00,4.3,0,,0,38.9,27.3,302,7.583333333,58,,,,,
14210,42.867,-78.831,2023-11-23T23:00:00,3.2,0,,0,44.2,25.5,310,7.083333333,50,,,,,
14210,42.867,-78.831,2023-11-24T00:00:00,1.6,0,,0,44.3,20.6,308,5.722222222,52,,,,,
14210,42.867,-78.831,2023-11-24T01:00:00,0.7,0,,0,27.7,23.2,298,6.444444444,62,,,,,
14210,42.867,-78.831,2023-11-24T02:00:00,0,0,,0,42.5,17.8,307,4.944444444,53,,,,,
14210,42.867,-78.831,2023-11-24T03:00:00,-0.6,0,,0,42.5,11.6,299,3.222222222,61,,,,,
14210,42.867,-78.831,2023-11-24T04:00:00,-0.8,0,,0,22.3,9.6,250,2.666666667,70,,,,,
14210,42.867,-78.831,2023-11-24T05:00:00,-0.4,0,,0,38.9,11.8,248,3.277777778,68,,,,,
14210,42.867,-78.831,2023-11-24T06:00:00,-0.4,0,,0,35.3,19.2,263,5.333333333,83,,,,,
14210,42.867,-78.831,2023-11-24T07:00:00,-0.5,0,,0,20.5,16.2,269,4.5,89,,,,,
14210,42.867,-78.831,2023-11-24T08:00:00,-0.5,0,,0,37.1,13.2,263,3.666666667,83,,,,,
14210,42.867,-78.831,2023-11-24T09:00:00,-0.5,0,,0,37.1,16,289,4.444444444,71,,,,,
14210,42.867,-78.831,2023-11-24T10:00:00,0,0,,0,29.5,14.6,325,4.055555556,35,,,,,
14210,42.867,-78.831,2023-11-24T11:00:00,-0.8,0,,0,29.5,13.3,358,3.694444444,2,,,,,
14210,42.867,-78.831,2023-11-24T12:00:00,-0.5,0,,0,33.5,13.3,309,3.694444444,51,,,,,
14210,42.867,-78.831,2023-11-24T13:00:00,0.3,0,,0,37.1,15.6,310,4.333333333,50,,,,,
14210,42.867,-78.831,2023-11-24T14:00:00,1.2,0,,0,27.7,15.4,261,4.277777778,81,,,,,
14210,42.867,-78.831,2023-11-24T15:00:00,0.7,0,,0,25.9,15.1,312,4.194444444,48,,,,,
14210,42.867,-78.831,2023-11-24T16:00:00,0.1,0,,0,24.1,15.1,310,4.194444444,50,,,,,
14210,42.867,-78.831,2023-11-24T17:00:00,-1,0,,0,40.7,13.6,308,3.777777778,52,,,,,
14210,42.867,-78.831,2023-11-24T18:00:00,-0.7,0,,0,46.1,13.3,297,3.694444444,63,,,,,
14210,42.867,-78.831,2023-11-24T19:00:00,-1,0,,0,24.1,14.1,283,3.916666667,77,,,,,
14210,42.867,-78.831,2023-11-24T20:00:00,-1,0,,0,44.3,13.9,284,3.861111111,76,,,,,
14210,42.867,-78.831,2023-11-24T21:00:00,-1.7,0,,0,40.7,13,263,3.611111111,83,,,,,
14210,42.867,-78.831,2023-11-24T22:00:00,-2.3,0,,0,22.3,13.1,260,3.638888889,80,,,,,
14210,42.867,-78.831,2023-11-24T23:00:00,-2.1,0,,0,37.1,16,249,4.444444444,69,,,,,
14210,42.867,-78.831,2023-11-25T00:00:00,27,0,,0,20.8,7.1,248,1.972222222,68,,,,,
14210,42.867,-78.831,2023-11-25T01:00:00,27.1,0,,0,11.4,7.5,244,2.083333333,64,,,,,
14210,42.867,-78.831,2023-11-25T02:00:00,27,0,,0,24.2,6.2,251,1.722222222,71,,,,,
14210,42.867,-78.831,2023-11-25T03:00:00,27.8,0,,0,25.3,8,267,2.222222222,87,,,,,
14210,42.867,-78.831,2023-11-25T04:00:00,27.9,0,,0,10.3,9.1,276,2.527777778,84,,,,,
14210,42.867,-78.831,2023-11-25T05:00:00,27.7,0,,0,26.4,8.8,285,2.444444444,75,,,,,
14210,42.867,-78.831,2023-11-25T06:00:00,26.1,0,,0,9.2,5,209,1.388888889,29,,,,,
14210,42.867,-78.831,2023-11-25T07:00:00,25.1,0,,0,9.2,5.6,201,1.555555556,21,,,,,
14210,42.867,-78.831,2023-11-25T08:00:00,26,0,,0,10.3,3.4,248,0.944444444,68,,,,,
14210,42.867,-78.831,2023-11-25T09:00:00,29.3,0,,0,10.3,4.1,215,1.138888889,35,,,,,
14210,42.867,-78.831,2023-11-25T10:00:00,31.3,0,,0,11.4,4.3,247,1.194444444,67,,,,,
14210,42.867,-78.831,2023-11-25T11:00:00,32.6,0,,0,19.5,5.6,270,1.555555556,90,,,,,
14210,42.867,-78.831,2023-11-25T12:00:00,34.5,0,,0,12.8,7.7,271,2.138888889,89,,,,,
14210,42.867,-78.831,2023-11-25T13:00:00,36.3,0,,0,13.9,9.3,269,2.583333333,89,,,,,
14210,42.867,-78.831,2023-11-25T14:00:00,36.4,0,,0,13.9,6.9,234,1.916666667,54,,,,,
14210,42.867,-78.831,2023-11-25T15:00:00,36.4,0,,0,12.8,7.7,205,2.138888889,25,,,,,
14210,42.867,-78.831,2023-11-25T16:00:00,35.5,0,,0,11.4,4.2,185,1.166666667,5,,,,,
14210,42.867,-78.831,2023-11-25T17:00:00,35,0,,0,9.2,0.9,316,0.25,44,,,,,
14210,42.867,-78.831,2023-11-25T18:00:00,33.9,0,,0,8.1,5.5,129,1.527777778,51,,,,,
14210,42.867,-78.831,2023-11-25T19:00:00,33,0,,0,6.9,4.9,112,1.361111111,68,,,,,
14210,42.867,-78.831,2023-11-25T20:00:00,31.7,0,,0,6.9,4.4,109,1.222222222,71,,,,,
14210,42.867,-78.831,2023-11-25T21:00:00,30.7,0,,0,5.8,4.7,98,1.305555556,82,,,,,
14210,42.867,-78.831,2023-11-25T22:00:00,31.2,0,,0,6.9,0.7,34,0.194444444,34,,,,,
14210,42.867,-78.831,2023-11-25T23:00:00,31.3,0,,0,6.9,4.9,115,1.361111111,65,,,,,
14210,42.867,-78.831,2023-11-26T00:00:00,31.2,0,,0,6.9,5.7,140,1.583333333,40,,,,,
14210,42.867,-78.831,2023-11-26T01:00:00,32,0,,0,6.9,4,128,1.111111111,52,,,,,
14210,42.867,-78.831,2023-11-26T02:00:00,33.2,0,,0,6.9,0.5,25,0.138888889,25,,,,,
14210,42.867,-78.831,2023-11-26T03:00:00,33.3,0,,0,6.9,3.4,133,0.944444444,47,,,,,
14210,42.867,-78.831,2023-11-26T04:00:00,33.4,0,,0,8.1,6.3,146,1.75,34,,,,,
14210,42.867,-78.831,2023-11-26T05:00:00,31.9,0,,0,8.1,5.6,137,1.555555556,43,,,,,
14210,42.867,-78.831,2023-11-26T06:00:00,30.8,0,,0,8.1,7.5,141,2.083333333,39,,,,,
14210,42.867,-78.831,2023-11-26T07:00:00,30.1,0,,0,9.2,6.6,137,1.833333333,43,,,,,
14210,42.867,-78.831,2023-11-26T08:00:00,30,0,,0,10.3,6.6,128,1.833333333,52,,,,,
14210,42.867,-78.831,2023-11-26T09:00:00,32.4,0,,0,12.8,6.7,139,1.861111111,41,,,,,
14210,42.867,-78.831,2023-11-26T10:00:00,38.2,0,,0,15,8.9,150,2.472222222,30,,,,,
14210,42.867,-78.831,2023-11-26T11:00:00,41,0,,0,17.2,8.5,145,2.361111111,35,,,,,
14210,42.867,-78.831,2023-11-26T12:00:00,43.5,0,,0,19.5,6.1,175,1.694444444,5,,,,,
14210,42.867,-78.831,2023-11-26T13:00:00,46.3,0,,0,20.8,9.3,179,2.583333333,1,,,,,
14210,42.867,-78.831,2023-11-26T14:00:00,47.7,0,,0,20.8,7.5,176,2.083333333,4,,,,,
14210,42.867,-78.831,2023-11-26T15:00:00,47.8,0,,0,20.8,6.6,150,1.833333333,30,,,,,
14210,42.867,-78.831,2023-11-26T16:00:00,47.7,0,,0,17.2,11.4,133,3.166666667,47,,,,,
14210,42.867,-78.831,2023-11-26T17:00:00,44.9,0.013,rain,0,21.9,11.5,156,3.194444444,24,,,,,
14210,42.867,-78.831,2023-11-26T18:00:00,42.6,0.046,rain,0,23,12.8,168,3.555555556,12,,,,,
14210,42.867,-78.831,2023-11-26T19:00:00,41.4,0.047,rain,0,25.3,13.7,162,3.805555556,18,,,,,
14210,42.867,-78.831,2023-11-26T20:00:00,40.4,0.001,rain,0,22.1,12.1,181,3.361111111,1,,,,,
14210,42.867,-78.831,2023-11-26T21:00:00,39.4,0.011,rain,0,26.7,10.9,199,3.027777778,19,,,,,
14210,42.867,-78.831,2023-11-26T22:00:00,40.2,0.01,rain,0,25.3,14.1,201,3.916666667,21,,,,,
14210,42.867,-78.831,2023-11-26T23:00:00,41.3,0.001,rain,0,28.6,18.3,215,5.083333333,35,,,,,
14210,42.867,-78.831,2023-11-27T00:00:00,40.1,0.016,rain,0,30.3,11.4,208,3.166666667,28,,,,,
14210,42.867,-78.831,2023-11-27T01:00:00,40.9,0,,0,29.2,11.9,266,3.305555556,86,,,,,
14210,42.867,-78.831,2023-11-27T02:00:00,38.8,0,,0,27.4,17.3,268,4.805555556,88,,,,,
14210,42.867,-78.831,2023-11-27T03:00:00,37.2,0,,0,31.1,17.9,261,4.972222222,81,,,,,
14210,42.867,-78.831,2023-11-27T04:00:00,36.1,0,,0,26.6,15.5,269,4.305555556,89,,,,,
14210,42.867,-78.831,2023-11-27T05:00:00,35.4,0,,0,26.2,14.6,267,4.055555556,87,,,,,
14210,42.867,-78.831,2023-11-27T06:00:00,35.4,0,,0,24.8,15.9,260,4.416666667,80,,,,,
14210,42.867,-78.831,2023-11-27T07:00:00,36.1,0,,0,28,13.7,260,3.805555556,80,,,,,
14210,42.867,-78.831,2023-11-27T08:00:00,36.2,0,,0,27.2,17.3,252,4.805555556,72,,,,,
14210,42.867,-78.831,2023-11-27T09:00:00,35.4,0,,0,36.4,20.8,277,5.777777778,83,,,,,
14210,42.867,-78.831,2023-11-27T10:00:00,35.5,0,,0,32.4,20.3,260,5.638888889,80,,,,,
14210,42.867,-78.831,2023-11-27T11:00:00,36.4,0,,0,32.6,20.6,261,5.722222222,81,,,,,
14210,42.867,-78.831,2023-11-27T12:00:00,37.3,0,,0,33.2,21.6,253,6,73,,,,,
14210,42.867,-78.831,2023-11-27T13:00:00,35.7,0,,0,31,20.6,260,5.722222222,80,,,,,
14210,42.867,-78.831,2023-11-27T14:00:00,36.2,0,,0,32.9,21.1,268,5.861111111,88,,,,,
14210,42.867,-78.831,2023-11-27T15:00:00,34.5,0,,0,29.6,15.6,262,4.333333333,82,,,,,
14210,42.867,-78.831,2023-11-27T16:00:00,34.2,0,,0,29.7,18.8,265,5.222222222,85,,,,,
14210,42.867,-78.831,2023-11-27T17:00:00,32,0,,0,30.9,19.3,286,5.361111111,74,,,,,
14210,42.867,-78.831,2023-11-27T18:00:00,31,0,,0,32.1,19.7,272,5.472222222,88,,,,,
14210,42.867,-78.831,2023-11-27T19:00:00,30.3,0,"rain,snow",4.69,28.3,15.8,270,4.388888889,90,,,,,
14210,42.867,-78.831,2023-11-27T20:00:00,30.3,0,,0,23.2,12.9,262,3.583333333,82,,,,,
14210,42.867,-78.831,2023-11-27T21:00:00,30.1,0,,0,27.1,14.9,262,4.138888889,82,,,,,
14210,42.867,-78.831,2023-11-27T22:00:00,29.1,0,,0,27.9,17,278,4.722222222,82,,,,,
14210,42.867,-78.831,2023-11-27T23:00:00,27.2,0,,0,30.2,17.2,278,4.777777778,82,,,,,
14210,42.867,-78.831,2023-11-28T00:00:00,26.2,0,,0,28.6,16.1,252,4.472222222,72,,,,,
14210,42.867,-78.831,2023-11-28T01:00:00,25.4,0,snow,1.69,29.8,10.5,270,2.916666667,90,,,,,
14210,42.867,-78.831,2023-11-28T02:00:00,26.2,0,,0,27.5,18.3,278,5.083333333,82,,,,,
14210,42.867,-78.831,2023-11-28T03:00:00,25.4,0,,0,20.8,14.3,277,3.972222222,83,,,,,
14210,42.867,-78.831,2023-11-28T04:00:00,25.2,0,,0,26.9,13.2,278,3.666666667,82,,,,,
14210,42.867,-78.831,2023-11-28T05:00:00,25.2,0,,0,23.2,14.4,278,4,82,,,,,
14210,42.867,-78.831,2023-11-28T06:00:00,24.5,0,,0,27.6,14.6,270,4.055555556,90,,,,,
14210,42.867,-78.831,2023-11-28T07:00:00,24.3,0,,0,26.6,14.8,260,4.111111111,80,,,,,
14210,42.867,-78.831,2023-11-28T08:00:00,24.3,0,,0,28.3,18.1,260,5.027777778,80,,,,,
14210,42.867,-78.831,2023-11-28T09:00:00,24.4,0,,0,29.9,17.1,260,4.75,80,,,,,
14210,42.867,-78.831,2023-11-28T10:00:00,25.5,0,,0,35.2,19.9,270,5.527777778,90,,,,,
14210,42.867,-78.831,2023-11-28T11:00:00,26.5,0,,0,34.3,19.8,260,5.5,80,,,,,
14210,42.867,-78.831,2023-11-28T12:00:00,28.5,0,,0,32.5,20.3,253,5.638888889,73,,,,,
14210,42.867,-78.831,2023-11-28T13:00:00,28.4,0,snow,0.91,29.4,20.5,268,5.694444444,88,,,,,
14210,42.867,-78.831,2023-11-28T14:00:00,28.5,0,,0,29.6,16.9,253,4.694444444,73,,,,,
14210,42.867,-78.831,2023-11-28T15:00:00,29.9,0,,0,35.8,18,264,5,84,,,,,
14210,42.867,-78.831,2023-11-28T16:00:00,29.8,0.002,"rain,snow",0,38.2,21.1,270,5.861111111,90,,,,,
14210,42.867,-78.831,2023-11-28T17:00:00,28.2,0,,0,35.4,18.3,270,5.083333333,90,,,,,
14210,42.867,-78.831,2023-11-28T18:00:00,27.2,0,,0,29.9,16.2,270,4.5,90,,,,,
14210,42.867,-78.831,2023-11-28T19:00:00,26.9,0,snow,0.91,26.4,17.4,261,4.833333333,81,,,,,
14210,42.867,-78.831,2023-11-28T20:00:00,25.3,0,,0,22.1,12.9,260,3.583333333,80,,,,,
14210,42.867,-78.831,2023-11-28T21:00:00,25.2,0,,0,25.3,12.6,259,3.5,79,,,,,
14210,42.867,-78.831,2023-11-28T22:00:00,25.4,0,,0,23,12.1,259,3.361111111,79,,,,,
14210,42.867,-78.831,2023-11-28T23:00:00,26.2,0,,0,32.2,12.9,270,3.583333333,90,,,,,
14210,42.867,-78.831,2023-11-29T00:00:00,25.2,0,,0,27.8,13.8,266,3.833333333,86,,,,,
14210,42.867,-78.831,2023-11-29T01:00:00,25,0,snow,0.12,29.9,16.3,268,4.527777778,88,,,,,
14210,42.867,-78.831,2023-11-29T02:00:00,25.1,0,,0,23.6,15.4,277,4.277777778,83,,,,,
14210,42.867,-78.831,2023-11-29T03:00:00,24.4,0,,0,24.7,16.3,260,4.527777778,80,,,,,
14210,42.867,-78.831,2023-11-29T04:00:00,24.2,0,,0,28.9,16.4,277,4.555555556,83,,,,,
14210,42.867,-78.831,2023-11-29T05:00:00,24.2,0,,0,33.3,13.4,267,3.722222222,87,,,,,
14210,42.867,-78.831,2023-11-29T06:00:00,25,0,,0,33.3,10.7,229,2.972222222,49,,,,,
14210,42.867,-78.831,2023-11-29T07:00:00,23.4,0.005,snow,1.69,21.9,9,237,2.5,57,,,,,
14210,42.867,-78.831,2023-11-29T08:00:00,22.5,0.063,snow,0.12,20.8,9.9,203,2.75,23,,,,,
14210,42.867,-78.831,2023-11-29T09:00:00,24.6,0.011,snow,0,23,13.9,195,3.861111111,15,,,,,
14210,42.867,-78.831,2023-11-29T10:00:00,25.1,0.005,snow,0,26.4,17.5,211,4.861111111,31,,,,,
14210,42.867,-78.831,2023-11-29T11:00:00,24.1,0.005,snow,0,30,19.3,202,5.361111111,22,,,,,
14210,42.867,-78.831,2023-11-29T12:00:00,27.4,0,,0,31.1,18.7,202,5.194444444,22,,,,,
14210,42.867,-78.831,2023-11-29T13:00:00,27.4,0,snow,0.39,29,19.9,218,5.527777778,38,,,,,
14210,42.867,-78.831,2023-11-29T14:00:00,28.8,0,,0,29.2,16.5,203,4.583333333,23,,,,,
14210,42.867,-78.831,2023-11-29T15:00:00,28.8,0,,0,30.2,16.9,193,4.694444444,13,,,,,
14210,42.867,-78.831,2023-11-29T16:00:00,29,0,,0,29.2,15.1,192,4.194444444,12,,,,,
14210,42.867,-78.831,2023-11-29T17:00:00,29.8,0,,0,20.8,17,203,4.722222222,23,,,,,
14210,42.867,-78.831,2023-11-29T18:00:00,30.1,0,,0,25.4,17.7,203,4.916666667,23,,,,,
14210,42.867,-78.831,2023-11-29T19:00:00,30.9,0,,0,30.5,18.2,195,5.055555556,15,,,,,
14210,42.867,-78.831,2023-11-29T20:00:00,31,0,,0,29.6,14.4,204,4,24,,,,,
14210,42.867,-78.831,2023-11-29T21:00:00,31.9,0,,0,23.7,13.3,198,3.694444444,18,,,,,
14210,42.867,-78.831,2023-11-29T22:00:00,33,0,,0,26.8,18.9,216,5.25,36,,,,,
14210,42.867,-78.831,2023-11-29T23:00:00,34.4,0,,0,21.9,13,218,3.611111111,38,,,,,
14210,42.867,-78.831,2023-11-30T00:00:00,34,0,,0,21.9,11.1,216,3.083333333,36,,,,,
14210,42.867,-78.831,2023-11-30T01:00:00,33.8,0,"rain,snow",0.12,19.5,9.9,211,2.75,31,,,,,
14210,42.867,-78.831,2023-11-30T02:00:00,33.7,0,,0,20.8,8.8,205,2.444444444,25,,,,,
14210,42.867,-78.831,2023-11-30T03:00:00,34.8,0,,0,20.8,9.7,215,2.694444444,35,,,,,
14210,42.867,-78.831,2023-11-30T04:00:00,35.6,0,,0,20.8,11.6,212,3.222222222,32,,,,,
14210,42.867,-78.831,2023-11-30T05:00:00,36.5,0,,0,26.4,15.3,204,4.25,24,,,,,
14210,42.867,-78.831,2023-11-30T06:00:00,37.5,0,,0,25.3,15.6,204,4.333333333,24,,,,,
14210,42.867,-78.831,2023-11-30T07:00:00,36.6,0,,0,21.9,16.8,203,4.666666667,23,,,,,
14210,42.867,-78.831,2023-11-30T08:00:00,35,0,,0,19.5,13.8,210,3.833333333,30,,,,,
14210,42.867,-78.831,2023-11-30T09:00:00,36.7,0,,0,24.2,12.6,202,3.5,22,,,,,
14210,42.867,-78.831,2023-11-30T10:00:00,39.7,0,,0,24.2,15.4,201,4.277777778,21,,,,,
14210,42.867,-78.831,2023-11-30T11:00:00,42.7,0,,0,25.3,14.2,210,3.944444444,30,,,,,
14210,42.867,-78.831,2023-11-30T12:00:00,45.3,0,,0,28,18.9,210,5.25,30,,,,,
14210,42.867,-78.831,2023-11-30T13:00:00,47.3,0,,0,36.2,16.3,211,4.527777778,31,,,,,
14210,42.867,-78.831,2023-11-30T14:00:00,49.2,0,,0,30.5,14.2,193,3.944444444,13,,,,,
14210,42.867,-78.831,2023-11-30T15:00:00,50.3,0,,0,24.8,17.7,185,4.916666667,5,,,,,
14210,42.867,-78.831,2023-11-30T16:00:00,50.3,0,,0,32.2,15.3,193,4.25,13,,,,,
14210,42.867,-78.831,2023-11-30T17:00:00,47.7,0,,0,31.2,14,192,3.888888889,12,,,,,
14210,42.867,-78.831,2023-11-30T18:00:00,47.7,0,,0,29.3,15.3,201,4.25,21,,,,,
14210,42.867,-78.831,2023-11-30T19:00:00,48.3,0,,0,27.2,15.3,203,4.25,23,,,,,
14210,42.867,-78.831,2023-11-30T20:00:00,47.5,0,,0,26.3,17.5,210,4.861111111,30,,,,,
14210,42.867,-78.831,2023-11-30T21:00:00,47.7,0,,0,34.6,16,211,4.444444444,31,,,,,
14210,42.867,-78.831,2023-11-30T22:00:00,47.7,0,,0,33.3,14.6,211,4.055555556,31,,,,,
14210,42.867,-78.831,2023-11-30T23:00:00,47.7,0,,0,29.4,15.6,203,4.333333333,23,,,,,
14210,42.867,-78.831,2023-12-01T00:00:00,49.3,0,,0,24.8,13,214,3.611111111,34,,,,,
14210,42.867,-78.831,2023-12-01T01:00:00,50.1,0,,0,27.1,18.3,230,5.083333333,50,,,,,
14210,42.867,-78.831,2023-12-01T02:00:00,49.9,0,,0,25.3,14.7,231,4.083333333,51,,,,,
14210,42.867,-78.831,2023-12-01T03:00:00,49.1,0,,0,20.8,12.3,222,3.416666667,42,,,,,
14210,42.867,-78.831,2023-12-01T04:00:00,48.9,0,,0,24.2,12.5,233,3.472222222,53,,,,,
14210,42.867,-78.831,2023-12-01T05:00:00,48.9,0,,0,25.3,13,240,3.611111111,60,,,,,
14210,42.867,-78.831,2023-12-01T06:00:00,47.9,0,,0,15,10.6,231,2.944444444,51,,,,,
14210,42.867,-78.831,2023-12-01T07:00:00,47.8,0,,0,13.9,5.6,223,1.555555556,43,,,,,
14210,42.867,-78.831,2023-12-01T08:00:00,46.8,0,,0,15,5.5,251,1.527777778,71,,,,,
14210,42.867,-78.831,2023-12-01T09:00:00,46.7,0,,0,16.1,3.5,261,0.972222222,81,,,,,
14210,42.867,-78.831,2023-12-01T10:00:00,45.9,0,,0,16.1,3.4,348,0.944444444,12,,,,,
14210,42.867,-78.831,2023-12-01T11:00:00,43.9,0.012,rain,0,16.1,3.1,46,0.861111111,46,,,,,
14210,42.867,-78.831,2023-12-01T12:00:00,43.8,0.04,rain,0,17.2,8.4,172,2.333333333,8,,,,,
14210,42.867,-78.831,2023-12-01T13:00:00,43,0.04,rain,0,17.2,8.7,209,2.416666667,29,,,,,
14210,42.867,-78.831,2023-12-01T14:00:00,42.3,0.066,rain,0,15,11.2,200,3.111111111,20,,,,,
14210,42.867,-78.831,2023-12-01T15:00:00,42.5,0.058,rain,0,12.8,9.8,190,2.722222222,10,,,,,
14210,42.867,-78.831,2023-12-01T16:00:00,42.4,0.017,rain,0,11.4,5.5,96,1.527777778,84,,,,,
14210,42.867,-78.831,2023-12-01T17:00:00,41.4,0.021,rain,0,10.3,5.1,98,1.416666667,82,,,,,
14210,42.867,-78.831,2023-12-01T18:00:00,41.1,0.013,rain,0,9.2,6.8,88,1.888888889,88,,,,,
14210,42.867,-78.831,2023-12-01T19:00:00,41.1,0.004,rain,0,8.1,6.5,66,1.805555556,66,,,,,
14210,42.867,-78.831,2023-12-01T20:00:00,41.1,0,,0,8.1,5.6,69,1.555555556,69,,,,,
14210,42.867,-78.831,2023-12-01T21:00:00,41.1,0,,0,6.9,6.6,45,1.833333333,45,,,,,
14210,42.867,-78.831,2023-12-01T22:00:00,41.2,0,,0,6.9,3.5,105,0.972222222,75,,,,,
14210,42.867,-78.831,2023-12-01T23:00:00,42.3,0,,0,8.1,2.9,142,0.805555556,38,,,,,
14210,42.867,-78.831,2023-12-02T00:00:00,42.1,0,,0,8.1,0.6,14,0.166666667,14,,,,,
14210,42.867,-78.831,2023-12-02T01:00:00,42.2,0.01,rain,0,8.1,2.9,211,0.805555556,31,,,,,
14210,42.867,-78.831,2023-12-02T02:00:00,42.2,0.001,rain,0,9.2,3.4,135,0.944444444,45,,,,,
14210,42.867,-78.831,2023-12-02T03:00:00,42.8,0,,0,8.1,0.7,18,0.194444444,18,,,,,
14210,42.867,-78.831,2023-12-02T04:00:00,43,0,,0,8.1,0.7,15,0.194444444,15,,,,,
14210,42.867,-78.831,2023-12-02T05:00:00,43,0.011,rain,0,19.5,0.3,1,0.083333333,1,,,,,
14210,42.867,-78.831,2023-12-02T06:00:00,42.9,0.026,rain,0,19.5,3.9,23,1.083333333,23,,,,,
14210,42.867,-78.831,2023-12-02T07:00:00,42.9,0.01,rain,0,6.9,4.8,4,1.333333333,4,,,,,
14210,42.867,-78.831,2023-12-02T08:00:00,42.1,0.01,rain,0,8.1,4.9,21,1.361111111,21,,,,,
14210,42.867,-78.831,2023-12-02T09:00:00,42.2,0.019,rain,0,8.1,5.8,13,1.611111111,13,,,,,
14210,42.867,-78.831,2023-12-02T10:00:00,42.1,0.016,rain,0,9.2,5.5,12,1.527777778,12,,,,,
14210,42.867,-78.831,2023-12-02T11:00:00,41,0.01,rain,0,10.3,7.4,21,2.055555556,21,,,,,
14210,42.867,-78.831,2023-12-02T12:00:00,39.8,0,,0,10.3,8.6,23,2.388888889,23,,,,,
14210,42.867,-78.831,2023-12-02T13:00:00,39.9,0,,0,11.4,9.1,32,2.527777778,32,,,,,
14210,42.867,-78.831,2023-12-02T14:00:00,39.8,0,,0,6.9,8,34,2.222222222,34,,,,,
14210,42.867,-78.831,2023-12-02T15:00:00,39.8,0,,0,6.9,8.1,41,2.25,41,,,,,
14210,42.867,-78.831,2023-12-02T16:00:00,39,0.01,rain,0,8.1,7.9,40,2.194444444,40,,,,,
14210,42.867,-78.831,2023-12-02T17:00:00,39,0.01,rain,0,8.1,8.9,31,2.472222222,31,,,,,
14210,42.867,-78.831,2023-12-02T18:00:00,38.3,0.01,rain,0,9.2,8.3,22,2.305555556,22,,,,,
14210,42.867,-78.831,2023-12-02T19:00:00,38.3,0,,0,10.3,8.2,41,2.277777778,41,,,,,
14210,42.867,-78.831,2023-12-02T20:00:00,38.3,0,,0,10.3,9.4,42,2.611111111,42,,,,,
14210,42.867,-78.831,2023-12-02T21:00:00,38.9,0,,0,19.5,7.7,49,2.138888889,49,,,,,
14210,42.867,-78.831,2023-12-02T22:00:00,38.9,0,,0,10.3,8.9,52,2.472222222,52,,,,,
14210,42.867,-78.831,2023-12-02T23:00:00,39,0,,0,12.8,11.3,61,3.138888889,61,,,,,
14210,42.867,-78.831,2023-12-03T00:00:00,39,0,,0,24.2,8.8,71,2.444444444,71,,,,,
14210,42.867,-78.831,2023-12-03T01:00:00,39,0,,0,11.4,11.5,69,3.194444444,69,,,,,
14210,42.867,-78.831,2023-12-03T02:00:00,39,0,,0,25.3,10.5,61,2.916666667,61,,,,,
14210,42.867,-78.831,2023-12-03T03:00:00,38.9,0,,0,24.9,12.1,61,3.361111111,61,,,,,
14210,42.867,-78.831,2023-12-03T04:00:00,39,0,,0,15,11.7,60,3.25,60,,,,,
14210,42.867,-78.831,2023-12-03T05:00:00,39,0,,0,20,12,59,3.333333333,59,,,,,
14210,42.867,-78.831,2023-12-03T06:00:00,39,0,,0,31.1,14.6,52,4.055555556,52,,,,,
14210,42.867,-78.831,2023-12-03T07:00:00,39.1,0.01,rain,0,15,10.4,54,2.888888889,54,,,,,
14210,42.867,-78.831,2023-12-03T08:00:00,39.6,0.005,rain,0,15,15.4,58,4.277777778,58,,,,,
14210,42.867,-78.831,2023-12-03T09:00:00,40.2,0.01,rain,0,13.9,14.5,54,4.027777778,54,,,,,
14210,42.867,-78.831,2023-12-03T10:00:00,42.2,0,,0,12.8,10.2,63,2.833333333,63,,,,,
14210,42.867,-78.831,2023-12-03T11:00:00,43.3,0,,0,25.3,10.5,80,2.916666667,80,,,,,
14210,42.867,-78.831,2023-12-03T12:00:00,44.1,0,,0,27.5,8.2,80,2.277777778,80,,,,,
14210,42.867,-78.831,2023-12-03T13:00:00,44.9,0,,0,10.3,5.2,79,1.444444444,79,,,,,
14210,42.867,-78.831,2023-12-03T14:00:00,44.9,0,,0,10.3,4.8,60,1.333333333,60,,,,,
14210,42.867,-78.831,2023-12-03T15:00:00,44.8,0,,0,10.3,4.9,27,1.361111111,27,,,,,
14210,42.867,-78.831,2023-12-03T16:00:00,44.8,0.006,rain,0,10.3,5.6,23,1.555555556,23,,,,,
14210,42.867,-78.831,2023-12-03T17:00:00,44,0.157,rain,0,13.9,7,122,1.944444444,58,,,,,
14210,42.867,-78.831,2023-12-03T18:00:00,44.6,0.065,rain,0,20.8,6.7,206,1.861111111,26,,,,,
14210,42.867,-78.831,2023-12-03T19:00:00,44.6,0.013,rain,0,27.5,11.5,242,3.194444444,62,,,,,
14210,42.867,-78.831,2023-12-03T20:00:00,43,0.013,rain,0,30,11.7,246,3.25,66,,,,,
14210,42.867,-78.831,2023-12-03T21:00:00,42.7,0,,0,31.1,12,248,3.333333333,68,,,,,
14210,42.867,-78.831,2023-12-03T22:00:00,41.9,0,,0,27.7,11.9,250,3.305555556,70,,,,,
14210,42.867,-78.831,2023-12-03T23:00:00,40.9,0,,0,29.9,17.2,253,4.777777778,73,,,,,
14210,42.867,-78.831,2023-12-04T00:00:00,40,0,,0,31.1,13.2,257,3.666666667,77,,,,,
14210,42.867,-78.831,2023-12-04T01:00:00,41.1,0,,0,31.1,17.5,258,4.861111111,78,,,,,
14210,42.867,-78.831,2023-12-04T02:00:00,41.1,0,,0,23.2,13,268,3.611111111,88,,,,,
14210,42.867,-78.831,2023-12-04T03:00:00,40.9,0,,0,25.3,13,261,3.611111111,81,,,,,
14210,42.867,-78.831,2023-12-04T04:00:00,40,0,,0,25.1,16.4,260,4.555555556,80,,,,,
14210,42.867,-78.831,2023-12-04T05:00:00,40,0,,0,26,13,270,3.611111111,90,,,,,
14210,42.867,-78.831,2023-12-04T06:00:00,39.2,0,,0,21.4,14.1,263,3.916666667,83,,,,,
14210,42.867,-78.831,2023-12-04T07:00:00,39.1,0,,0,23,10.4,265,2.888888889,85,,,,,
14210,42.867,-78.831,2023-12-04T08:00:00,38.9,0,,0,21.9,11.3,254,3.138888889,74,,,,,
14210,42.867,-78.831,2023-12-04T09:00:00,39,0,,0,21.9,13.7,264,3.805555556,84,,,,,
14210,42.867,-78.831,2023-12-04T10:00:00,39,0,,0,21.9,10.3,273,2.861111111,87,,,,,
14210,42.867,-78.831,2023-12-04T11:00:00,39,0,,0,20.8,13.5,299,3.75,61,,,,,
14210,42.867,-78.831,2023-12-04T12:00:00,40.8,0,,0,23,14.9,282,4.138888889,78,,,,,
14210,42.867,-78.831,2023-12-04T13:00:00,38.2,0,,0,20.8,13.6,292,3.777777778,68,,,,,
14210,42.867,-78.831,2023-12-04T14:00:00,39,0,,0,18.3,7.7,310,2.138888889,50,,,,,
14210,42.867,-78.831,2023-12-04T15:00:00,38.2,0,,0,17.2,9.3,310,2.583333333,50,,,,,
14210,42.867,-78.831,2023-12-04T16:00:00,38.2,0,,0,16.1,9.1,334,2.527777778,26,,,,,
14210,42.867,-78.831,2023-12-04T17:00:00,37.2,0,,0,20.8,9,329,2.5,31,,,,,
14210,42.867,-78.831,2023-12-04T18:00:00,36.1,0,,0,15,7.7,312,2.138888889,48,,,,,
14210,42.867,-78.831,2023-12-04T19:00:00,36.3,0,,0,15,5.8,319,1.611111111,41,,,,,
14210,42.867,-78.831,2023-12-04T20:00:00,36.3,0,,0,21.9,6.8,309,1.888888889,51,,,,,
14210,42.867,-78.831,2023-12-04T21:00:00,36.3,0,,0,21.9,6.5,300,1.805555556,60,,,,,
14210,42.867,-78.831,2023-12-04T22:00:00,36.3,0,,0,15,5.5,294,1.527777778,66,,,,,
14210,42.867,-78.831,2023-12-04T23:00:00,36.1,0,,0,24.2,8.2,301,2.277777778,59,,,,,
14210,42.867,-78.831,2023-12-05T00:00:00,35.9,0,,0,21.9,8.4,290,2.333333333,70,,,,,
14210,42.867,-78.831,2023-12-05T01:00:00,35,0,,0,12.8,8,282,2.222222222,78,,,,,
14210,42.867,-78.831,2023-12-05T02:00:00,35,0,,0,19.5,9.9,289,2.75,71,,,,,
14210,42.867,-78.831,2023-12-05T03:00:00,34.2,0,,0,23,9.3,316,2.583333333,44,,,,,
14210,42.867,-78.831,2023-12-05T04:00:00,33.3,0,,0,9.2,9,313,2.5,47,,,,,
14210,42.867,-78.831,2023-12-05T05:00:00,33.2,0,,0,8.1,8.5,296,2.361111111,64,,,,,
14210,42.867,-78.831,2023-12-05T06:00:00,32.3,0,,0,5.8,10.7,329,2.972222222,31,,,,,
14210,42.867,-78.831,2023-12-05T07:00:00,33.3,0,,0,4.7,5.5,299,1.527777778,61,,,,,
14210,42.867,-78.831,2023-12-05T08:00:00,33.3,0,,0,4.7,2.9,304,0.805555556,56,,,,,
14210,42.867,-78.831,2023-12-05T09:00:00,33.4,0,,0,5.8,4.5,248,1.25,68,,,,,
14210,42.867,-78.831,2023-12-05T10:00:00,35.2,0,,0,5.8,7.1,315,1.972222222,45,,,,,
14210,42.867,-78.831,2023-12-05T11:00:00,35.4,0,,0,6.9,0.9,352,0.25,8,,,,,
14210,42.867,-78.831,2023-12-05T12:00:00,35.4,0,,0,4.7,0.1,357,0.027777778,3,,,,,
14210,42.867,-78.831,2023-12-05T13:00:00,35.4,0,,0,4.7,3.4,117,0.944444444,63,,,,,
14210,42.867,-78.831,2023-12-05T14:00:00,35.4,0,,0,4.7,4.4,146,1.222222222,34,,,,,
14210,42.867,-78.831,2023-12-05T15:00:00,35.2,0,,0,4.7,0.9,321,0.25,39,,,,,
14210,42.867,-78.831,2023-12-05T16:00:00,33.5,0.008,"rain,snow",0,4.7,0.5,323,0.138888889,37,,,,,
14210,42.867,-78.831,2023-12-05T17:00:00,33.4,0.005,"rain,snow",0,4.7,0.1,358,0.027777778,2,,,,,
14210,42.867,-78.831,2023-12-05T18:00:00,33.4,0.013,"rain,snow",0,4.7,0,360,0,0,,,,,
14210,42.867,-78.831,2023-12-05T19:00:00,32.3,0.01,"rain,snow",0.2,6.9,4,16,1.111111111,16,,,,,
14210,42.867,-78.831,2023-12-05T20:00:00,32.3,0,,0,6.9,5.5,21,1.527777778,21,,,,,
14210,42.867,-78.831,2023-12-05T21:00:00,32.2,0,,0,6.9,4,18,1.111111111,18,,,,,
14210,42.867,-78.831,2023-12-05T22:00:00,31.1,0.01,"rain,snow",0,6.9,3.4,37,0.944444444,37,,,,,
14210,42.867,-78.831,2023-12-05T23:00:00,31.3,0,,0,6.9,3.7,34,1.027777778,34,,,,,
14210,42.867,-78.831,2023-12-06T00:00:00,32.3,0,,0,6.9,4,45,1.111111111,45,,,,,
14210,42.867,-78.831,2023-12-06T01:00:00,32.2,0,"rain,snow",0.2,6.9,2.8,66,0.777777778,66,,,,,
14210,42.867,-78.831,2023-12-06T02:00:00,31.2,0,,0,4.7,2.9,47,0.805555556,47,,,,,
14210,42.867,-78.831,2023-12-06T03:00:00,31.3,0.001,"rain,snow",0,4.7,0.1,353,0.027777778,7,,,,,
14210,42.867,-78.831,2023-12-06T04:00:00,32.3,0,,0,5.8,0,354,0,6,,,,,
14210,42.867,-78.831,2023-12-06T05:00:00,31.2,0.001,"rain,snow",0,5.8,3.9,340,1.083333333,20,,,,,
14210,42.867,-78.831,2023-12-06T06:00:00,31.2,0,,0,6.9,3,341,0.833333333,19,,,,,
14210,42.867,-78.831,2023-12-06T07:00:00,31.2,0,"rain,snow",0.12,8.1,4.8,343,1.333333333,17,,,,,
14210,42.867,-78.831,2023-12-06T08:00:00,31.2,0.008,"rain,snow",0,11.4,6.8,8,1.888888889,8,,,,,
14210,42.867,-78.831,2023-12-06T09:00:00,31.2,0.012,"rain,snow",0,15,5.8,15,1.611111111,15,,,,,
14210,42.867,-78.831,2023-12-06T10:00:00,31.2,0,,0,17.2,7.4,349,2.055555556,11,,,,,
14210,42.867,-78.831,2023-12-06T11:00:00,31.2,0,,0,25.3,9.9,323,2.75,37,,,,,
14210,42.867,-78.831,2023-12-06T12:00:00,32.3,0,,0,23,14.9,327,4.138888889,33,,,,,
14210,42.867,-78.831,2023-12-06T13:00:00,32.2,0,"rain,snow",0.12,13.9,11.8,294,3.277777778,66,,,,,
14210,42.867,-78.831,2023-12-06T14:00:00,31.4,0,,0,12.8,11.8,319,3.277777778,41,,,,,
14210,42.867,-78.831,2023-12-06T15:00:00,31.3,0,,0,11.4,8.8,324,2.444444444,36,,,,,
14210,42.867,-78.831,2023-12-06T16:00:00,31,0,,0,11.4,10.5,292,2.916666667,68,,,,,
14210,42.867,-78.831,2023-12-06T17:00:00,30.2,0,,0,10.3,5.7,297,1.583333333,63,,,,,
14210,42.867,-78.831,2023-12-06T18:00:00,29.5,0,,0,19.5,4.6,270,1.277777778,90,,,,,
14210,42.867,-78.831,2023-12-06T19:00:00,29.2,0,,0,10.3,4.8,246,1.333333333,66,,,,,
14210,42.867,-78.831,2023-12-06T20:00:00,28.1,0,,0,13.9,3.5,254,0.972222222,74,,,,,
14210,42.867,-78.831,2023-12-06T21:00:00,29.1,0,,0,12.8,4.4,268,1.222222222,88,,,,,
14210,42.867,-78.831,2023-12-06T22:00:00,29.9,0,,0,11.4,4.7,195,1.305555556,15,,,,,
14210,42.867,-78.831,2023-12-06T23:00:00,30.1,0,,0,9.2,3.3,154,0.916666667,26,,,,,
14210,42.867,-78.831,2023-12-07T00:00:00,30.1,0,,0,8.1,5.4,140,1.5,40,,,,,
14210,42.867,-78.831,2023-12-07T01:00:00,30.2,0,,0,8.1,4,158,1.111111111,22,,,,,
14210,42.867,-78.831,2023-12-07T02:00:00,31.2,0,,0,10.3,6.5,175,1.805555556,5,,,,,
14210,42.867,-78.831,2023-12-07T03:00:00,31.3,0.016,"rain,snow",0,10.3,7.2,190,2,10,,,,,
14210,42.867,-78.831,2023-12-07T04:00:00,32.9,0.026,"rain,snow",0.35,11.4,8.5,196,2.361111111,16,,,,,
14210,42.867,-78.831,2023-12-07T05:00:00,33.5,0.05,"rain,snow",0.2,13.9,8.6,212,2.388888889,32,,,,,
14210,42.867,-78.831,2023-12-07T06:00:00,34.1,0.05,"rain,snow",0,17.2,9.7,222,2.694444444,42,,,,,
14210,42.867,-78.831,2023-12-07T07:00:00,33.7,0.026,"rain,snow",2.72,21.9,11.1,212,3.083333333,32,,,,,
14210,42.867,-78.831,2023-12-07T08:00:00,33.9,0,,0,24.2,9.2,218,2.555555556,38,,,,,
14210,42.867,-78.831,2023-12-07T09:00:00,34.5,0,,0,26.4,11.6,203,3.222222222,23,,,,,
14210,42.867,-78.831,2023-12-07T10:00:00,34.6,0.017,"rain,snow",0,28.9,8.3,215,2.305555556,35,,,,,
14210,42.867,-78.831,2023-12-07T11:00:00,35.6,0.053,"rain,snow",0,32.2,10.5,251,2.916666667,71,,,,,
14210,42.867,-78.831,2023-12-07T12:00:00,36.4,0.013,rain,0,19.5,8.5,258,2.361111111,78,,,,,
14210,42.867,-78.831,2023-12-07T13:00:00,37.6,0,rain,0.12,30,9.6,250,2.666666667,70,,,,,
14210,42.867,-78.831,2023-12-07T14:00:00,37.6,0,,0,20.8,6.2,255,1.722222222,75,,,,,
14210,42.867,-78.831,2023-12-07T15:00:00,37.8,0,,0,18.3,5.3,262,1.472222222,82,,,,,
14210,42.867,-78.831,2023-12-07T16:00:00,36,0,,0,13.9,3.8,201,1.055555556,21,,,,,
14210,42.867,-78.831,2023-12-07T17:00:00,37.6,0,,0,13.9,4.7,245,1.305555556,65,,,,,
14210,42.867,-78.831,2023-12-07T18:00:00,37.6,0,,0,11.4,0.9,321,0.25,39,,,,,
14210,42.867,-78.831,2023-12-07T19:00:00,35.8,0,,0,10.3,5.6,197,1.555555556,17,,,,,
14210,42.867,-78.831,2023-12-07T20:00:00,35.8,0,,0,10.3,0.1,3,0.027777778,3,,,,,
14210,42.867,-78.831,2023-12-07T21:00:00,35.7,0,,0,9.2,4.4,198,1.222222222,18,,,,,
14210,42.867,-78.831,2023-12-07T22:00:00,36.6,0,,0,8.1,4.4,174,1.222222222,6,,,,,
14210,42.867,-78.831,2023-12-07T23:00:00,36.6,0,,0,6.9,4,204,1.111111111,24,,,,,
14210,42.867,-78.831,2023-12-08T00:00:00,37.4,0,,0,5.8,4.4,141,1.222222222,39,,,,,
14210,42.867,-78.831,2023-12-08T01:00:00,37.5,0,,0,5.8,3.3,149,0.916666667,31,,,,,
14210,42.867,-78.831,2023-12-08T02:00:00,36.1,0,,0,6.9,4.6,138,1.277777778,42,,,,,
14210,42.867,-78.831,2023-12-08T03:00:00,36,0,,0,8.1,4.7,110,1.305555556,70,,,,,
14210,42.867,-78.831,2023-12-08T04:00:00,35.1,0,,0,8.1,6.8,109,1.888888889,71,,,,,
14210,42.867,-78.831,2023-12-08T05:00:00,35.1,0,,0,8.1,7.8,129,2.166666667,51,,,,,
14210,42.867,-78.831,2023-12-08T06:00:00,35.1,0,,0,8.1,9.1,128,2.527777778,52,,,,,
14210,42.867,-78.831,2023-12-08T07:00:00,35.2,0,,0,8.1,7.9,129,2.194444444,51,,,,,
14210,42.867,-78.831,2023-12-08T08:00:00,36,0,,0,6.9,7.9,119,2.194444444,61,,,,,
14210,42.867,-78.831,2023-12-08T09:00:00,37.2,0,,0,8.1,7.9,129,2.194444444,51,,,,,
14210,42.867,-78.831,2023-12-08T10:00:00,38.2,0,,0,10.3,6.8,139,1.888888889,41,,,,,
14210,42.867,-78.831,2023-12-08T11:00:00,42.4,0,,0,13.9,5.9,159,1.638888889,21,,,,,
14210,42.867,-78.831,2023-12-08T12:00:00,47.9,0,,0,15,10.1,189,2.805555556,9,,,,,
14210,42.867,-78.831,2023-12-08T13:00:00,51.1,0,,0,16.1,11.2,199,3.111111111,19,,,,,
14210,42.867,-78.831,2023-12-08T14:00:00,52,0,,0,16.1,11.2,181,3.111111111,1,,,,,
14210,42.867,-78.831,2023-12-08T15:00:00,51.1,0,,0,15,8,190,2.222222222,10,,,,,
14210,42.867,-78.831,2023-12-08T16:00:00,51.1,0,,0,12.8,5.8,199,1.611111111,19,,,,,
14210,42.867,-78.831,2023-12-08T17:00:00,51.2,0,,0,11.4,5.4,160,1.5,20,,,,,
14210,42.867,-78.831,2023-12-08T18:00:00,49.9,0,,0,11.4,7.7,139,2.138888889,41,,,,,
14210,42.867,-78.831,2023-12-08T19:00:00,49.6,0,,0,12.8,5.5,112,1.527777778,68,,,,,
14210,42.867,-78.831,2023-12-08T20:00:00,48.8,0,,0,15,6.5,136,1.805555556,44,,,,,
14210,42.867,-78.831,2023-12-08T21:00:00,48.9,0,,0,18.3,6.3,154,1.75,26,,,,,
14210,42.867,-78.831,2023-12-08T22:00:00,51.2,0,,0,18.3,6.1,178,1.694444444,2,,,,,
14210,42.867,-78.831,2023-12-08T23:00:00,53.7,0,,0,18.3,9.5,189,2.638888889,9,,,,,
14210,42.867,-78.831,2023-12-09T00:00:00,52.9,0,,0,17.2,8.7,188,2.416666667,8,,,,,
14210,42.867,-78.831,2023-12-09T01:00:00,53.8,0,,0,16.1,8.6,188,2.388888889,8,,,,,
14210,42.867,-78.831,2023-12-09T02:00:00,53.9,0,,0,15,7.8,188,2.166666667,8,,,,,
14210,42.867,-78.831,2023-12-09T03:00:00,53.9,0,,0,15,8.9,180,2.472222222,0,,,,,
14210,42.867,-78.831,2023-12-09T04:00:00,54.9,0,,0,15,7.8,180,2.166666667,0,,,,,
14210,42.867,-78.831,2023-12-09T05:00:00,53.3,0,,0,13.9,8.1,155,2.25,25,,,,,
14210,42.867,-78.831,2023-12-09T06:00:00,53.3,0,,0,13.9,8,155,2.222222222,25,,,,,
14210,42.867,-78.831,2023-12-09T07:00:00,52.6,0,,0,13.9,8.3,145,2.305555556,35,,,,,
14210,42.867,-78.831,2023-12-09T08:00:00,52.7,0,,0,16.1,9.6,147,2.666666667,33,,,,,
14210,42.867,-78.831,2023-12-09T09:00:00,53.5,0,,0,16.1,9.3,179,2.583333333,1,,,,,
14210,42.867,-78.831,2023-12-09T10:00:00,56.1,0,,0,16.1,13.6,179,3.777777778,1,,,,,
14210,42.867,-78.831,2023-12-09T11:00:00,58.9,0,,0,23.4,13.4,189,3.722222222,9,,,,,
14210,42.867,-78.831,2023-12-09T12:00:00,58,0,,0,27.9,16.5,198,4.583333333,18,,,,,
14210,42.867,-78.831,2023-12-09T13:00:00,60,0,,0,19.5,15.4,190,4.277777778,10,,,,,
14210,42.867,-78.831,2023-12-09T14:00:00,59.9,0,,0,23,10.3,199,2.861111111,19,,,,,
14210,42.867,-78.831,2023-12-09T15:00:00,59,0,,0,25.3,15.5,201,4.305555556,21,,,,,
14210,42.867,-78.831,2023-12-09T16:00:00,59,0,,0,19.5,13.9,192,3.861111111,12,,,,,
14210,42.867,-78.831,2023-12-09T17:00:00,57.7,0,,0,30.8,10.3,191,2.861111111,11,,,,,
14210,42.867,-78.831,2023-12-09T18:00:00,57.5,0,,0,20.8,13.5,192,3.75,12,,,,,
14210,42.867,-78.831,2023-12-09T19:00:00,56.9,0,,0,18.3,10.1,181,2.805555556,1,,,,,
14210,42.867,-78.831,2023-12-09T20:00:00,57.5,0,,0,20.8,10,188,2.777777778,8,,,,,
14210,42.867,-78.831,2023-12-09T21:00:00,56.7,0.039,rain,0,19.5,11,181,3.055555556,1,,,,,
14210,42.867,-78.831,2023-12-09T22:00:00,56.5,0.011,rain,0,24.2,11.2,183,3.111111111,3,,,,,
14210,42.867,-78.831,2023-12-09T23:00:00,54.9,0.115,rain,0,18.3,6,213,1.666666667,33,,,,,
14210,42.867,-78.831,2023-12-10T00:00:00,53.9,0.056,rain,0,20.8,9.4,138,2.611111111,42,,,,,
14210,42.867,-78.831,2023-12-10T01:00:00,55,0.016,rain,0,23,14,192,3.888888889,12,,,,,
14210,42.867,-78.831,2023-12-10T02:00:00,54,0.016,rain,0,23,14.4,177,4,3,,,,,
14210,42.867,-78.831,2023-12-10T03:00:00,51.4,0.017,rain,0,29,17.1,222,4.75,42,,,,,
14210,42.867,-78.831,2023-12-10T04:00:00,47.9,0.036,rain,0,28.1,14.8,231,4.111111111,51,,,,,
14210,42.867,-78.831,2023-12-10T05:00:00,47.3,0.087,rain,0,19.7,9.9,251,2.75,71,,,,,
14210,42.867,-78.831,2023-12-10T06:00:00,46.2,0.098,rain,0,24.1,16,232,4.444444444,52,,,,,
14210,42.867,-78.831,2023-12-10T07:00:00,44.9,0.083,rain,0,23,9.4,251,2.611111111,71,,,,,
14210,42.867,-78.831,2023-12-10T08:00:00,44.1,0.029,rain,0,17.2,7.4,232,2.055555556,52,,,,,
14210,42.867,-78.831,2023-12-10T09:00:00,43.3,0,,0,17.2,9.8,254,2.722222222,74,,,,,
14210,42.867,-78.831,2023-12-10T10:00:00,44.1,0,,0,19.7,11.2,240,3.111111111,60,,,,,
14210,42.867,-78.831,2023-12-10T11:00:00,44.1,0,,0,26.8,15.5,239,4.305555556,59,,,,,
14210,42.867,-78.831,2023-12-10T12:00:00,43.3,0,,0,27.1,15.2,242,4.222222222,62,,,,,
14210,42.867,-78.831,2023-12-10T13:00:00,42.4,0,,0,24.2,12.5,251,3.472222222,71,,,,,
14210,42.867,-78.831,2023-12-10T14:00:00,42.3,0,,0,20.8,13.2,270,3.666666667,90,,,,,
14210,42.867,-78.831,2023-12-10T15:00:00,41.3,0,,0,18.3,10.8,260,3,80,,,,,
14210,42.867,-78.831,2023-12-10T16:00:00,41.1,0,,0,21.9,9.9,273,2.75,87,,,,,
14210,42.867,-78.831,2023-12-10T17:00:00,40,0,,0,15,10,259,2.777777778,79,,,,,
14210,42.867,-78.831,2023-12-10T18:00:00,40,0,,0,13.9,9.2,275,2.555555556,85,,,,,
14210,42.867,-78.831,2023-12-10T19:00:00,39.2,0,,0,13.9,7.1,271,1.972222222,89,,,,,
14210,42.867,-78.831,2023-12-10T20:00:00,39.2,0,,0,13.9,6.9,268,1.916666667,88,,,,,
14210,42.867,-78.831,2023-12-10T21:00:00,39.2,0,,0,13.9,9.4,262,2.611111111,82,,,,,
14210,42.867,-78.831,2023-12-10T22:00:00,39,0,,0,13.9,10.5,287,2.916666667,73,,,,,
14210,42.867,-78.831,2023-12-10T23:00:00,39,0,,0,24.2,9.5,273,2.638888889,87,,,,,
14210,42.867,-78.831,2023-12-11T00:00:00,38.1,0,,0,20.8,9.1,303,2.527777778,57,,,,,
14210,42.867,-78.831,2023-12-11T01:00:00,37.4,0,,0,13.9,9.5,318,2.638888889,42,,,,,
14210,42.867,-78.831,2023-12-11T02:00:00,37.1,0,,0,21.9,9.4,308,2.611111111,52,,,,,
14210,42.867,-78.831,2023-12-11T03:00:00,35.9,0,,0,24.2,12.4,289,3.444444444,71,,,,,
14210,42.867,-78.831,2023-12-11T04:00:00,35.1,0,,0,15,10.8,278,3,82,,,,,
14210,42.867,-78.831,2023-12-11T05:00:00,34.3,0,,0,18.3,11.5,281,3.194444444,79,,,,,
14210,42.867,-78.831,2023-12-11T06:00:00,34.2,0,,0,30,12.6,270,3.5,90,,,,,
14210,42.867,-78.831,2023-12-11T07:00:00,33.5,0,,0,21.9,14,272,3.888888889,88,,,,,
14210,42.867,-78.831,2023-12-11T08:00:00,34.3,0,,0,25.6,15.1,281,4.194444444,79,,,,,
14210,42.867,-78.831,2023-12-11T09:00:00,34.3,0,,0,25.6,18.2,283,5.055555556,77,,,,,
14210,42.867,-78.831,2023-12-11T10:00:00,34.3,0,,0,23.6,13,282,3.611111111,78,,,,,
14210,42.867,-78.831,2023-12-11T11:00:00,34.4,0,,0,29.2,18.2,290,5.055555556,70,,,,,
14210,42.867,-78.831,2023-12-11T12:00:00,33.8,0,,0,29.8,16.9,292,4.694444444,68,,,,,
14210,42.867,-78.831,2023-12-11T13:00:00,35.3,0,,0,28.8,16.9,275,4.694444444,85,,,,,
14210,42.867,-78.831,2023-12-11T14:00:00,34.5,0,,0,29,16.3,271,4.527777778,89,,,,,
14210,42.867,-78.831,2023-12-11T15:00:00,35.2,0,,0,21.2,11.2,263,3.111111111,83,,,,,
14210,42.867,-78.831,2023-12-11T16:00:00,35.1,0,,0,25.3,11.9,270,3.305555556,90,,,,,
14210,42.867,-78.831,2023-12-11T17:00:00,33.3,0,,0,30.5,17.4,253,4.833333333,73,,,,,
14210,42.867,-78.831,2023-12-11T18:00:00,33.5,0,,0,26.5,17.9,261,4.972222222,81,,,,,
14210,42.867,-78.831,2023-12-11T19:00:00,33.5,0,,0,22.4,13,255,3.611111111,75,,,,,
14210,42.867,-78.831,2023-12-11T20:00:00,33.5,0,,0,28.6,12.7,268,3.527777778,88,,,,,
14210,42.867,-78.831,2023-12-11T21:00:00,33.4,0,,0,24.2,12.6,240,3.5,60,,,,,
14210,42.867,-78.831,2023-12-11T22:00:00,34.2,0,,0,23,13.3,258,3.694444444,78,,,,,
14210,42.867,-78.831,2023-12-11T23:00:00,34.2,0,,0,19.5,13,265,3.611111111,85,,,,,
14210,42.867,-78.831,2023-12-12T00:00:00,32.3,0,,0,24.2,11.7,270,3.25,90,,,,,
14210,42.867,-78.831,2023-12-12T01:00:00,32.2,0,,0,24.2,8.1,268,2.25,88,,,,,
14210,42.867,-78.831,2023-12-12T02:00:00,32.2,0,,0,25.3,7.6,224,2.111111111,44,,,,,
14210,42.867,-78.831,2023-12-12T03:00:00,35,0,,0,31.9,19.7,230,5.472222222,50,,,,,
14210,42.867,-78.831,2023-12-12T04:00:00,35.5,0,,0,30.6,20.3,221,5.638888889,41,,,,,
14210,42.867,-78.831,2023-12-12T05:00:00,34.7,0,,0,29.6,19.7,214,5.472222222,34,,,,,
14210,42.867,-78.831,2023-12-12T06:00:00,34.7,0,,0,33.2,17.4,220,4.833333333,40,,,,,
14210,42.867,-78.831,2023-12-12T07:00:00,34.6,0,"rain,snow",0.12,32,18.4,211,5.111111111,31,,,,,
14210,42.867,-78.831,2023-12-12T08:00:00,34,0,,0,31,21.3,203,5.916666667,23,,,,,
14210,42.867,-78.831,2023-12-12T09:00:00,34,0,,0,28.5,18.5,201,5.138888889,21,,,,,
14210,42.867,-78.831,2023-12-12T10:00:00,36.7,0,,0,30.5,20.8,211,5.777777778,31,,,,,
14210,42.867,-78.831,2023-12-12T11:00:00,41.3,0,,0,40.6,19.9,221,5.527777778,41,,,,,
14210,42.867,-78.831,2023-12-12T12:00:00,43,0,,0,40.6,24,221,6.666666667,41,,,,,
14210,42.867,-78.831,2023-12-12T13:00:00,42.5,0,,0,46.4,26,238,7.222222222,58,,,,,
14210,42.867,-78.831,2023-12-12T14:00:00,42.3,0,,0,44.6,29.5,249,8.194444444,69,,,,,
14210,42.867,-78.831,2023-12-12T15:00:00,41.3,0,,0,43.3,25.7,242,7.138888889,62,,,,,
14210,42.867,-78.831,2023-12-12T16:00:00,42.2,0,,0,44.3,25.4,240,7.055555556,60,,,,,
14210,42.867,-78.831,2023-12-12T17:00:00,40.1,0,,0,38.8,20.2,258,5.611111111,78,,,,,
14210,42.867,-78.831,2023-12-12T18:00:00,39.8,0,,0,33.8,22.2,258,6.166666667,78,,,,,
14210,42.867,-78.831,2023-12-12T19:00:00,38.2,0,,0,33.3,14,250,3.888888889,70,,,,,
14210,42.867,-78.831,2023-12-12T20:00:00,39,0,,0,29.2,18.4,262,5.111111111,82,,,,,
14210,42.867,-78.831,2023-12-12T21:00:00,36.9,0,,0,23.4,15.7,298,4.361111111,62,,,,,
14210,42.867,-78.831,2023-12-12T22:00:00,34.1,0,,0,26.4,11.6,289,3.222222222,71,,,,,
14210,42.867,-78.831,2023-12-12T23:00:00,34.1,0,,0,31.1,11.4,277,3.166666667,83,,,,,
14210,42.867,-78.831,2023-12-13T00:00:00,32,0,,0,24.2,10.3,260,2.861111111,80,,,,,
14210,42.867,-78.831,2023-12-13T01:00:00,32,0,,0,24.2,12.7,252,3.527777778,72,,,,,
14210,42.867,-78.831,2023-12-13T02:00:00,31.1,0,,0,35.6,12.8,252,3.555555556,72,,,,,
14210,42.867,-78.831,2023-12-13T03:00:00,31.1,0,,0,25,14.2,250,3.944444444,70,,,,,
14210,42.867,-78.831,2023-12-13T04:00:00,30.1,0,,0,23,11.5,246,3.194444444,66,,,,,
14210,42.867,-78.831,2023-12-13T05:00:00,29.9,0,,0,21.9,11.2,247,3.111111111,67,,,,,
14210,42.867,-78.831,2023-12-13T06:00:00,29.9,0,,0,23,12.5,248,3.472222222,68,,,,,
14210,42.867,-78.831,2023-12-13T07:00:00,29.9,0,,0,23,13.4,241,3.722222222,61,,,,,
14210,42.867,-78.831,2023-12-13T08:00:00,29.9,0,,0,20.8,11.7,250,3.25,70,,,,,
14210,42.867,-78.831,2023-12-13T09:00:00,32.1,0,,0,21.9,12.7,250,3.527777778,70,,,,,
14210,42.867,-78.831,2023-12-13T10:00:00,33.3,0,,0,25.3,13.1,251,3.638888889,71,,,,,
14210,42.867,-78.831,2023-12-13T11:00:00,34.3,0,,0,25.4,14.1,252,3.916666667,72,,,,,
14210,42.867,-78.831,2023-12-13T12:00:00,34.4,0,,0,27,18.8,254,5.222222222,74,,,,,
14210,42.867,-78.831,2023-12-13T13:00:00,35.2,0,,0,27.7,17.7,262,4.916666667,82,,,,,
14210,42.867,-78.831,2023-12-13T14:00:00,34.7,0,,0,29.3,16.1,273,4.472222222,87,,,,,
14210,42.867,-78.831,2023-12-13T15:00:00,34.4,0.01,"rain,snow",0,25.3,13.8,273,3.833333333,87,,,,,
14210,42.867,-78.831,2023-12-13T16:00:00,34.3,0,,0,20.1,8.2,272,2.277777778,88,,,,,
14210,42.867,-78.831,2023-12-13T17:00:00,34.2,0,,0,23.1,15.5,281,4.305555556,79,,,,,
14210,42.867,-78.831,2023-12-13T18:00:00,33.4,0,,0,31.1,11.9,263,3.305555556,83,,,,,
14210,42.867,-78.831,2023-12-13T19:00:00,33.3,0,,0,23,13.2,280,3.666666667,80,,,,,
14210,42.867,-78.831,2023-12-13T20:00:00,32.2,0,,0,30,10.7,281,2.972222222,79,,,,,
14210,42.867,-78.831,2023-12-13T21:00:00,30.4,0,,0,24.2,8.1,270,2.25,90,,,,,
14210,42.867,-78.831,2023-12-13T22:00:00,29.6,0,,0,12.8,7,268,1.944444444,88,,,,,
14210,42.867,-78.831,2023-12-13T23:00:00,28,0,,0,19.5,5.8,236,1.611111111,56,,,,,
14210,42.867,-78.831,2023-12-14T00:00:00,28.2,0,,0,9.2,4.9,239,1.361111111,59,,,,,
14210,42.867,-78.831,2023-12-14T01:00:00,28.1,0,,0,8.1,4.6,248,1.277777778,68,,,,,
14210,42.867,-78.831,2023-12-14T02:00:00,27.9,0,,0,6.9,3.3,217,0.916666667,37,,,,,
14210,42.867,-78.831,2023-12-14T03:00:00,27.9,0,,0,8.1,0.6,310,0.166666667,50,,,,,
14210,42.867,-78.831,2023-12-14T04:00:00,25.4,0,,0,9.2,4.6,175,1.277777778,5,,,,,
14210,42.867,-78.831,2023-12-14T05:00:00,25.4,0,,0,9.2,6,120,1.666666667,60,,,,,
14210,42.867,-78.831,2023-12-14T06:00:00,26.2,0,,0,11.4,7.5,183,2.083333333,3,,,,,
14210,42.867,-78.831,2023-12-14T07:00:00,26.6,0,,0,13.9,5.8,201,1.611111111,21,,,,,
14210,42.867,-78.831,2023-12-14T08:00:00,26.4,0,,0,15,3.4,165,0.944444444,15,,,,,
14210,42.867,-78.831,2023-12-14T09:00:00,29.3,0,,0,18.3,1,326,0.277777778,34,,,,,
14210,42.867,-78.831,2023-12-14T10:00:00,34.8,0,,0,20.8,6.8,200,1.888888889,20,,,,,
14210,42.867,-78.831,2023-12-14T11:00:00,41.1,0,,0,26.4,14.7,239,4.083333333,59,,,,,
14210,42.867,-78.831,2023-12-14T12:00:00,41.3,0,,0,32.5,19.8,240,5.5,60,,,,,
14210,42.867,-78.831,2023-12-14T13:00:00,41.5,0,,0,34,23.1,240,6.416666667,60,,,,,
14210,42.867,-78.831,2023-12-14T14:00:00,40.5,0,,0,33.7,24.2,238,6.722222222,58,,,,,
14210,42.867,-78.831,2023-12-14T15:00:00,41.3,0,,0,34.6,20.7,230,5.75,50,,,,,
14210,42.867,-78.831,2023-12-14T16:00:00,40.2,0,,0,33.4,17.6,230,4.888888889,50,,,,,
14210,42.867,-78.831,2023-12-14T17:00:00,41.1,0,,0,36.5,21.4,239,5.944444444,59,,,,,
14210,42.867,-78.831,2023-12-14T18:00:00,42.1,0,,0,36.8,20.6,231,5.722222222,51,,,,,
14210,42.867,-78.831,2023-12-14T19:00:00,42.1,0,,0,38.4,23.5,238,6.527777778,58,,,,,
14210,42.867,-78.831,2023-12-14T20:00:00,42.3,0,,0,33.3,20.8,231,5.777777778,51,,,,,
14210,42.867,-78.831,2023-12-14T21:00:00,42.3,0,,0,33.5,20.3,232,5.638888889,52,,,,,
14210,42.867,-78.831,2023-12-14T22:00:00,43.2,0,,0,33.9,19.4,232,5.388888889,52,,,,,
14210,42.867,-78.831,2023-12-14T23:00:00,43.2,0,,0,32.3,20.1,231,5.583333333,51,,,,,
14210,42.867,-78.831,2023-12-15T00:00:00,43.2,0,,0,33.3,18.2,240,5.055555556,60,,,,,
14210,42.867,-78.831,2023-12-15T01:00:00,43,0,,0,34.4,19.7,231,5.472222222,51,,,,,
14210,42.867,-78.831,2023-12-15T02:00:00,42.9,0,,0,29.4,13.4,240,3.722222222,60,,,,,
14210,42.867,-78.831,2023-12-15T03:00:00,42.9,0,,0,29.9,14.4,230,4,50,,,,,
14210,42.867,-78.831,2023-12-15T04:00:00,42.9,0,,0,31,19.1,230,5.305555556,50,,,,,
14210,42.867,-78.831,2023-12-15T05:00:00,42.9,0,,0,29.9,16.6,231,4.611111111,51,,,,,
14210,42.867,-78.831,2023-12-15T06:00:00,42.1,0,,0,33.1,19.4,231,5.388888889,51,,,,,
14210,42.867,-78.831,2023-12-15T07:00:00,42.1,0,,0,29.1,14.9,231,4.138888889,51,,,,,
14210,42.867,-78.831,2023-12-15T08:00:00,42,0,,0,30.5,16.9,230,4.694444444,50,,,,,
14210,42.867,-78.831,2023-12-15T09:00:00,43.1,0,,0,31.6,18.6,223,5.166666667,43,,,,,
14210,42.867,-78.831,2023-12-15T10:00:00,44.3,0,,0,31,16.6,230,4.611111111,50,,,,,
14210,42.867,-78.831,2023-12-15T11:00:00,45.4,0,,0,34.1,19.7,231,5.472222222,51,,,,,
14210,42.867,-78.831,2023-12-15T12:00:00,46.9,0,,0,34.6,18.4,230,5.111111111,50,,,,,
14210,42.867,-78.831,2023-12-15T13:00:00,46.9,0,,0,34.9,21.3,228,5.916666667,48,,,,,
14210,42.867,-78.831,2023-12-15T14:00:00,46.9,0,,0,35.5,19,239,5.277777778,59,,,,,
14210,42.867,-78.831,2023-12-15T15:00:00,45.7,0,,0,32.1,21.2,220,5.888888889,40,,,,,
14210,42.867,-78.831,2023-12-15T16:00:00,44.7,0,,0,32.6,17.4,238,4.833333333,58,,,,,
14210,42.867,-78.831,2023-12-15T17:00:00,43.4,0,,0,28.1,13.6,228,3.777777778,48,,,,,
14210,42.867,-78.831,2023-12-15T18:00:00,43.1,0,,0,21.9,14.3,228,3.972222222,48,,,,,
14210,42.867,-78.831,2023-12-15T19:00:00,42.9,0,,0,21.9,12.2,230,3.388888889,50,,,,,
14210,42.867,-78.831,2023-12-15T20:00:00,42.9,0,,0,21.9,10.8,230,3,50,,,,,
14210,42.867,-78.831,2023-12-15T21:00:00,42.1,0,,0,20.8,10,221,2.777777778,41,,,,,
14210,42.867,-78.831,2023-12-15T22:00:00,41.7,0,,0,16.1,7.8,222,2.166666667,42,,,,,
14210,42.867,-78.831,2023-12-15T23:00:00,41.8,0,,0,9.2,7.7,222,2.138888889,42,,,,,
14210,42.867,-78.831,2023-12-16T00:00:00,40.5,0,,0,6.9,6.3,215,1.75,35,,,,,
14210,42.867,-78.831,2023-12-16T01:00:00,37.9,0,,0,6.9,7.2,210,2,30,,,,,
14210,42.867,-78.831,2023-12-16T02:00:00,40,0,,0,6.9,4.9,252,1.361111111,72,,,,,
14210,42.867,-78.831,2023-12-16T03:00:00,40.4,0,,0,5.8,0.1,355,0.027777778,5,,,,,
14210,42.867,-78.831,2023-12-16T04:00:00,38.4,0,,0,5.8,0.1,355,0.027777778,5,,,,,
14210,42.867,-78.831,2023-12-16T05:00:00,38.6,0,,0,4.7,4,211,1.111111111,31,,,,,
14210,42.867,-78.831,2023-12-16T06:00:00,38.7,0,,0,4.7,4.9,204,1.361111111,24,,,,,
14210,42.867,-78.831,2023-12-16T07:00:00,37.9,0,,0,4.7,4.5,71,1.25,71,,,,,
14210,42.867,-78.831,2023-12-16T08:00:00,38.1,0,,0,6.9,5.6,70,1.555555556,70,,,,,
14210,42.867,-78.831,2023-12-16T09:00:00,39.3,0,,0,9.2,3.5,107,0.972222222,73,,,,,
14210,42.867,-78.831,2023-12-16T10:00:00,42.4,0,,0,10.3,7,99,1.944444444,81,,,,,
14210,42.867,-78.831,2023-12-16T11:00:00,45.1,0,,0,10.3,8.8,107,2.444444444,73,,,,,
14210,42.867,-78.831,2023-12-16T12:00:00,47,0,,0,11.4,5.2,146,1.444444444,34,,,,,
14210,42.867,-78.831,2023-12-16T13:00:00,47.9,0,,0,12.8,6.9,91,1.916666667,89,,,,,
14210,42.867,-78.831,2023-12-16T14:00:00,48.7,0,,0,11.4,7.3,78,2.027777778,78,,,,,
14210,42.867,-78.831,2023-12-16T15:00:00,48.6,0,,0,11.4,10.4,72,2.888888889,72,,,,,
14210,42.867,-78.831,2023-12-16T16:00:00,47.7,0,,0,11.4,10.1,72,2.805555556,72,,,,,
14210,42.867,-78.831,2023-12-16T17:00:00,45.8,0,,0,9.2,8.9,72,2.472222222,72,,,,,
14210,42.867,-78.831,2023-12-16T18:00:00,44.7,0,,0,8.1,7.1,81,1.972222222,81,,,,,
14210,42.867,-78.831,2023-12-16T19:00:00,44,0,,0,9.2,11.2,99,3.111111111,81,,,,,
14210,42.867,-78.831,2023-12-16T20:00:00,44.1,0,,0,10.3,10,110,2.777777778,70,,,,,
14210,42.867,-78.831,2023-12-16T21:00:00,43.5,0,,0,12.8,7,110,1.944444444,70,,,,,
14210,42.867,-78.831,2023-12-16T22:00:00,43.7,0,,0,17.2,6,160,1.666666667,20,,,,,
14210,42.867,-78.831,2023-12-16T23:00:00,46.2,0,,0,15,7.3,162,2.027777778,18,,,,,
14210,42.867,-78.831,2023-12-17T00:00:00,49.7,0,,0,21.9,14.4,170,4,10,,,,,
14210,42.867,-78.831,2023-12-17T01:00:00,49.8,0,,0,31.1,19.6,171,5.444444444,9,,,,,
14210,42.867,-78.831,2023-12-17T02:00:00,48.8,0,,0,20.7,11.2,161,3.111111111,19,,,,,
14210,42.867,-78.831,2023-12-17T03:00:00,48.2,0,,0,20.8,9.6,161,2.666666667,19,,,,,
14210,42.867,-78.831,2023-12-17T04:00:00,48.1,0,,0,20.8,8,144,2.222222222,36,,,,,
14210,42.867,-78.831,2023-12-17T05:00:00,47.9,0,,0,23.3,10.2,160,2.833333333,20,,,,,
14210,42.867,-78.831,2023-12-17T06:00:00,47.9,0,,0,25.3,13.2,171,3.666666667,9,,,,,
14210,42.867,-78.831,2023-12-17T07:00:00,48,0.001,rain,0,27.3,15.1,181,4.194444444,1,,,,,
14210,42.867,-78.831,2023-12-17T08:00:00,47.9,0.001,rain,0,26.3,15.4,172,4.277777778,8,,,,,
14210,42.867,-78.831,2023-12-17T09:00:00,47.3,0.001,rain,0,26.8,13.4,171,3.722222222,9,,,,,
14210,42.867,-78.831,2023-12-17T10:00:00,48.1,0,,0,20.8,11.2,154,3.111111111,26,,,,,
14210,42.867,-78.831,2023-12-17T11:00:00,48.1,0,,0,21,9.9,152,2.75,28,,,,,
14210,42.867,-78.831,2023-12-17T12:00:00,47.8,0.001,rain,0,22.2,9.2,143,2.555555556,37,,,,,
14210,42.867,-78.831,2023-12-17T13:00:00,46.9,0.017,rain,0,23,6.8,153,1.888888889,27,,,,,
14210,42.867,-78.831,2023-12-17T14:00:00,47.6,0.067,rain,0,20.8,6.4,156,1.777777778,24,,,,,
14210,42.867,-78.831,2023-12-17T15:00:00,46.9,0.11,rain,0,15,5,169,1.388888889,11,,,,,
14210,42.867,-78.831,2023-12-17T16:00:00,47,0.093,rain,0,12.8,3.8,170,1.055555556,10,,,,,
14210,42.867,-78.831,2023-12-17T17:00:00,47,0.054,rain,0,11.4,5.1,178,1.416666667,2,,,,,
14210,42.867,-78.831,2023-12-17T18:00:00,47.9,0.03,rain,0,11.4,6.9,202,1.916666667,22,,,,,
14210,42.867,-78.831,2023-12-17T19:00:00,47.2,0.053,rain,0,13.9,5,215,1.388888889,35,,,,,
14210,42.867,-78.831,2023-12-17T20:00:00,48,0.046,rain,0,12.8,7.8,218,2.166666667,38,,,,,
14210,42.867,-78.831,2023-12-17T21:00:00,47.1,0.01,rain,0,12.8,5.3,213,1.472222222,33,,,,,
14210,42.867,-78.831,2023-12-17T22:00:00,47.1,0.017,rain,0,11.4,10.1,229,2.805555556,49,,,,,
14210,42.867,-78.831,2023-12-17T23:00:00,47,0,,0,8.1,7.8,227,2.166666667,47,,,,,
14210,42.867,-78.831,2023-12-18T00:00:00,46.2,0,,0,8.1,8.4,236,2.333333333,56,,,,,
14210,42.867,-78.831,2023-12-18T01:00:00,45.2,0,,0,9.2,4.8,236,1.333333333,56,,,,,
14210,42.867,-78.831,2023-12-18T02:00:00,45.1,0,,0,13.9,8.5,247,2.361111111,67,,,,,
14210,42.867,-78.831,2023-12-18T03:00:00,44.3,0,,0,13.9,6.8,257,1.888888889,77,,,,,
14210,42.867,-78.831,2023-12-18T04:00:00,44.1,0,,0,13.9,7.6,268,2.111111111,88,,,,,
14210,42.867,-78.831,2023-12-18T05:00:00,43.3,0,,0,13.9,6.1,269,1.694444444,89,,,,,
14210,42.867,-78.831,2023-12-18T06:00:00,43.1,0,,0,13.9,5,268,1.388888889,88,,,,,
14210,42.867,-78.831,2023-12-18T07:00:00,42.4,0,,0,15,7.3,263,2.027777778,83,,,,,
14210,42.867,-78.831,2023-12-18T08:00:00,42.4,0,,0,17.2,11.1,260,3.083333333,80,,,,,
14210,42.867,-78.831,2023-12-18T09:00:00,41.3,0.001,rain,0,19.5,8.6,271,2.388888889,89,,,,,
14210,42.867,-78.831,2023-12-18T10:00:00,41.3,0.01,rain,0,21.9,12.6,261,3.5,81,,,,,
14210,42.867,-78.831,2023-12-18T11:00:00,41.3,0.016,rain,0,23,10.8,260,3,80,,,,,
14210,42.867,-78.831,2023-12-18T12:00:00,41.3,0,,0,24.2,13.4,260,3.722222222,80,,,,,
14210,42.867,-78.831,2023-12-18T13:00:00,41.2,0,,0,21.9,16,250,4.444444444,70,,,,,
14210,42.867,-78.831,2023-12-18T14:00:00,39.5,0.01,rain,0,23,15.5,250,4.305555556,70,,,,,
14210,42.867,-78.831,2023-12-18T15:00:00,38.6,0.027,rain,0,29.4,17,242,4.722222222,62,,,,,
14210,42.867,-78.831,2023-12-18T16:00:00,38.3,0.01,rain,0,28,15.4,240,4.277777778,60,,,,,
14210,42.867,-78.831,2023-12-18T17:00:00,38.1,0.001,rain,0,26.1,16.4,249,4.555555556,69,,,,,
14210,42.867,-78.831,2023-12-18T18:00:00,37.4,0.011,rain,0,24.4,12,251,3.333333333,71,,,,,
14210,42.867,-78.831,2023-12-18T19:00:00,36,0.004,rain,0,25.3,14.6,261,4.055555556,81,,,,,
14210,42.867,-78.831,2023-12-18T20:00:00,34.7,0.034,"rain,snow",0,25.7,13.3,265,3.694444444,85,,,,,
14210,42.867,-78.831,2023-12-18T21:00:00,36.1,0.011,rain,0,29.9,16.8,286,4.666666667,74,,,,,
14210,42.867,-78.831,2023-12-18T22:00:00,32.9,0.01,"rain,snow",0,30.5,15,310,4.166666667,50,,,,,
14210,42.867,-78.831,2023-12-18T23:00:00,31.2,0.031,"rain,snow",0,33,14.9,310,4.138888889,50,,,,,
14210,42.867,-78.831,2023-12-19T00:00:00,30.2,0.011,"rain,snow",0,29.6,14.9,302,4.138888889,58,,,,,
14210,42.867,-78.831,2023-12-19T01:00:00,29.5,0,"rain,snow",0.51,28.9,15.7,311,4.361111111,49,,,,,
14210,42.867,-78.831,2023-12-19T02:00:00,29.3,0,"rain,snow",0.08,29.3,16.1,311,4.472222222,49,,,,,
14210,42.867,-78.831,2023-12-19T03:00:00,28.3,0.001,snow,0.16,31.2,19.3,305,5.361111111,55,,,,,
14210,42.867,-78.831,2023-12-19T04:00:00,25.4,0.012,snow,0.12,30.1,16.5,304,4.583333333,56,,,,,
14210,42.867,-78.831,2023-12-19T05:00:00,25,0.011,snow,0,26.9,13.6,312,3.777777778,48,,,,,
14210,42.867,-78.831,2023-12-19T06:00:00,25.7,0,,0,24.4,16.1,313,4.472222222,47,,,,,
14210,42.867,-78.831,2023-12-19T07:00:00,25.5,0.013,snow,1.42,28.7,12.1,301,3.361111111,59,,,,,
14210,42.867,-78.831,2023-12-19T08:00:00,25.5,0.013,snow,0,28.4,13.6,275,3.777777778,85,,,,,
14210,42.867,-78.831,2023-12-19T09:00:00,24.7,0,,0,29.1,18,282,5,78,,,,,
14210,42.867,-78.831,2023-12-19T10:00:00,25.5,0,,0,29.8,13.2,274,3.666666667,86,,,,,
14210,42.867,-78.831,2023-12-19T11:00:00,25.6,0,,0,25.5,17.2,273,4.777777778,87,,,,,
14210,42.867,-78.831,2023-12-19T12:00:00,26.6,0,,0,25.5,16.6,274,4.611111111,86,,,,,
14210,42.867,-78.831,2023-12-19T13:00:00,27.4,0,snow,0.51,20.8,14.8,273,4.111111111,87,,,,,
14210,42.867,-78.831,2023-12-19T14:00:00,29.3,0,,0,24.2,13.8,264,3.833333333,84,,,,,
14210,42.867,-78.831,2023-12-19T15:00:00,29.4,0,,0,26.4,10.8,270,3,90,,,,,
14210,42.867,-78.831,2023-12-19T16:00:00,30.1,0,,0,19.5,10.5,261,2.916666667,81,,,,,
14210,42.867,-78.831,2023-12-19T17:00:00,28.4,0,,0,24.2,8.4,251,2.333333333,71,,,,,
14210,42.867,-78.831,2023-12-19T18:00:00,28.2,0,,0,24.2,6.4,268,1.777777778,88,,,,,
14210,42.867,-78.831,2023-12-19T19:00:00,28.4,0,,0,17.2,8.3,266,2.305555556,86,,,,,
14210,42.867,-78.831,2023-12-19T20:00:00,26.2,0,,0,18.3,7.1,259,1.972222222,79,,,,,
14210,42.867,-78.831,2023-12-19T21:00:00,25.8,0,,0,18.3,6,271,1.666666667,89,,,,,
14210,42.867,-78.831,2023-12-19T22:00:00,26,0,,0,19.5,3.3,285,0.916666667,75,,,,,
14210,42.867,-78.831,2023-12-19T23:00:00,28.3,0,,0,20.8,5.7,200,1.583333333,20,,,,,
14210,42.867,-78.831,2023-12-20T00:00:00,29.6,0,,0,19.5,13.5,209,3.75,29,,,,,
14210,42.867,-78.831,2023-12-20T01:00:00,30.4,0,,0,20.8,13,203,3.611111111,23,,,,,
14210,42.867,-78.831,2023-12-20T02:00:00,30,0,,0,19.5,13.7,203,3.805555556,23,,,,,
14210,42.867,-78.831,2023-12-20T03:00:00,30,0,,0,19.5,13.5,203,3.75,23,,,,,
14210,42.867,-78.831,2023-12-20T04:00:00,30.1,0,,0,20.8,15.4,203,4.277777778,23,,,,,
14210,42.867,-78.831,2023-12-20T05:00:00,30.2,0,,0,20.8,14.7,205,4.083333333,25,,,,,
14210,42.867,-78.831,2023-12-20T06:00:00,31,0,,0,25.3,15.7,213,4.361111111,33,,,,,
14210,42.867,-78.831,2023-12-20T07:00:00,31.1,0,,0,19.5,12.9,215,3.583333333,35,,,,,
14210,42.867,-78.831,2023-12-20T08:00:00,31.2,0,,0,20.8,12.4,214,3.444444444,34,,,,,
14210,42.867,-78.831,2023-12-20T09:00:00,31.9,0,,0,19.5,12.5,208,3.472222222,28,,,,,
14210,42.867,-78.831,2023-12-20T10:00:00,33,0,,0,19.5,10.2,208,2.833333333,28,,,,,
14210,42.867,-78.831,2023-12-20T11:00:00,34.1,0,,0,20.8,10,210,2.777777778,30,,,,,
14210,42.867,-78.831,2023-12-20T12:00:00,34.8,0,,0,20.8,9,203,2.5,23,,,,,
14210,42.867,-78.831,2023-12-20T13:00:00,36.5,0,,0,20.8,9.9,248,2.75,68,,,,,
14210,42.867,-78.831,2023-12-20T14:00:00,36.3,0,,0,19.5,11.7,241,3.25,61,,,,,
14210,42.867,-78.831,2023-12-20T15:00:00,37.3,0,,0,18.3,10.4,251,2.888888889,71,,,,,
14210,42.867,-78.831,2023-12-20T16:00:00,37.3,0,,0,16.1,5.4,244,1.5,64,,,,,
14210,42.867,-78.831,2023-12-20T17:00:00,37.3,0,,0,11.4,6.7,251,1.861111111,71,,,,,
14210,42.867,-78.831,2023-12-20T18:00:00,37.2,0,,0,9.2,5.4,297,1.5,63,,,,,
14210,42.867,-78.831,2023-12-20T19:00:00,36.2,0,,0,5.8,4,27,1.111111111,27,,,,,
14210,42.867,-78.831,2023-12-20T20:00:00,36.1,0,,0,3.4,2.8,47,0.777777778,47,,,,,
14210,42.867,-78.831,2023-12-20T21:00:00,35.2,0,,0,2.2,2.8,76,0.777777778,76,,,,,
14210,42.867,-78.831,2023-12-20T22:00:00,35.2,0,,0,2.2,5.4,96,1.5,84,,,,,
14210,42.867,-78.831,2023-12-20T23:00:00,35,0,,0,2.2,4.4,45,1.222222222,45,,,,,
14210,42.867,-78.831,2023-12-21T00:00:00,34.2,0,,0,3.4,5.4,60,1.5,60,,,,,
14210,42.867,-78.831,2023-12-21T01:00:00,34.2,0,,0,3.4,5.5,60,1.527777778,60,,,,,
14210,42.867,-78.831,2023-12-21T02:00:00,34.3,0,,0,9.2,4.5,63,1.25,63,,,,,
14210,42.867,-78.831,2023-12-21T03:00:00,33.6,0,,0,9.2,5.9,54,1.638888889,54,,,,,
14210,42.867,-78.831,2023-12-21T04:00:00,33.8,0,,0,10.3,5.7,45,1.583333333,45,,,,,
14210,42.867,-78.831,2023-12-21T05:00:00,34.4,0,,0,24.2,11.7,62,3.25,62,,,,,
14210,42.867,-78.831,2023-12-21T06:00:00,33.5,0,,0,26.4,15.6,70,4.333333333,70,,,,,
14210,42.867,-78.831,2023-12-21T07:00:00,33.5,0,,0,15,13.6,62,3.777777778,62,,,,,
14210,42.867,-78.831,2023-12-21T08:00:00,32.3,0,,0,25.2,12.3,70,3.416666667,70,,,,,
14210,42.867,-78.831,2023-12-21T09:00:00,32,0,,0,32.2,17.8,62,4.944444444,62,,,,,
14210,42.867,-78.831,2023-12-21T10:00:00,30.3,0,,0,16.1,15,63,4.166666667,63,,,,,
14210,42.867,-78.831,2023-12-21T11:00:00,31.2,0,,0,27.5,15.1,73,4.194444444,73,,,,,
14210,42.867,-78.831,2023-12-21T12:00:00,31.3,0,,0,24.2,13.2,53,3.666666667,53,,,,,
14210,42.867,-78.831,2023-12-21T13:00:00,31.1,0,,0,16.1,12.9,72,3.583333333,72,,,,,
14210,42.867,-78.831,2023-12-21T14:00:00,30.3,0,,0,15,13.7,87,3.805555556,87,,,,,
14210,42.867,-78.831,2023-12-21T15:00:00,31,0,,0,22,14,70,3.888888889,70,,,,,
14210,42.867,-78.831,2023-12-21T16:00:00,30.1,0,,0,15,12.6,61,3.5,61,,,,,
14210,42.867,-78.831,2023-12-21T17:00:00,27.2,0,,0,21.9,10.2,53,2.833333333,53,,,,,
14210,42.867,-78.831,2023-12-21T18:00:00,27.2,0,,0,19.5,10.5,63,2.916666667,63,,,,,
14210,42.867,-78.831,2023-12-21T19:00:00,26.2,0,,0,15,10.6,71,2.944444444,71,,,,,
14210,42.867,-78.831,2023-12-21T20:00:00,25.4,0,,0,23,11.3,72,3.138888889,72,,,,,
14210,42.867,-78.831,2023-12-21T21:00:00,25.5,0,,0,21.9,10.4,80,2.888888889,80,,,,,
14210,42.867,-78.831,2023-12-21T22:00:00,25.4,0,,0,10.3,10.2,81,2.833333333,81,,,,,
14210,42.867,-78.831,2023-12-21T23:00:00,25.3,0,,0,10.3,7.8,82,2.166666667,82,,,,,
14210,42.867,-78.831,2023-12-22T00:00:00,25.3,0,,0,9.2,9,80,2.5,80,,,,,
14210,42.867,-78.831,2023-12-22T01:00:00,24.5,0,,0,8.1,8.8,81,2.444444444,81,,,,,
14210,42.867,-78.831,2023-12-22T02:00:00,24.5,0,,0,11.4,9.3,83,2.583333333,83,,,,,
14210,42.867,-78.831,2023-12-22T03:00:00,24.7,0,,0,11.4,9.5,75,2.638888889,75,,,,,
14210,42.867,-78.831,2023-12-22T04:00:00,25.4,0,,0,10.3,9.2,74,2.555555556,74,,,,,
14210,42.867,-78.831,2023-12-22T05:00:00,24.6,0,,0,10.3,7.2,64,2,64,,,,,
14210,42.867,-78.831,2023-12-22T06:00:00,25.4,0,,0,9.2,7.9,55,2.194444444,55,,,,,
14210,42.867,-78.831,2023-12-22T07:00:00,25.4,0,,0,8.1,6.2,63,1.722222222,63,,,,,
14210,42.867,-78.831,2023-12-22T08:00:00,25.6,0,,0,5.8,7,63,1.944444444,63,,,,,
14210,42.867,-78.831,2023-12-22T09:00:00,26.4,0,,0,5.8,6,63,1.666666667,63,,,,,
14210,42.867,-78.831,2023-12-22T10:00:00,29.2,0,,0,5.8,4.9,53,1.361111111,53,,,,,
14210,42.867,-78.831,2023-12-22T11:00:00,31.9,0,,0,4.7,5.9,53,1.638888889,53,,,,,
14210,42.867,-78.831,2023-12-22T12:00:00,34,0,,0,4.7,4.7,67,1.305555556,67,,,,,
14210,42.867,-78.831,2023-12-22T13:00:00,35,0,,0,3.4,0.8,18,0.222222222,18,,,,,
14210,42.867,-78.831,2023-12-22T14:00:00,35.9,0,,0,4.7,3.7,31,1.027777778,31,,,,,
14210,42.867,-78.831,2023-12-22T15:00:00,37,0,,0,4.7,5,44,1.388888889,44,,,,,
14210,42.867,-78.831,2023-12-22T16:00:00,37,0,,0,4.7,3.7,53,1.027777778,53,,,,,
14210,42.867,-78.831,2023-12-22T17:00:00,35.9,0,,0,4.7,5.6,58,1.555555556,58,,,,,
14210,42.867,-78.831,2023-12-22T18:00:00,35,0,,0,4.7,4.8,44,1.333333333,44,,,,,
14210,42.867,-78.831,2023-12-22T19:00:00,35,0,,0,4.7,0.8,21,0.222222222,21,,,,,
14210,42.867,-78.831,2023-12-22T20:00:00,35,0,,0,3.4,4.6,63,1.277777778,63,,,,,
14210,42.867,-78.831,2023-12-22T21:00:00,35,0,,0,3.4,3.4,71,0.944444444,71,,,,,
14210,42.867,-78.831,2023-12-22T22:00:00,35.8,0,,0,2.2,0.6,28,0.166666667,28,,,,,
14210,42.867,-78.831,2023-12-22T23:00:00,35.8,0,,0,2.2,4.1,127,1.138888889,53,,,,,
14210,42.867,-78.831,2023-12-23T00:00:00,34.2,0,,0,2.2,4.9,98,1.361111111,82,,,,,
14210,42.867,-78.831,2023-12-23T01:00:00,35.8,0,,0,3.4,5.3,109,1.472222222,71,,,,,
14210,42.867,-78.831,2023-12-23T02:00:00,37.6,0,,0,6.9,4.9,109,1.361111111,71,,,,,
14210,42.867,-78.831,2023-12-23T03:00:00,37.1,0,,0,6.9,4.9,101,1.361111111,79,,,,,
14210,42.867,-78.831,2023-12-23T04:00:00,38.7,0,,0,6.9,5.8,110,1.611111111,70,,,,,
14210,42.867,-78.831,2023-12-23T05:00:00,38.7,0,,0,6.9,3.9,114,1.083333333,66,,,,,
14210,42.867,-78.831,2023-12-23T06:00:00,38.6,0,,0,6.9,4.9,127,1.361111111,53,,,,,
14210,42.867,-78.831,2023-12-23T07:00:00,38.6,0,,0,6.9,3,147,0.833333333,33,,,,,
14210,42.867,-78.831,2023-12-23T08:00:00,37.9,0.001,rain,0,5.8,5.8,155,1.611111111,25,,,,,
14210,42.867,-78.831,2023-12-23T09:00:00,38.7,0.002,rain,0,6.9,4.7,119,1.305555556,61,,,,,
14210,42.867,-78.831,2023-12-23T10:00:00,39,0.016,rain,0,8.1,7.6,121,2.111111111,59,,,,,
14210,42.867,-78.831,2023-12-23T11:00:00,39.2,0.031,rain,0,13.9,8.7,101,2.416666667,79,,,,,
14210,42.867,-78.831,2023-12-23T12:00:00,39.3,0.006,rain,0,13.9,6,102,1.666666667,78,,,,,
14210,42.867,-78.831,2023-12-23T13:00:00,41.1,0,,0,15,5.9,137,1.638888889,43,,,,,
14210,42.867,-78.831,2023-12-23T14:00:00,41.2,0,,0,15,6.8,121,1.888888889,59,,,,,
14210,42.867,-78.831,2023-12-23T15:00:00,41.3,0,,0,11.4,6.9,102,1.916666667,78,,,,,
14210,42.867,-78.831,2023-12-23T16:00:00,42.1,0,,0,11.4,7,107,1.944444444,73,,,,,
14210,42.867,-78.831,2023-12-23T17:00:00,41.1,0,,0,10.3,5.9,92,1.638888889,88,,,,,
14210,42.867,-78.831,2023-12-23T18:00:00,41.2,0,,0,10.3,0.9,19,0.25,19,,,,,
14210,42.867,-78.831,2023-12-23T19:00:00,41,0,,0,10.3,4.5,177,1.25,3,,,,,
14210,42.867,-78.831,2023-12-23T20:00:00,41.2,0,,0,5.8,7.4,199,2.055555556,19,,,,,
14210,42.867,-78.831,2023-12-23T21:00:00,40.2,0.011,rain,0,4.7,4.4,187,1.222222222,7,,,,,
14210,42.867,-78.831,2023-12-23T22:00:00,41.3,0.01,rain,0,3.4,6.2,198,1.722222222,18,,,,,
14210,42.867,-78.831,2023-12-23T23:00:00,40.4,0.01,rain,0,4.7,6.5,187,1.805555556,7,,,,,
14210,42.867,-78.831,2023-12-24T00:00:00,41.4,0.01,rain,0,5.8,6.7,197,1.861111111,17,,,,,
14210,42.867,-78.831,2023-12-24T01:00:00,41.4,0,,0,5.8,7.7,214,2.138888889,34,,,,,
14210,42.867,-78.831,2023-12-24T02:00:00,42.4,0.01,rain,0,12.8,7,248,1.944444444,68,,,,,
14210,42.867,-78.831,2023-12-24T03:00:00,42.2,0,,0,11.4,6.9,266,1.916666667,86,,,,,
14210,42.867,-78.831,2023-12-24T04:00:00,41.1,0,,0,10.3,5.9,259,1.638888889,79,,,,,
14210,42.867,-78.831,2023-12-24T05:00:00,40.9,0,,0,9.2,5.8,267,1.611111111,87,,,,,
14210,42.867,-78.831,2023-12-24T06:00:00,39.9,0,,0,8.1,3.6,275,1,85,,,,,
14210,42.867,-78.831,2023-12-24T07:00:00,39.9,0,,0,6.9,3.5,283,0.972222222,77,,,,,
14210,42.867,-78.831,2023-12-24T08:00:00,39.8,0,,0,4.7,3.3,300,0.916666667,60,,,,,
14210,42.867,-78.831,2023-12-24T09:00:00,39.2,0,,0,4.7,3.4,306,0.944444444,54,,,,,
14210,42.867,-78.831,2023-12-24T10:00:00,40,0,,0,5.8,0,358,0,2,,,,,
14210,42.867,-78.831,2023-12-24T11:00:00,40,0,,0,5.8,0,0,0,0,,,,,
14210,42.867,-78.831,2023-12-24T12:00:00,41.2,0,,0,6.9,0,360,0,0,,,,,
14210,42.867,-78.831,2023-12-24T13:00:00,42.2,0,,0,8.1,0,356,0,4,,,,,
14210,42.867,-78.831,2023-12-24T14:00:00,42.4,0,,0,5.8,0.1,5,0.027777778,5,,,,,
14210,42.867,-78.831,2023-12-24T15:00:00,42.4,0,,0,4.7,3,29,0.833333333,29,,,,,
14210,42.867,-78.831,2023-12-24T16:00:00,41.4,0,,0,4.7,4.7,52,1.305555556,52,,,,,
14210,42.867,-78.831,2023-12-24T17:00:00,41.3,0,,0,4.7,5.4,63,1.5,63,,,,,
14210,42.867,-78.831,2023-12-24T18:00:00,41.1,0,,0,4.7,4.7,59,1.305555556,59,,,,,
14210,42.867,-78.831,2023-12-24T19:00:00,40.2,0,,0,5.8,4.1,47,1.138888889,47,,,,,
14210,42.867,-78.831,2023-12-24T20:00:00,40.2,0,,0,5.8,6,54,1.666666667,54,,,,,
14210,42.867,-78.831,2023-12-24T21:00:00,40.2,0,,0,5.8,6.9,55,1.916666667,55,,,,,
14210,42.867,-78.831,2023-12-24T22:00:00,40.2,0,,0,5.8,8.6,65,2.388888889,65,,,,,
14210,42.867,-78.831,2023-12-24T23:00:00,40.2,0,,0,5.8,4.5,81,1.25,81,,,,,
14210,42.867,-78.831,2023-12-25T00:00:00,40.2,0,,0,5.8,6.8,65,1.888888889,65,,,,,
14210,42.867,-78.831,2023-12-25T01:00:00,41.1,0,,0,5.8,4.3,79,1.194444444,79,,,,,
14210,42.867,-78.831,2023-12-25T02:00:00,41.2,0,,0,5.8,6.7,62,1.861111111,62,,,,,
14210,42.867,-78.831,2023-12-25T03:00:00,41.3,0,,0,5.8,5.6,72,1.555555556,72,,,,,
14210,42.867,-78.831,2023-12-25T04:00:00,41.8,0,,0,6.9,4.7,64,1.305555556,64,,,,,
14210,42.867,-78.831,2023-12-25T05:00:00,41.3,0,,0,5.8,4.9,63,1.361111111,63,,,,,
14210,42.867,-78.831,2023-12-25T06:00:00,42.9,0,,0,6.9,6.1,97,1.694444444,83,,,,,
14210,42.867,-78.831,2023-12-25T07:00:00,42.1,0,,0,5.8,6.8,98,1.888888889,82,,,,,
14210,42.867,-78.831,2023-12-25T08:00:00,42.9,0,,0,5.8,8.1,103,2.25,77,,,,,
14210,42.867,-78.831,2023-12-25T09:00:00,44,0,,0,3.4,6.3,112,1.75,68,,,,,
14210,42.867,-78.831,2023-12-25T10:00:00,47,0,,0,5.8,8.3,128,2.305555556,52,,,,,
14210,42.867,-78.831,2023-12-25T11:00:00,50,0,,0,6.9,4.1,117,1.138888889,63,,,,,
14210,42.867,-78.831,2023-12-25T12:00:00,53.6,0,,0,6.9,3.1,37,0.861111111,37,,,,,
14210,42.867,-78.831,2023-12-25T13:00:00,55.6,0,,0,5.8,0.3,4,0.083333333,4,,,,,
14210,42.867,-78.831,2023-12-25T14:00:00,55.6,0,,0,6.9,4.9,90,1.361111111,90,,,,,
14210,42.867,-78.831,2023-12-25T15:00:00,56.3,0,,0,6.9,0.6,1,0.166666667,1,,,,,
14210,42.867,-78.831,2023-12-25T16:00:00,54.9,0,,0,6.9,4.8,5,1.333333333,5,,,,,
14210,42.867,-78.831,2023-12-25T17:00:00,50.1,0,,0,8.1,5.5,39,1.527777778,39,,,,,
14210,42.867,-78.831,2023-12-25T18:00:00,49.5,0,,0,9.2,5.3,94,1.472222222,86,,,,,
14210,42.867,-78.831,2023-12-25T19:00:00,48.2,0,,0,10.3,7.6,126,2.111111111,54,,,,,
14210,42.867,-78.831,2023-12-25T20:00:00,46.2,0,,0,9.2,7.6,120,2.111111111,60,,,,,
14210,42.867,-78.831,2023-12-25T21:00:00,45.4,0,,0,9.2,4.9,119,1.361111111,61,,,,,
14210,42.867,-78.831,2023-12-25T22:00:00,43.8,0,,0,9.2,4.9,129,1.361111111,51,,,,,
14210,42.867,-78.831,2023-12-25T23:00:00,43.2,0,,0,9.2,2.8,138,0.777777778,42,,,,,
14210,42.867,-78.831,2023-12-26T00:00:00,43.3,0,,0,10.3,0.1,351,0.027777778,9,,,,,
14210,42.867,-78.831,2023-12-26T01:00:00,43.4,0,,0,10.3,3.2,139,0.888888889,41,,,,,
14210,42.867,-78.831,2023-12-26T02:00:00,42.8,0,,0,8.1,4.6,131,1.277777778,49,,,,,
14210,42.867,-78.831,2023-12-26T03:00:00,42.8,0,,0,9.2,4.6,123,1.277777778,57,,,,,
14210,42.867,-78.831,2023-12-26T04:00:00,43.5,0,,0,11.4,0.8,28,0.222222222,28,,,,,
14210,42.867,-78.831,2023-12-26T05:00:00,43.4,0,,0,12.8,2.8,111,0.777777778,69,,,,,
14210,42.867,-78.831,2023-12-26T06:00:00,44.1,0,,0,15,6.4,115,1.777777778,65,,,,,
14210,42.867,-78.831,2023-12-26T07:00:00,44.1,0,,0,16.1,6.2,125,1.722222222,55,,,,,
14210,42.867,-78.831,2023-12-26T08:00:00,45.4,0,,0,16.1,6.4,125,1.777777778,55,,,,,
14210,42.867,-78.831,2023-12-26T09:00:00,46,0,,0,16.1,6.5,122,1.805555556,58,,,,,
14210,42.867,-78.831,2023-12-26T10:00:00,48.6,0.001,rain,0,16.1,7.3,161,2.027777778,19,,,,,
14210,42.867,-78.831,2023-12-26T11:00:00,48.1,0.01,rain,0,13.9,7.7,163,2.138888889,17,,,,,
14210,42.867,-78.831,2023-12-26T12:00:00,48.2,0.045,rain,0,15,5.8,113,1.611111111,67,,,,,
14210,42.867,-78.831,2023-12-26T13:00:00,49.1,0.005,rain,0,16.1,4.7,112,1.305555556,68,,,,,
14210,42.867,-78.831,2023-12-26T14:00:00,50.1,0,,0,16.1,5.1,146,1.416666667,34,,,,,
14210,42.867,-78.831,2023-12-26T15:00:00,50.1,0,,0,15,5.6,164,1.555555556,16,,,,,
14210,42.867,-78.831,2023-12-26T16:00:00,50.3,0,,0,13.9,6.6,151,1.833333333,29,,,,,
14210,42.867,-78.831,2023-12-26T17:00:00,49.9,0,,0,13.9,5.4,150,1.5,30,,,,,
14210,42.867,-78.831,2023-12-26T18:00:00,49,0,,0,12.8,6.5,161,1.805555556,19,,,,,
14210,42.867,-78.831,2023-12-26T19:00:00,49,0,,0,12.8,4.9,116,1.361111111,64,,,,,
14210,42.867,-78.831,2023-12-26T20:00:00,49,0,,0,9.2,4.9,141,1.361111111,39,,,,,
14210,42.867,-78.831,2023-12-26T21:00:00,49,0,,0,8.1,3.3,168,0.916666667,12,,,,,
14210,42.867,-78.831,2023-12-26T22:00:00,49,0,,0,8.1,5.8,104,1.611111111,76,,,,,
14210,42.867,-78.831,2023-12-26T23:00:00,48.8,0,,0,8.1,5.4,96,1.5,84,,,,,
14210,42.867,-78.831,2023-12-27T00:00:00,48.8,0,,0,8.1,4.9,114,1.361111111,66,,,,,
14210,42.867,-78.831,2023-12-27T01:00:00,48.8,0.01,rain,0,6.9,5,112,1.388888889,68,,,,,
14210,42.867,-78.831,2023-12-27T02:00:00,48,0.049,rain,0,8.1,0.8,20,0.222222222,20,,,,,
14210,42.867,-78.831,2023-12-27T03:00:00,48.2,0.029,rain,0,8.1,7.5,112,2.083333333,68,,,,,
14210,42.867,-78.831,2023-12-27T04:00:00,48.1,0,,0,9.2,5.4,128,1.5,52,,,,,
14210,42.867,-78.831,2023-12-27T05:00:00,48.1,0.001,rain,0,8.1,6.3,125,1.75,55,,,,,
14210,42.867,-78.831,2023-12-27T06:00:00,49,0,,0,9.2,7.3,141,2.027777778,39,,,,,
14210,42.867,-78.831,2023-12-27T07:00:00,49,0.016,rain,0,10.3,8.5,152,2.361111111,28,,,,,
14210,42.867,-78.831,2023-12-27T08:00:00,48.2,0.045,rain,0,9.2,5.8,119,1.611111111,61,,,,,
14210,42.867,-78.831,2023-12-27T09:00:00,48.1,0.096,rain,0,10.3,3.7,98,1.027777778,82,,,,,
14210,42.867,-78.831,2023-12-27T10:00:00,49,0.033,rain,0,11.4,3.6,113,1,67,,,,,
14210,42.867,-78.831,2023-12-27T11:00:00,49.2,0.048,rain,0,11.4,4.8,107,1.333333333,73,,,,,
14210,42.867,-78.831,2023-12-27T12:00:00,50.1,0.031,rain,0,12.8,4.9,108,1.361111111,72,,,,,
14210,42.867,-78.831,2023-12-27T13:00:00,50.3,0.025,rain,0,12.8,0.7,12,0.194444444,12,,,,,
14210,42.867,-78.831,2023-12-27T14:00:00,50.3,0.055,rain,0,11.4,0.5,16,0.138888889,16,,,,,
14210,42.867,-78.831,2023-12-27T15:00:00,50.2,0.129,rain,0,11.4,0.1,10,0.027777778,10,,,,,
14210,42.867,-78.831,2023-12-27T16:00:00,50.1,0.139,rain,0,10.3,3.5,57,0.972222222,57,,,,,
14210,42.867,-78.831,2023-12-27T17:00:00,50.1,0.101,rain,0,10.3,8.2,78,2.277777778,78,,,,,
14210,42.867,-78.831,2023-12-27T18:00:00,49,0.021,rain,0,9.2,4.6,68,1.277777778,68,,,,,
14210,42.867,-78.831,2023-12-27T19:00:00,49.1,0,,0,9.2,2.8,130,0.777777778,50,,,,,
14210,42.867,-78.831,2023-12-27T20:00:00,49,0,,0,4.7,0.1,356,0.027777778,4,,,,,
14210,42.867,-78.831,2023-12-27T21:00:00,48.1,0.001,rain,0,5.8,0.5,317,0.138888889,43,,,,,
14210,42.867,-78.831,2023-12-27T22:00:00,48.3,0,,0,4.7,6.6,222,1.833333333,42,,,,,
14210,42.867,-78.831,2023-12-27T23:00:00,48,0,,0,4.7,4.6,196,1.277777778,16,,,,,
14210,42.867,-78.831,2023-12-28T00:00:00,47.9,0,,0,4.7,3.3,176,0.916666667,4,,,,,
14210,42.867,-78.831,2023-12-28T01:00:00,47.3,0,,0,4.7,2.8,267,0.777777778,87,,,,,
14210,42.867,-78.831,2023-12-28T02:00:00,46.4,0,,0,2.2,0.1,357,0.027777778,3,,,,,
14210,42.867,-78.831,2023-12-28T03:00:00,46.3,0,,0,1.1,0,1,0,1,,,,,
14210,42.867,-78.831,2023-12-28T04:00:00,46.1,0,,0,1.1,0.1,1,0.027777778,1,,,,,
14210,42.867,-78.831,2023-12-28T05:00:00,46,0,,0,1.1,0,359,0,1,,,,,
14210,42.867,-78.831,2023-12-28T06:00:00,46,0,,0,1.1,2.9,71,0.805555556,71,,,,,
14210,42.867,-78.831,2023-12-28T07:00:00,45.2,0,,0,1.1,0.1,358,0.027777778,2,,,,,
14210,42.867,-78.831,2023-12-28T08:00:00,46.1,0,,0,1.1,0.1,358,0.027777778,2,,,,,
14210,42.867,-78.831,2023-12-28T09:00:00,46,0,,0,2.2,0.1,7,0.027777778,7,,,,,
14210,42.867,-78.831,2023-12-28T10:00:00,47.1,0,,0,2.2,0.8,4,0.222222222,4,,,,,
14210,42.867,-78.831,2023-12-28T11:00:00,48.5,0,,0,2.2,3.9,37,1.083333333,37,,,,,
14210,42.867,-78.831,2023-12-28T12:00:00,47.6,0,,0,5.8,6.9,36,1.916666667,36,,,,,
14210,42.867,-78.831,2023-12-28T13:00:00,47.9,0.01,rain,0,5.8,5.7,43,1.583333333,43,,,,,
14210,42.867,-78.831,2023-12-28T14:00:00,47.9,0.001,rain,0,6.9,5.8,32,1.611111111,32,,,,,
14210,42.867,-78.831,2023-12-28T15:00:00,47.9,0.01,rain,0,6.9,8,49,2.222222222,49,,,,,
14210,42.867,-78.831,2023-12-28T16:00:00,47,0,,0,5.8,5.9,33,1.638888889,33,,,,,
14210,42.867,-78.831,2023-12-28T17:00:00,46.1,0,,0,5.8,5.8,28,1.611111111,28,,,,,
14210,42.867,-78.831,2023-12-28T18:00:00,46,0,,0,4.7,0.3,357,0.083333333,3,,,,,
14210,42.867,-78.831,2023-12-28T19:00:00,45.9,0.01,rain,0,2.2,0.1,356,0.027777778,4,,,,,
14210,42.867,-78.831,2023-12-28T20:00:00,44.2,0.016,rain,0,6.9,11.6,261,3.222222222,81,,,,,
14210,42.867,-78.831,2023-12-28T21:00:00,44.1,0,,0,9.2,7.6,253,2.111111111,73,,,,,
14210,42.867,-78.831,2023-12-28T22:00:00,43.4,0.01,rain,0,10.3,8.4,230,2.333333333,50,,,,,
14210,42.867,-78.831,2023-12-28T23:00:00,43.4,0,,0,11.4,11.9,240,3.305555556,60,,,,,
14210,42.867,-78.831,2023-12-29T00:00:00,43.3,0.01,rain,0,17.2,10,236,2.777777778,56,,,,,
14210,42.867,-78.831,2023-12-29T01:00:00,42.4,0,,0,17.2,9.6,245,2.666666667,65,,,,,
14210,42.867,-78.831,2023-12-29T02:00:00,42.5,0,,0,10.3,10.9,241,3.027777778,61,,,,,
14210,42.867,-78.831,2023-12-29T03:00:00,42.5,0,,0,20.8,10.3,251,2.861111111,71,,,,,
14210,42.867,-78.831,2023-12-29T04:00:00,42.4,0,,0,16.1,9.3,241,2.583333333,61,,,,,
14210,42.867,-78.831,2023-12-29T05:00:00,41.4,0,,0,17.2,10.2,232,2.833333333,52,,,,,
14210,42.867,-78.831,2023-12-29T06:00:00,41.4,0,,0,17.2,10,230,2.777777778,50,,,,,
14210,42.867,-78.831,2023-12-29T07:00:00,41.3,0,,0,17.2,12,238,3.333333333,58,,,,,
14210,42.867,-78.831,2023-12-29T08:00:00,40.2,0,,0,21.9,13.5,240,3.75,60,,,,,
14210,42.867,-78.831,2023-12-29T09:00:00,40.2,0,,0,19.5,11.5,251,3.194444444,71,,,,,
14210,42.867,-78.831,2023-12-29T10:00:00,41.4,0,,0,20.8,9.4,242,2.611111111,62,,,,,
14210,42.867,-78.831,2023-12-29T11:00:00,42.5,0,,0,20.8,13.7,240,3.805555556,60,,,,,
14210,42.867,-78.831,2023-12-29T12:00:00,40.5,0,,0,27.7,14.6,239,4.055555556,59,,,,,
14210,42.867,-78.831,2023-12-29T13:00:00,40.5,0,,0,27.4,15.4,232,4.277777778,52,,,,,
14210,42.867,-78.831,2023-12-29T14:00:00,39.6,0,,0,29,18.8,238,5.222222222,58,,,,,
14210,42.867,-78.831,2023-12-29T15:00:00,39.6,0,,0,32.9,21,228,5.833333333,48,,,,,
14210,42.867,-78.831,2023-12-29T16:00:00,40.2,0,,0,27.3,15,237,4.166666667,57,,,,,
14210,42.867,-78.831,2023-12-29T17:00:00,39.3,0,,0,28.7,18.8,239,5.222222222,59,,,,,
14210,42.867,-78.831,2023-12-29T18:00:00,39.2,0,,0,28.4,15.4,231,4.277777778,51,,,,,
14210,42.867,-78.831,2023-12-29T19:00:00,39.2,0,,0,27.9,14.8,240,4.111111111,60,,,,,
14210,42.867,-78.831,2023-12-29T20:00:00,39.2,0,,0,24.2,14.6,240,4.055555556,60,,,,,
14210,42.867,-78.831,2023-12-29T21:00:00,39.1,0,,0,24.2,14.2,233,3.944444444,53,,,,,
14210,42.867,-78.831,2023-12-29T22:00:00,39,0,,0,23,11,249,3.055555556,69,,,,,
14210,42.867,-78.831,2023-12-29T23:00:00,38.2,0,,0,20.8,12.1,248,3.361111111,68,,,,,
14210,42.867,-78.831,2023-12-30T00:00:00,38.2,0.01,rain,0,19.5,9.1,252,2.527777778,72,,,,,
14210,42.867,-78.831,2023-12-30T01:00:00,39,0.01,rain,0,18.3,8.8,222,2.444444444,42,,,,,
14210,42.867,-78.831,2023-12-30T02:00:00,37.4,0.026,rain,0,19.5,4.3,262,1.194444444,82,,,,,
14210,42.867,-78.831,2023-12-30T03:00:00,38,0,,0,21.9,8.4,323,2.333333333,37,,,,,
14210,42.867,-78.831,2023-12-30T04:00:00,37,0.01,rain,0,11.4,10.6,333,2.944444444,27,,,,,
14210,42.867,-78.831,2023-12-30T05:00:00,36,0,,0,20.8,10.5,323,2.916666667,37,,,,,
14210,42.867,-78.831,2023-12-30T06:00:00,35.1,0.016,"rain,snow",0,10.3,9.5,314,2.638888889,46,,,,,
14210,42.867,-78.831,2023-12-30T07:00:00,34.2,0,,0,10.3,10.3,321,2.861111111,39,,,,,
14210,42.867,-78.831,2023-12-30T08:00:00,34.1,0,,0,18.3,12.1,330,3.361111111,30,,,,,
14210,42.867,-78.831,2023-12-30T09:00:00,33.3,0,,0,11.4,12.1,329,3.361111111,31,,,,,
14210,42.867,-78.831,2023-12-30T10:00:00,33.3,0,,0,11.4,9.1,309,2.527777778,51,,,,,
14210,42.867,-78.831,2023-12-30T11:00:00,33.3,0,,0,12.8,8.2,285,2.277777778,75,,,,,
14210,42.867,-78.831,2023-12-30T12:00:00,33.3,0,,0,13.9,9.1,283,2.527777778,77,,,,,
14210,42.867,-78.831,2023-12-30T13:00:00,32.3,0,,0,15,11.1,298,3.083333333,62,,,,,
14210,42.867,-78.831,2023-12-30T14:00:00,33.3,0,,0,15,11.1,280,3.083333333,80,,,,,
14210,42.867,-78.831,2023-12-30T15:00:00,32.4,0,,0,15,10.3,281,2.861111111,79,,,,,
14210,42.867,-78.831,2023-12-30T16:00:00,32.4,0,,0,13.9,8.9,263,2.472222222,83,,,,,
14210,42.867,-78.831,2023-12-30T17:00:00,33.3,0,,0,20.8,8.1,264,2.25,84,,,,,
14210,42.867,-78.831,2023-12-30T18:00:00,33.3,0,,0,19.5,8.9,281,2.472222222,79,,,,,
14210,42.867,-78.831,2023-12-30T19:00:00,33.3,0,,0,12.8,9.2,289,2.555555556,71,,,,,
14210,42.867,-78.831,2023-12-30T20:00:00,33.3,0,,0,15,6.9,284,1.916666667,76,,,,,
14210,42.867,-78.831,2023-12-30T21:00:00,33.3,0,,0,19.5,7.1,299,1.972222222,61,,,,,
14210,42.867,-78.831,2023-12-30T22:00:00,33.3,0,,0,11.4,6.2,328,1.722222222,32,,,,,
14210,42.867,-78.831,2023-12-30T23:00:00,32.2,0,,0,10.3,6.3,307,1.75,53,,,,,
14210,42.867,-78.831,2023-12-31T00:00:00,32.2,0,,0,10.3,4.8,295,1.333333333,65,,,,,
14210,42.867,-78.831,2023-12-31T01:00:00,32.3,0,,0,9.2,3.9,341,1.083333333,19,,,,,
14210,42.867,-78.831,2023-12-31T02:00:00,32.3,0,,0,9.2,0.1,8,0.027777778,8,,,,,
14210,42.867,-78.831,2023-12-31T03:00:00,32.3,0,,0,8.1,0.6,17,0.166666667,17,,,,,
14210,42.867,-78.831,2023-12-31T04:00:00,32.3,0,,0,6.9,0.6,42,0.166666667,42,,,,,
14210,42.867,-78.831,2023-12-31T05:00:00,32.2,0,,0,5.8,0.2,10,0.055555556,10,,,,,
14210,42.867,-78.831,2023-12-31T06:00:00,32.2,0,,0,5.8,0.6,37,0.166666667,37,,,,,
14210,42.867,-78.831,2023-12-31T07:00:00,32.3,0,,0,5.8,4.5,105,1.25,75,,,,,
14210,42.867,-78.831,2023-12-31T08:00:00,32.3,0,,0,4.7,4.4,118,1.222222222,62,,,,,
14210,42.867,-78.831,2023-12-31T09:00:00,33.3,0,,0,5.8,0.5,23,0.138888889,23,,,,,
14210,42.867,-78.831,2023-12-31T10:00:00,34.1,0,,0,5.8,0.8,25,0.222222222,25,,,,,
14210,42.867,-78.831,2023-12-31T11:00:00,34.2,0,,0,6.9,3.5,74,0.972222222,74,,,,,
14210,42.867,-78.831,2023-12-31T12:00:00,35.1,0,,0,6.9,0.6,26,0.166666667,26,,,,,
14210,42.867,-78.831,2023-12-31T13:00:00,35.1,0,"rain,snow",0.12,8.1,0.9,28,0.25,28,,,,,
14210,42.867,-78.831,2023-12-31T14:00:00,34.3,0.01,"rain,snow",0,4.7,5.2,70,1.444444444,70,,,,,
14210,42.867,-78.831,2023-12-31T15:00:00,34.3,0,,0,5.8,5.8,55,1.611111111,55,,,,,
14210,42.867,-78.831,2023-12-31T16:00:00,34.2,0,,0,2.2,5.9,41,1.638888889,41,,,,,
14210,42.867,-78.831,2023-12-31T17:00:00,34.2,0,,0,4.7,5.8,63,1.611111111,63,,,,,
14210,42.867,-78.831,2023-12-31T18:00:00,34.2,0.001,"rain,snow",0,4.7,5,47,1.388888889,47,,,,,
14210,42.867,-78.831,2023-12-31T19:00:00,33.3,0.009,"rain,snow",0,5.8,5,63,1.388888889,63,,,,,
14210,42.867,-78.831,2023-12-31T20:00:00,33.3,0.009,"rain,snow",0,5.8,5.1,71,1.416666667,71,,,,,
14210,42.867,-78.831,2023-12-31T21:00:00,33.3,0,,0,4.7,6.9,63,1.916666667,63,,,,,
14210,42.867,-78.831,2023-12-31T22:00:00,33.3,0.008,"rain,snow",0,4.7,7.1,54,1.972222222,54,,,,,
14210,42.867,-78.831,2023-12-31T23:00:00,33.3,0,,0,19.5,8.3,52,2.305555556,52,,,,,
